{"ProjectBreakpoints":"{\"CodeBreakpoints\":{},\"Value\":{\"Sequence.xaml\":[{\"ConditionalExpression\":null,\"ActionExpression\":null,\"ExpectedHitCounter\":null,\"ShouldContinueAfterAction\":false,\"IsTransient\":false,\"BreakpointType\":1,\"LocationIdentifier\":\"Write Line\",\"IsEnabled\":true,\"Id\":\"83a0baa3-3ce9-412e-b222-26a503bf22ee\",\"ActivityIdRef\":\"WriteLine_3\",\"ActivityId\":\"1.4\",\"ActivityName\":\"Write Line\"}]}}","OpenedDocuments":"[{\"DocumentPath\":\"Main.xaml\",\"FactoryId\":\"{ACB8E7BA-F093-44C1-9B50-33ECA51AAE16}\"},{\"DocumentPath\":\"Sequence.xaml\",\"FactoryId\":\"{ACB8E7BA-F093-44C1-9B50-33ECA51AAE16}\"}]","ProjectActivitiesViewState":"{\"Main.xaml\":[{\"ActivityIdRef\":\"WriteLine_1\",\"IsAdvancedOptionsExpanded\":false,\"Widgets\":{}},{\"ActivityIdRef\":\"NoConnection_1\",\"IsAdvancedOptionsExpanded\":false,\"Widgets\":{}},{\"ActivityIdRef\":\"Assets_2\",\"IsAdvancedOptionsExpanded\":false,\"Widgets\":{}},{\"ActivityIdRef\":\"Disabled_Gmail_Connection_activity_1\",\"IsAdvancedOptionsExpanded\":false,\"Widgets\":{}},{\"ActivityIdRef\":\"Outlook_Disabled_Gmail_Enabled_activity_1\",\"IsAdvancedOptionsExpanded\":false,\"Widgets\":{}}],\"Sequence.xaml\":[{\"ActivityIdRef\":\"WriteLine_1\",\"IsAdvancedOptionsExpanded\":false,\"Widgets\":{}},{\"ActivityIdRef\":\"WriteLine_2\",\"IsAdvancedOptionsExpanded\":false,\"Widgets\":{}},{\"ActivityIdRef\":\"WriteLine_3\",\"IsAdvancedOptionsExpanded\":false,\"Widgets\":{}},{\"ActivityIdRef\":\"WriteLine_4\",\"IsAdvancedOptionsExpanded\":false,\"Widgets\":{}},{\"ActivityIdRef\":\"ForEach`1_1\",\"IsAdvancedOptionsExpanded\":false,\"Categories\":{\"\":true},\"Widgets\":{\"Body\":{\"ShowExpanded\":true}}},{\"ActivityIdRef\":\"WriteLine_5\",\"IsAdvancedOptionsExpanded\":false,\"Widgets\":{}},{\"ActivityIdRef\":\"WriteLine_6\",\"IsAdvancedOptionsExpanded\":false,\"Widgets\":{}},{\"ActivityIdRef\":\"WriteLine_7\",\"IsAdvancedOptionsExpanded\":false,\"Widgets\":{}}]}","Compiler":"2","ProjectWatches":"{\"Value\":[{\"Id\":\"9ce3b6a7-8aed-401a-8f81-2d1e88fb606a\",\"Expression\":\"3>2\",\"Type\":0},{\"Id\":\"a603f99b-cf28-4f39-a36c-25cc0d6060df\",\"Expression\":\"shoulNotAppear\",\"Type\":0},{\"Id\":\"5f6779b0-709e-4678-930c-f3c244601fea\",\"Expression\":\"shoudNotAppear\",\"Type\":0},{\"Id\":\"15f4f5c7-1f91-4f03-8b82-866137dfd8e9\",\"Expression\":\"in_arg1\",\"Type\":0},{\"Id\":\"7d092baa-b73f-4072-bc0d-f71e6291e2ed\",\"Expression\":\"\\\"test\\\".Length\",\"Type\":0}]}","ProjectSettings":"{\"IncludeSourcesByDefault\":true,\"RemoveUnusedDependencies\":false}"}