{
  "DisplayName": "Assets",
  "Tooltip": null,
  "HelpLink": null,
  "Color": null,
  "OriginalIconFileName": null,
  "Arguments": [
    {
      "Name": "argument2",
      "DisplayName": "argument2",
      "Category": "Input",
      "Tooltip": null,
      "Placeholder": null,
      "Widget": "TextComposer",
      "IsRequired": false,
      "IsPrincipal": true,
      "ArgumentType": 0,
      "DataSourceItems": null
    },
    {
      "Name": "argument1",
      "DisplayName": "argument1",
      "Category": "Input",
      "Tooltip": null,
      "Placeholder": null,
      "Widget": "TextComposer",
      "IsRequired": false,
      "IsPrincipal": true,
      "ArgumentType": 0,
      "DataSourceItems": null
    },
    {
      "Name": "out_AssetValue",
      "DisplayName": "out_AssetValue",
      "Category": "Output",
      "Tooltip": null,
      "Placeholder": null,
      "Widget": "TextComposer",
      "IsRequired": false,
      "IsPrincipal": true,
      "ArgumentType": 0,
      "DataSourceItems": null
    }
  ]
}