{
  "DisplayName": "NoConnection",
  "Tooltip": null,
  "HelpLink": null,
  "Color": null,
  "OriginalIconFileName": null,
  "Arguments": [
    {
      "Name": "argument2",
      "DisplayName": "argument2",
      "Category": null,
      "Tooltip": null,
      "Placeholder": null,
      "Widget": "TextComposer",
      "IsRequired": false,
      "IsPrincipal": true,
      "ArgumentType": 0,
      "DataSourceItems": null
    },
    {
      "Name": "argument4",
      "DisplayName": "argument4",
      "Category": null,
      "Tooltip": null,
      "Placeholder": null,
      "Widget": "TextComposer",
      "IsRequired": false,
      "IsPrincipal": true,
      "ArgumentType": 0,
      "DataSourceItems": null
    },
    {
      "Name": "argument3",
      "DisplayName": "argument3",
      "Category": "test",
      "Tooltip": null,
      "Placeholder": null,
      "Widget": "TextComposer",
      "IsRequired": false,
      "IsPrincipal": true,
      "ArgumentType": 0,
      "DataSourceItems": null
    },
    {
      "Name": "argument1",
      "DisplayName": "argument1",
      "Category": "test",
      "Tooltip": null,
      "Placeholder": null,
      "Widget": "TextComposer",
      "IsRequired": false,
      "IsPrincipal": true,
      "ArgumentType": 0,
      "DataSourceItems": null
    }
  ]
}