[
  {
    "Constant": false,
    "Name": "my_gv",
    "TypeFullyQualifiedName": "System.String, System.Private.CoreLib, Version=6.0.0.0, Culture=neutral, PublicKeyToken=7cec85d7bea7798e",
    "UnresolvedTypeFullyQualifiedName": null,
    "Expression": null,
    "IsLiteral": false
  },
  {
    "Constant": true,
    "Name": "gc_test",
    "TypeFullyQualifiedName": "System.String, System.Private.CoreLib, Version=6.0.0.0, Culture=neutral, PublicKeyToken=7cec85d7bea7798e",
    "UnresolvedTypeFullyQualifiedName": null,
    "Expression": null,
    "IsLiteral": false
  }
]