{
  "exportedBy": null,
  "bundleHash": null,
  "version": "1.0.0.0",
  "jitAssemblyCompilerCommands": [
    {
      "providerName": "TypedDataTable",
      "typedDataTableDto": {
        "id": 1,
        "idRef": "ReadRangeConnections`1_1",
        "hash": "ReadRangeConnections`1_1|DataTable|OhTIy6bxxsbII8hMlEZDJbPjKwCkUdfGLRFO0u1Mc",
        "dataType": "System.Data.DataTable, System.Data.Common",
        "columns": [
          {
            "columnName": "",
            "dataType": "System.String, System.Private.CoreLib",
            "name": ""
          }
        ],
        "rowExtensionProperties": []
      },
      "entityAssemblyKey": {
        "name": "Studio.Generated.TypedDataTable1",
        "hash": "ReadRangeConnections`1_1|DataTable|bPCGF7h5eRFQBzlzBDLaWhYuSYvCctufYZkxHH5t8Y",
        "assemblyName": "Studio.Generated.TypedDataTable1"
      }
    },
    {
      "providerName": "TypedDataTable",
      "typedDataTableDto": {
        "id": 2,
        "idRef": "ReadRangeConnections`1_1",
        "hash": "ReadRangeConnections`1_1|DataTable|Z9aqoaoF7TpjS9KAo6ZAJ7I0gG3xZV8PJ6mlt5nUCE",
        "dataType": "System.Data.DataTable, System.Data.Common",
        "columns": [
          {
            "columnName": "",
            "dataType": "System.String, System.Private.CoreLib",
            "name": ""
          },
          {
            "columnName": "Test ID",
            "dataType": "System.String, System.Private.CoreLib",
            "name": "Test ID"
          },
          {
            "columnName": "Test title",
            "dataType": "System.String, System.Private.CoreLib",
            "name": "Test title"
          },
          {
            "columnName": "Test name in project",
            "dataType": "System.String, System.Private.CoreLib",
            "name": "Test name in project"
          },
          {
            "columnName": "Notes",
            "dataType": "System.String, System.Private.CoreLib",
            "name": "Notes"
          }
        ],
        "rowExtensionProperties": []
      },
      "entityAssemblyKey": {
        "name": "Studio.Generated.TypedDataTable2",
        "hash": "ReadRangeConnections`1_1|DataTable|tBfLIw6RHrZaiFSqVrBoNK6bhPhp1aXggApuDlVwE",
        "assemblyName": "Studio.Generated.TypedDataTable2"
      }
    },
    {
      "providerName": "TypedDataTable",
      "typedDataTableDto": {
        "id": 3,
        "idRef": "ReadRangeConnections`1_1",
        "hash": "ReadRangeConnections`1_1|DataTable|mEnpJavbtOVySB1woJgnkuJvLsDANOSMAJqOjEMzsA",
        "dataType": "System.Data.DataTable, System.Data.Common",
        "columns": [
          {
            "columnName": "",
            "dataType": "System.String, System.Private.CoreLib",
            "name": ""
          },
          {
            "columnName": "Test ID",
            "dataType": "System.String, System.Private.CoreLib",
            "name": "Test ID"
          },
          {
            "columnName": "Test Name",
            "dataType": "System.String, System.Private.CoreLib",
            "name": "Test Name"
          },
          {
            "columnName": "JIRA Link",
            "dataType": "System.String, System.Private.CoreLib",
            "name": "JIRA Link"
          },
          {
            "columnName": "Testrail link",
            "dataType": "System.String, System.Private.CoreLib",
            "name": "Testrail link"
          },
          {
            "columnName": "Project in Fwk",
            "dataType": "System.String, System.Private.CoreLib",
            "name": "Project in Fwk"
          },
          {
            "columnName": "Test File in Fwk",
            "dataType": "System.String, System.Private.CoreLib",
            "name": "Test File in Fwk"
          },
          {
            "columnName": "Implementation Status",
            "dataType": "System.String, System.Private.CoreLib",
            "name": "Implementation Status"
          }
        ],
        "rowExtensionProperties": []
      },
      "entityAssemblyKey": {
        "name": "Studio.Generated.TypedDataTable3",
        "hash": "ReadRangeConnections`1_1|DataTable|ZC2FTyIYVc97U0m2g2GOzRQDsyJe5Y78wr4nZ6mswg",
        "assemblyName": "Studio.Generated.TypedDataTable3"
      }
    },
    {
      "providerName": "TypedDataTable",
      "typedDataTableDto": {
        "id": 4,
        "idRef": "ReadRangeConnections`1_2",
        "hash": "ReadRangeConnections`1_2|DataTable|OhTIy6bxxsbII8hMlEZDJbPjKwCkUdfGLRFO0u1Mc",
        "dataType": "System.Data.DataTable, System.Data.Common",
        "columns": [
          {
            "columnName": "",
            "dataType": "System.String, System.Private.CoreLib",
            "name": ""
          }
        ],
        "rowExtensionProperties": []
      },
      "entityAssemblyKey": {
        "name": "Studio.Generated.TypedDataTable4",
        "hash": "ReadRangeConnections`1_2|DataTable|bPCGF7h5eRFQBzlzBDLaWhYuSYvCctufYZkxHH5t8Y",
        "assemblyName": "Studio.Generated.TypedDataTable4"
      }
    },
    {
      "providerName": "TypedDataTable",
      "typedDataTableDto": {
        "id": 5,
        "idRef": "ReadRangeConnections`1_2",
        "hash": "ReadRangeConnections`1_2|DataTable|rL1H6EH53IE0pN6XKFzGKlAutFc37V8TtrTj2dM9Xg",
        "dataType": "System.Data.DataTable, System.Data.Common",
        "columns": [
          {
            "columnName": "",
            "dataType": "System.String, System.Private.CoreLib",
            "name": ""
          },
          {
            "columnName": "Test ID",
            "dataType": "System.String, System.Private.CoreLib",
            "name": "Test ID"
          },
          {
            "columnName": "Test Name",
            "dataType": "System.String, System.Private.CoreLib",
            "name": "Test Name"
          },
          {
            "columnName": "Test in project",
            "dataType": "System.String, System.Private.CoreLib",
            "name": "Test in project"
          },
          {
            "columnName": "Status",
            "dataType": "System.String, System.Private.CoreLib",
            "name": "Status"
          },
          {
            "columnName": "Notes",
            "dataType": "System.String, System.Private.CoreLib",
            "name": "Notes"
          }
        ],
        "rowExtensionProperties": []
      },
      "entityAssemblyKey": {
        "name": "Studio.Generated.TypedDataTable5",
        "hash": "ReadRangeConnections`1_2|DataTable|bxqjrU6jFIXfq6mKPOb174zeRzCujqcbkqYQo7xYlY",
        "assemblyName": "Studio.Generated.TypedDataTable5"
      }
    }
  ]
}