{
  "assemblyStates": {
    "PW_Json_Schema_Perso.fZPeU2XPrJL1ogJOTZvLI24": {
      "namespace": "UiPath.System.Activities.ViewModels.SWEntities.PW_Json_Schema_Persoana_0981a.Bundle",
      "providerName": "CustomEntities",
      "key": {
        "name": "UiPath.System.Activities.ViewModels.SWEntities.PW_Json_Schema_Persoana_0981a",
        "hash": "VXFuQkN6eGhObG9Weld3NVJHQnlKdms0M0ZEamVTVjlDd3YxSUdjYnFsQQ",
        "assemblyName": "PW_Json_Schema_Perso.fZPeU2XPrJL1ogJOTZvLI24"
      }
    },
    "PW_Json_Schema_Perso.CZ7VyzrHbS1JUdgI2b8rsV3": {
      "namespace": "UiPath.System.Activities.ViewModels.SWEntities.PW_Json_Schema_Persoana_New_0dbc1.Bundle",
      "providerName": "CustomEntities",
      "key": {
        "name": "UiPath.System.Activities.ViewModels.SWEntities.PW_Json_Schema_Persoana_New_0dbc1",
        "hash": "d3QwSVJveXhkUkpGTnY5dmRMaklyaHhjWmtnVkpJY205dWptT2R0Rzk0",
        "assemblyName": "PW_Json_Schema_Perso.CZ7VyzrHbS1JUdgI2b8rsV3"
      }
    }
  }
}