{"Compiler":"2","ProjectWatches":"{\"Value\":[]}","ProjectBreakpoints":"{\"CodeBreakpoints\":{},\"Value\":{}}","OpenedDocuments":"[{\"DocumentPath\":\"DemoCallout.html\",\"FactoryId\":\"{60B41405-7549-4783-88DD-C084BCE062E7}\"},{\"DocumentPath\":\"NotepadTrigger.xaml\",\"FactoryId\":\"{ACB8E7BA-F093-44C1-9B50-33ECA51AAE16}\"},{\"DocumentPath\":\"Main.xaml\",\"FactoryId\":\"{ACB8E7BA-F093-44C1-9B50-33ECA51AAE16}\"}]","ProjectActivitiesViewState":"{\"Main.xaml\":[{\"ActivityIdRef\":\"StartTriggers_1\",\"IsAdvancedOptionsExpanded\":false,\"Widgets\":{}}],\"NotepadTrigger.xaml\":[{\"ActivityIdRef\":\"ShowCalloutActivity_2\",\"IsAdvancedOptionsExpanded\":false,\"Categories\":{\"Display\":true,\"\":true},\"Widgets\":{}}]}"}