{
  "DisplayName": "EP1_Sequence",
  "Tooltip": null,
  "HelpLink": null,
  "Color": null,
  "OriginalIconFileName": null,
  "Arguments": [
    {
      "Name": "in_EP1_String",
      "DisplayName": "in_EP1_String",
      "Category": null,
      "Tooltip": "input argument of type string. Use a value of choice. this is a required argument",
      "Placeholder": "EP1 - stinrg argument",
      "Widget": "TextComposer",
      "IsRequired": true,
      "IsPrincipal": true,
      "ArgumentType": 0,
      "DataSourceItems": null
    },
    {
      "Name": "out_EP1_Dictionary",
      "DisplayName": "out_EP1_Dictionary",
      "Category": null,
      "Tooltip": "required out argument of dictionary type",
      "Placeholder": null,
      "Widget": "Dictionary",
      "IsRequired": true,
      "IsPrincipal": true,
      "ArgumentType": 0,
      "DataSourceItems": null
    },
    {
      "Name": "in_EP1_Int",
      "DisplayName": "in_EP1_Int",
      "Category": null,
      "Tooltip": "optional input argument of type int",
      "Placeholder": "12345",
      "Widget": "Number",
      "IsRequired": false,
      "IsPrincipal": true,
      "ArgumentType": 0,
      "DataSourceItems": null
    },
    {
      "Name": "inOut_EP1_StringArray",
      "DisplayName": "inOut_EP1_StringArray",
      "Category": null,
      "Tooltip": "optional inputOutput argument of type String[]",
      "Placeholder": null,
      "Widget": "StringArray",
      "IsRequired": false,
      "IsPrincipal": true,
      "ArgumentType": 0,
      "DataSourceItems": null
    },
    {
      "Name": "in_EP1_Bool",
      "DisplayName": "in_EP1_Bool",
      "Category": null,
      "Tooltip": "mandatory input argument of type bool",
      "Placeholder": "True",
      "Widget": "Toggle",
      "IsRequired": true,
      "IsPrincipal": true,
      "ArgumentType": 0,
      "DataSourceItems": null
    },
    {
      "Name": "in_EP1_DataTable",
      "DisplayName": "in_EP1_DataTable",
      "Category": null,
      "Tooltip": "mandatory input argument of type DataTable",
      "Placeholder": null,
      "Widget": null,
      "IsRequired": true,
      "IsPrincipal": true,
      "ArgumentType": 0,
      "DataSourceItems": null
    },
    {
      "Name": "in_EP1_ListOfComplexType",
      "DisplayName": "in_EP1_ListOfComplexType",
      "Category": null,
      "Tooltip": "optional input argument of type List<ComplexType>",
      "Placeholder": null,
      "Widget": null,
      "IsRequired": false,
      "IsPrincipal": true,
      "ArgumentType": 0,
      "DataSourceItems": null
    }
  ]
}