{
  "DisplayName": "EP2_Flowchart",
  "Tooltip": null,
  "HelpLink": null,
  "Color": null,
  "OriginalIconFileName": null,
  "Arguments": [
    {
      "Name": "in_EP2_String_Arg",
      "DisplayName": "in_EP2_String_Arg",
      "Category": null,
      "Tooltip": "fill in a string",
      "Placeholder": "EP2 Text",
      "Widget": "TextComposer",
      "IsRequired": true,
      "IsPrincipal": true,
      "ArgumentType": 0,
      "DataSourceItems": null
    },
    {
      "Name": "in_EP2_Int_Arg",
      "DisplayName": "in_EP2_Int_Arg",
      "Category": null,
      "Tooltip": "input your number",
      "Placeholder": "54186135",
      "Widget": "Number",
      "IsRequired": false,
      "IsPrincipal": true,
      "ArgumentType": 0,
      "DataSourceItems": null
    },
    {
      "Name": "in_EP2_Bool_Arg",
      "DisplayName": "in_EP2_Bool_Arg",
      "Category": null,
      "Tooltip": "true or false?",
      "Placeholder": "True",
      "Widget": "Toggle",
      "IsRequired": false,
      "IsPrincipal": true,
      "ArgumentType": 0,
      "DataSourceItems": null
    },
    {
      "Name": "in_EP2_DataTable_Arg",
      "DisplayName": "in_EP2_DataTable_Arg",
      "Category": null,
      "Tooltip": "a data table",
      "Placeholder": null,
      "Widget": null,
      "IsRequired": false,
      "IsPrincipal": true,
      "ArgumentType": 0,
      "DataSourceItems": null
    },
    {
      "Name": "in_EP2_ListOfComplexType_Arg",
      "DisplayName": "in_EP2_ListOfComplexType_Arg",
      "Category": null,
      "Tooltip": null,
      "Placeholder": null,
      "Widget": null,
      "IsRequired": false,
      "IsPrincipal": true,
      "ArgumentType": 0,
      "DataSourceItems": null
    },
    {
      "Name": "inOut_EP2_Dictionary_Arg",
      "DisplayName": "inOut_EP2_Dictionary_Arg",
      "Category": null,
      "Tooltip": "some dictionary",
      "Placeholder": null,
      "Widget": "Dictionary",
      "IsRequired": false,
      "IsPrincipal": true,
      "ArgumentType": 0,
      "DataSourceItems": null
    },
    {
      "Name": "out_EP2_StringArray_Arg",
      "DisplayName": "out_EP2_StringArray_Arg",
      "Category": null,
      "Tooltip": "string array",
      "Placeholder": null,
      "Widget": "StringArray",
      "IsRequired": true,
      "IsPrincipal": true,
      "ArgumentType": 0,
      "DataSourceItems": null
    }
  ]
}