{
  "DisplayName": "EP3_StateMachine",
  "Tooltip": null,
  "HelpLink": null,
  "Color": null,
  "OriginalIconFileName": null,
  "Arguments": [
    {
      "Name": "in_EP3_Sring_Arg",
      "DisplayName": "in_EP3_Sring_Arg",
      "Category": null,
      "Tooltip": null,
      "Placeholder": "EP3 Text",
      "Widget": null,
      "IsRequired": false,
      "IsPrincipal": true,
      "ArgumentType": 0,
      "DataSourceItems": null
    },
    {
      "Name": "in_EP3_DataTable_Arg",
      "DisplayName": "in_EP3_DataTable_Arg",
      "Category": null,
      "Tooltip": null,
      "Placeholder": null,
      "Widget": null,
      "IsRequired": false,
      "IsPrincipal": true,
      "ArgumentType": 0,
      "DataSourceItems": null
    },
    {
      "Name": "in_EP3_Dictionary_Arg",
      "DisplayName": "in_EP3_Dictionary_Arg",
      "Category": null,
      "Tooltip": null,
      "Placeholder": null,
      "Widget": null,
      "IsRequired": false,
      "IsPrincipal": true,
      "ArgumentType": 0,
      "DataSourceItems": null
    },
    {
      "Name": "inOut_EP3_ListOfComplexType",
      "DisplayName": "inOut_EP3_ListOfComplexType",
      "Category": null,
      "Tooltip": null,
      "Placeholder": null,
      "Widget": null,
      "IsRequired": false,
      "IsPrincipal": true,
      "ArgumentType": 0,
      "DataSourceItems": null
    },
    {
      "Name": "out_EP3_Int_Arg",
      "DisplayName": "out_EP3_Int_Arg",
      "Category": null,
      "Tooltip": null,
      "Placeholder": null,
      "Widget": null,
      "IsRequired": false,
      "IsPrincipal": true,
      "ArgumentType": 0,
      "DataSourceItems": null
    }
  ]
}