{
  "DisplayName": "EP4_Workflow",
  "Tooltip": null,
  "HelpLink": null,
  "Color": null,
  "OriginalIconFileName": null,
  "Arguments": [
    {
      "Name": "in_EP4_Bool_Arg",
      "DisplayName": "in_EP4_Bool_Arg",
      "Category": null,
      "Tooltip": null,
      "Placeholder": "True",
      "Widget": null,
      "IsRequired": false,
      "IsPrincipal": true,
      "ArgumentType": 0,
      "DataSourceItems": null
    },
    {
      "Name": "in_EP4_Dictionary_Arg",
      "DisplayName": "in_EP4_Dictionary_Arg",
      "Category": null,
      "Tooltip": null,
      "Placeholder": null,
      "Widget": null,
      "IsRequired": false,
      "IsPrincipal": true,
      "ArgumentType": 0,
      "DataSourceItems": null
    },
    {
      "Name": "inOut_EP4_StringArray_Arg",
      "DisplayName": "inOut_EP4_StringArray_Arg",
      "Category": null,
      "Tooltip": null,
      "Placeholder": null,
      "Widget": null,
      "IsRequired": false,
      "IsPrincipal": true,
      "ArgumentType": 0,
      "DataSourceItems": null
    },
    {
      "Name": "out_DataTable_Arg",
      "DisplayName": "out_DataTable_Arg",
      "Category": null,
      "Tooltip": null,
      "Placeholder": null,
      "Widget": null,
      "IsRequired": false,
      "IsPrincipal": true,
      "ArgumentType": 0,
      "DataSourceItems": null
    }
  ]
}