{
  "Workflows": [
    {
      "Path": null,
      "SortBy": 0,
      "VariablesSectionElementsOrder": [],
      "ArgumentsSectionElementsOrder": null,
      "ConstantsSectionElementsOrder": [],
      "AddedNamespaces": null
    },
    {
      "Path": "Main.xaml",
      "SortBy": 0,
      "VariablesSectionElementsOrder": [
        "_out_ConnectorActivity_2__Jit_teams_sub_channels&Sequence_1",
        "filter_Id&Sequence_1"
      ],
      "ArgumentsSectionElementsOrder": [
        "TriggerEventArgs"
      ],
      "ConstantsSectionElementsOrder": [],
      "AddedNamespaces": null
    },
    {
      "Path": "Wingman/Use_Variables.xaml",
      "SortBy": 0,
      "VariablesSectionElementsOrder": [
        "variable1&Sequence_1",
        "variable2&Sequence_1",
        "bool_Var&Sequence_1"
      ],
      "ArgumentsSectionElementsOrder": [
        "argument1"
      ],
      "ConstantsSectionElementsOrder": [],
      "AddedNamespaces": null
    },
    {
      "Path": "Sequence.xaml",
      "SortBy": 0,
      "VariablesSectionElementsOrder": [],
      "ArgumentsSectionElementsOrder": [
        "TriggerEventArgs"
      ],
      "ConstantsSectionElementsOrder": [],
      "AddedNamespaces": null
    },
    {
      "Path": "DAP.xaml",
      "SortBy": 0,
      "VariablesSectionElementsOrder": [
        "fileId&Sequence_1",
        "recordId&Sequence_1"
      ],
      "ArgumentsSectionElementsOrder": [],
      "ConstantsSectionElementsOrder": [],
      "AddedNamespaces": null
    }
  ]
}