{
  "Workflows": [
    {
      "Path": null,
      "SortBy": 0,
      "VariablesSectionElementsOrder": [],
      "ArgumentsSectionElementsOrder": null,
      "ConstantsSectionElementsOrder": [],
      "AddedNamespaces": null
    },
    {
      "Path": "Files to Use For Invoke/Errors.xaml",
      "SortBy": 0,
      "VariablesSectionElementsOrder": [
        "nullArray&Sequence_1"
      ],
      "ArgumentsSectionElementsOrder": [
        "in_ErrorCode"
      ],
      "ConstantsSectionElementsOrder": [],
      "AddedNamespaces": null
    },
    {
      "Path": "Files to Use For Invoke/File actions.xaml",
      "SortBy": 0,
      "VariablesSectionElementsOrder": [
        "_out_ReadStorageText_2__Result&Sequence_1",
        "_out_ReadTextFile_1__Content&Sequence_1",
        "_out_RandomString_1__Output&Sequence_1",
        "_out_PathExists_1__Exists&Sequence_1",
        "_out_ReadStorageText_1__Result&Sequence_1",
        "_out_ExistsInCollection_Generic_1_1__Exists&Sequence_1",
        "orchFileNames&Sequence_1",
        "_out_ListStorageFiles_1__Result&Sequence_1"
      ],
      "ArgumentsSectionElementsOrder": [
        "in_LocalFile",
        "in_TextForFile",
        "in_OrchStorageBucketName",
        "in_OrchFolder",
        "in_Filename"
      ],
      "ConstantsSectionElementsOrder": [],
      "AddedNamespaces": null
    },
    {
      "Path": "Files to Use For Invoke/Orchestrator Actions.xaml",
      "SortBy": 0,
      "VariablesSectionElementsOrder": [
        "index&Sequence_2",
        "queueItemReference&Sequence_1",
        "_out_GetRobotAsset_7__Value&Sequence_1",
        "_out_GetRobotAsset_6__Value&Sequence_1",
        "objVar&Sequence_1",
        "_out_GetQueueItems_1__Result&Sequence_1"
      ],
      "ArgumentsSectionElementsOrder": [
        "in_QueueName",
        "in_AssetName2",
        "in_AssetName1",
        "in_OrchFolder"
      ],
      "ConstantsSectionElementsOrder": [],
      "AddedNamespaces": null
    },
    {
      "Path": "Files to Use For Invoke/UIA actions.xaml",
      "SortBy": 0,
      "VariablesSectionElementsOrder": [],
      "ArgumentsSectionElementsOrder": [
        "in_AppToSearch"
      ],
      "ConstantsSectionElementsOrder": [],
      "AddedNamespaces": null
    },
    {
      "Path": "Entry Points/Entry Point 1.xaml",
      "SortBy": 0,
      "VariablesSectionElementsOrder": [
        "errorCode&Sequence_1"
      ],
      "ArgumentsSectionElementsOrder": [
        "in_ErrorCodes"
      ],
      "ConstantsSectionElementsOrder": [],
      "AddedNamespaces": null
    },
    {
      "Path": "Global Handlers/GlobalHandler-Ignore.xaml",
      "SortBy": 0,
      "VariablesSectionElementsOrder": [
        "answer&Sequence_1",
        "retry&Sequence_1"
      ],
      "ArgumentsSectionElementsOrder": [
        "errorInfo",
        "result"
      ],
      "ConstantsSectionElementsOrder": [],
      "AddedNamespaces": null
    },
    {
      "Path": "Global Handlers/GlobalHandler-Retry.xaml",
      "SortBy": 0,
      "VariablesSectionElementsOrder": [
        "answer&Sequence_1",
        "retry&Sequence_1"
      ],
      "ArgumentsSectionElementsOrder": [
        "errorInfo",
        "result"
      ],
      "ConstantsSectionElementsOrder": [],
      "AddedNamespaces": null
    },
    {
      "Path": ".local/ActivityTestBench/Bench_0.xaml",
      "SortBy": 0,
      "VariablesSectionElementsOrder": [
        "assetValue&Sequence_1"
      ],
      "ArgumentsSectionElementsOrder": [],
      "ConstantsSectionElementsOrder": [],
      "AddedNamespaces": null
    }
  ]
}