{
  "assemblyStates": {
    "C6c4bc33b7c7f4c018bf.tJx9d3rsuyI1cogqb1vbzH1": {
      "namespace": "UiPath.Jira.IntegrationService.Activities.SWEntities.C6c4bc33b7c7f4c018bf3d77768257aaa_docStatus_Customfield11442.Bundle",
      "providerName": "CustomEntities",
      "key": {
        "name": "UiPath.Jira.IntegrationService.Activities.SWEntities.C6c4bc33b7c7f4c018bf3d77768257aaa_docStatus_Customfield11442",
        "hash": "OG53NVFKZHlyZEhVaGIzZkY0MnNGdmRiK0VPNEk2OFZHblprWGRzb0VCaUN1bEppVjdSYXcyN2NaYkNiQ1pIVzAvb0NFQnhtOXZDTXVEdjEvcmMxd1E9PQ",
        "assemblyName": "C6c4bc33b7c7f4c018bf.tJx9d3rsuyI1cogqb1vbzH1"
      }
    },
    "C6c4bc33b7c7f4c018bf.wNdoBJErJJ1Hq0GehXiZT3": {
      "namespace": "UiPath.Jira.IntegrationService.Activities.SWEntities.C6c4bc33b7c7f4c018bf3d77768257aaa_salesforceCaseStatus_Customfield14171.Bundle",
      "providerName": "CustomEntities",
      "key": {
        "name": "UiPath.Jira.IntegrationService.Activities.SWEntities.C6c4bc33b7c7f4c018bf3d77768257aaa_salesforceCaseStatus_Customfield14171",
        "hash": "L2d5bmNJSUg0Z2ZDQmJ1ZGZ1WU9jT0FwS0tBSGRvcEMybmFwR3RtaW96d2xianQ4NzhPaXh2OHdXUUYvcjlNcnhjRHF0RXN2K1FDc1E3aGxRbG9ic2c9PQ",
        "assemblyName": "C6c4bc33b7c7f4c018bf.wNdoBJErJJ1Hq0GehXiZT3"
      }
    },
    "C6c4bc33b7c7f4c018bf.Eb0ap1WCvyP1RE9Sa3OViWC": {
      "namespace": "UiPath.Jira.IntegrationService.Activities.SWEntities.C6c4bc33b7c7f4c018bf3d77768257aaa_cloudDeploymentStage_Customfield12305.Bundle",
      "providerName": "CustomEntities",
      "key": {
        "name": "UiPath.Jira.IntegrationService.Activities.SWEntities.C6c4bc33b7c7f4c018bf3d77768257aaa_cloudDeploymentStage_Customfield12305",
        "hash": "Z2w0RlZoNkpHVEdQMFRzMUpQcWRMTlE5UXJ1RGRZdFBvVGllYk9aR0FrMmJsUEJ3dlFuSWJ4QzJ6blliYTFFS1BKRVNGOUdEdGNaS2V0VXNwUXNJQXc9PQ",
        "assemblyName": "C6c4bc33b7c7f4c018bf.Eb0ap1WCvyP1RE9Sa3OViWC"
      }
    },
    "C6c4bc33b7c7f4c018bf.pLy3nhlUKN1rmiD034o6v71": {
      "namespace": "UiPath.Jira.IntegrationService.Activities.SWEntities.C6c4bc33b7c7f4c018bf3d77768257aaa_visibleToGroup_Customfield12761.Bundle",
      "providerName": "CustomEntities",
      "key": {
        "name": "UiPath.Jira.IntegrationService.Activities.SWEntities.C6c4bc33b7c7f4c018bf3d77768257aaa_visibleToGroup_Customfield12761",
        "hash": "NzJtbkQvQnlFMnBqZ1ZCUTNORlRNcVVPQlo1Q3lvMVZCMDFiV1NHWlA0cXhnTWd2eVk2ZVlOcXJGQnpzcUtmNzlDRE9JeCtFRnBpRUFGRlBXUUlQMFE9PQ",
        "assemblyName": "C6c4bc33b7c7f4c018bf.pLy3nhlUKN1rmiD034o6v71"
      }
    },
    "C6c4bc33b7c7f4c018bf.39T0k2I81hK1bWJtc2EPJTm": {
      "namespace": "UiPath.Jira.IntegrationService.Activities.SWEntities.C6c4bc33b7c7f4c018bf3d77768257aaa_qaEngineer_Customfield11550.Bundle",
      "providerName": "CustomEntities",
      "key": {
        "name": "UiPath.Jira.IntegrationService.Activities.SWEntities.C6c4bc33b7c7f4c018bf3d77768257aaa_qaEngineer_Customfield11550",
        "hash": "MTArNjJGajRNek1RUTNyenVvL01OdFJYUFBmN1diNHFjdG5XZnlZbGVqaitiWkxWOGxxYXBZSnZGQ2pwOUloVXZOQXZJQmxpQnEzMU0wQVVwTmY0cFE9PQ",
        "assemblyName": "C6c4bc33b7c7f4c018bf.39T0k2I81hK1bWJtc2EPJTm"
      }
    },
    "C6c4bc33b7c7f4c018bf.UsKOvnimhJ1AyRvU3vq9nH2": {
      "namespace": "UiPath.Jira.IntegrationService.Activities.SWEntities.C6c4bc33b7c7f4c018bf3d77768257aaa_severity_Customfield10300.Bundle",
      "providerName": "CustomEntities",
      "key": {
        "name": "UiPath.Jira.IntegrationService.Activities.SWEntities.C6c4bc33b7c7f4c018bf3d77768257aaa_severity_Customfield10300",
        "hash": "VC9nalAyaThPcThvSWlsUlBya2lta2JmVXhzaW1Nc21CSHU3MGdVcTJNYStsRzVjYXdhQW5qd0dPUlVDbVRrOWhCY1BDVGVBUWZSM1NkaG1lRHJOZkE9PQ",
        "assemblyName": "C6c4bc33b7c7f4c018bf.UsKOvnimhJ1AyRvU3vq9nH2"
      }
    },
    "C6c4bc33b7c7f4c018bf.LV2fW4Q4s1B1JrZ5T3qH4Ge1": {
      "namespace": "UiPath.Jira.IntegrationService.Activities.SWEntities.C6c4bc33b7c7f4c018bf3d77768257aaa_sprint_Customfield10006.Bundle",
      "providerName": "CustomEntities",
      "key": {
        "name": "UiPath.Jira.IntegrationService.Activities.SWEntities.C6c4bc33b7c7f4c018bf3d77768257aaa_sprint_Customfield10006",
        "hash": "UDlzK2VHRExNM1l3V0QwOUFnM29nakVNb0NGK1I3UHdpWmdHT1hRUnVoUllkNWhHcmVhbUh5R0ZQcWhkSmthUVA5anlLZ2t6c3VKbG9PdzZJam5Bc1E9PQ",
        "assemblyName": "C6c4bc33b7c7f4c018bf.LV2fW4Q4s1B1JrZ5T3qH4Ge1"
      }
    },
    "C6c4bc33b7c7f4c018bf.jnxbmieQ5D1Ex8RlmEg3A1": {
      "namespace": "UiPath.Jira.IntegrationService.Activities.SWEntities.C6c4bc33b7c7f4c018bf3d77768257aaa_epicStatus_Customfield10009.Bundle",
      "providerName": "CustomEntities",
      "key": {
        "name": "UiPath.Jira.IntegrationService.Activities.SWEntities.C6c4bc33b7c7f4c018bf3d77768257aaa_epicStatus_Customfield10009",
        "hash": "blkwanJpT2s5UXE5WTVlTEowS0duWXJHdyswTzlyYkFscnFtYUtTQzVSck5vWVc3aVlHL1ZLOFhQNEhsdnpoR3ZJL0VBaEdvYWdhQ1JvbmoxLzkyUEE9PQ",
        "assemblyName": "C6c4bc33b7c7f4c018bf.jnxbmieQ5D1Ex8RlmEg3A1"
      }
    },
    "C6c4bc33b7c7f4c018bf.Ltu4b2dwDLL1YGcYO4t0ThL4": {
      "namespace": "UiPath.Jira.IntegrationService.Activities.SWEntities.C6c4bc33b7c7f4c018bf3d77768257aaa_environment_Customfield11819.Bundle",
      "providerName": "CustomEntities",
      "key": {
        "name": "UiPath.Jira.IntegrationService.Activities.SWEntities.C6c4bc33b7c7f4c018bf3d77768257aaa_environment_Customfield11819",
        "hash": "alZUQTQ0ZVpyalpKNFJDa1RNWmVnc3NXTElCcFFIYTZ0SU0rek5lNDhqL0NGYlN2bXk1TkNLNW9wMXJrTFRvT3dHUThldmxQV0p0cDFxM2VWenE4cFE9PQ",
        "assemblyName": "C6c4bc33b7c7f4c018bf.Ltu4b2dwDLL1YGcYO4t0ThL4"
      }
    },
    "C6c4bc33b7c7f4c018bf.VDZfJbt2MQ1SN7Ky3G5o5j": {
      "namespace": "UiPath.Jira.IntegrationService.Activities.SWEntities.C6c4bc33b7c7f4c018bf3d77768257aaa_designer_Customfield12533.Bundle",
      "providerName": "CustomEntities",
      "key": {
        "name": "UiPath.Jira.IntegrationService.Activities.SWEntities.C6c4bc33b7c7f4c018bf3d77768257aaa_designer_Customfield12533",
        "hash": "U1U1K29ObkIwc2NuaUw5MzdNSmRSK0VCWHVqVjRnVHhzNmNScFY2Z0UvZ1YvaW1PUUxiQ3l5cW9xdlp6OUdyb1lpVVdYWndqT1Ftc0t6TXRtM2Q2Qnc9PQ",
        "assemblyName": "C6c4bc33b7c7f4c018bf.VDZfJbt2MQ1SN7Ky3G5o5j"
      }
    },
    "C6c4bc33b7c7f4c018bf.zKiHkjeaQP1Q5MLRvnfgH4": {
      "namespace": "UiPath.Jira.IntegrationService.Activities.SWEntities.C6c4bc33b7c7f4c018bf3d77768257aaa_releaseVehicle_Customfield14157.Bundle",
      "providerName": "CustomEntities",
      "key": {
        "name": "UiPath.Jira.IntegrationService.Activities.SWEntities.C6c4bc33b7c7f4c018bf3d77768257aaa_releaseVehicle_Customfield14157",
        "hash": "MXhQZkJMNkhHUGNUZ0tscHZKNEN5amIvNmU3N3duQnR5VUdrS2VHbCtFR0FZNjZqTmtBSDhSVVBGWkdscFZYYVhLSm9FNFZ0QzAyL1lEVUxXYW5DYlE9PQ",
        "assemblyName": "C6c4bc33b7c7f4c018bf.zKiHkjeaQP1Q5MLRvnfgH4"
      }
    },
    "C6c4bc33b7c7f4c018bf.Rhsa544pQ8B1TmFBr24GwGc3": {
      "namespace": "UiPath.Jira.IntegrationService.Activities.SWEntities.C6c4bc33b7c7f4c018bf3d77768257aaa_techWriter_Customfield11437.Bundle",
      "providerName": "CustomEntities",
      "key": {
        "name": "UiPath.Jira.IntegrationService.Activities.SWEntities.C6c4bc33b7c7f4c018bf3d77768257aaa_techWriter_Customfield11437",
        "hash": "WVp4LzBLQWlDNkZzSmJ4R0ZEbmxGMmxxWUpJN3EzZncwdGRiR3dLVEtLTzgzeXFDVEYrN01Ld0hRcklNRkREY2cxQTZEdk4vVmw5NkFVRGpmcktTR0E9PQ",
        "assemblyName": "C6c4bc33b7c7f4c018bf.Rhsa544pQ8B1TmFBr24GwGc3"
      }
    },
    "C6c4bc33b7c7f4c018bf.WodMqvMkKJ1xOzk83yGsNo3": {
      "namespace": "UiPath.Jira.IntegrationService.Activities.SWEntities.C6c4bc33b7c7f4c018bf3d77768257aaa_category_Customfield13117.Bundle",
      "providerName": "CustomEntities",
      "key": {
        "name": "UiPath.Jira.IntegrationService.Activities.SWEntities.C6c4bc33b7c7f4c018bf3d77768257aaa_category_Customfield13117",
        "hash": "NnRoK0JQenNKNGlUeWJ3a05ZZUU3cHVsVDRPTGRDUnRYTlVXZGhqKzVITCswZm1iUjEvdkJwWjZZcFU5Y1R1L3JSWDN6Sm9tNnJQMDAzcytRTGpwMUE9PQ",
        "assemblyName": "C6c4bc33b7c7f4c018bf.WodMqvMkKJ1xOzk83yGsNo3"
      }
    }
  }
}