{"Compiler":"2","ProjectWatches":"{\"Value\":[]}","OpenedDocuments":"[{\"DocumentPath\":\"Main.xaml\",\"FactoryId\":\"{ACB8E7BA-F093-44C1-9B50-33ECA51AAE16}\"}]","ProjectBreakpoints":"{\"CodeBreakpoints\":{\"CodedWorkflow1.cs\":[{\"Location\":{\"StartLine\":33,\"EndLine\":33,\"StartOffset\":1159,\"EndOffset\":1202,\"Source\":\"C:\\\\Git\\\\Repos\\\\workRepo\\\\Master\\\\Coded Wfs\\\\Windows\\\\CodedWfs_Windows_VB_Process\\\\CodedWorkflow1.cs\"},\"BreakpointType\":2,\"LocationIdentifier\":\"Line: 33\",\"ConditionalExpression\":null,\"ActionExpression\":null,\"ExpectedHitCounter\":null,\"ShouldContinueAfterAction\":false,\"IsTransient\":false,\"IsEnabled\":true,\"Id\":\"e5563676-0f91-417c-86ca-c49e80272380\",\"ActivityIdRef\":null,\"ActivityId\":null,\"ActivityName\":null}]},\"Value\":{\"SequenceInvokedInCoded.xaml\":[{\"ConditionalExpression\":null,\"ActionExpression\":null,\"ExpectedHitCounter\":null,\"ShouldContinueAfterAction\":false,\"IsTransient\":false,\"BreakpointType\":1,\"LocationIdentifier\":\"Log Message\",\"IsEnabled\":true,\"Id\":\"b92ac122-1ad1-4683-910b-adf6b9213ee2\",\"ActivityIdRef\":\"LogMessage_1\",\"ActivityId\":\"1.8\",\"ActivityName\":\"Log Message\"}]}}","ProjectActivitiesViewState":"{\"SequenceInvokedInCoded.xaml\":[{\"ActivityIdRef\":\"LogMessage_1\",\"IsAdvancedOptionsExpanded\":false,\"Widgets\":{}},{\"ActivityIdRef\":\"LogMessage_2\",\"IsAdvancedOptionsExpanded\":false,\"Widgets\":{}},{\"ActivityIdRef\":\"LogMessage_3\",\"IsAdvancedOptionsExpanded\":false,\"Widgets\":{}}]}"}