{
  "assemblyStates": {
    "Studio.Generated.TypedDataTable4": {
      "namespace": "System.Data",
      "providerName": "TypedDataTable",
      "key": {
        "name": "Studio.Generated.TypedDataTable4",
        "hash": "ReadRangeConnections\u00601_2|DataTable|bPCGF7h5eRFQBzlzBDLaWhYuSYvCctufYZkxHH5t8Y",
        "assemblyName": "Studio.Generated.TypedDataTable4"
      }
    },
    "Studio.Generated.TypedDataTable1": {
      "namespace": "System.Data",
      "providerName": "TypedDataTable",
      "key": {
        "name": "Studio.Generated.TypedDataTable1",
        "hash": "ReadRangeConnections\u00601_1|DataTable|bPCGF7h5eRFQBzlzBDLaWhYuSYvCctufYZkxHH5t8Y",
        "assemblyName": "Studio.Generated.TypedDataTable1"
      }
    },
    "Studio.Generated.TypedDataTable3": {
      "namespace": "System.Data",
      "providerName": "TypedDataTable",
      "key": {
        "name": "Studio.Generated.TypedDataTable3",
        "hash": "ReadRangeConnections\u00601_1|DataTable|ZC2FTyIYVc97U0m2g2GOzRQDsyJe5Y78wr4nZ6mswg",
        "assemblyName": "Studio.Generated.TypedDataTable3"
      }
    },
    "Studio.Generated.TypedDataTable2": {
      "namespace": "System.Data",
      "providerName": "TypedDataTable",
      "key": {
        "name": "Studio.Generated.TypedDataTable2",
        "hash": "ReadRangeConnections\u00601_1|DataTable|tBfLIw6RHrZaiFSqVrBoNK6bhPhp1aXggApuDlVwE",
        "assemblyName": "Studio.Generated.TypedDataTable2"
      }
    },
    "Studio.Generated.TypedDataTable5": {
      "namespace": "System.Data",
      "providerName": "TypedDataTable",
      "key": {
        "name": "Studio.Generated.TypedDataTable5",
        "hash": "ReadRangeConnections\u00601_2|DataTable|bxqjrU6jFIXfq6mKPOb174zeRzCujqcbkqYQo7xYlY",
        "assemblyName": "Studio.Generated.TypedDataTable5"
      }
    }
  }
}