{
  "DisplayName": "DeserializeJSON_JIT_Activity",
  "Tooltip": null,
  "HelpLink": null,
  "Color": null,
  "OriginalIconFileName": null,
  "Arguments": [
    {
      "Name": "in_propertyLevel2",
      "DisplayName": "in_propertyLevel2",
      "Category": null,
      "Tooltip": null,
      "Placeholder": "Pisica",
      "Widget": null,
      "IsRequired": false,
      "IsPrincipal": true,
      "ArgumentType": 0,
      "DataSourceItems": null
    },
    {
      "Name": "in_propertyLevel3",
      "DisplayName": "in_propertyLevel3",
      "Category": null,
      "Tooltip": null,
      "Placeholder": "Tom",
      "Widget": null,
      "IsRequired": false,
      "IsPrincipal": true,
      "ArgumentType": 0,
      "DataSourceItems": null
    },
    {
      "Name": "in_propertyLevel1",
      "DisplayName": "in_propertyLevel1",
      "Category": null,
      "Tooltip": null,
      "Placeholder": "Animal",
      "Widget": null,
      "IsRequired": false,
      "IsPrincipal": true,
      "ArgumentType": 0,
      "DataSourceItems": null
    },
    {
      "Name": "_out_DeserializeJson_Generic_1_3__JsonObject",
      "DisplayName": "_out_DeserializeJson_Generic_1_3__JsonObject",
      "Category": null,
      "Tooltip": null,
      "Placeholder": null,
      "Widget": null,
      "IsRequired": false,
      "IsPrincipal": true,
      "ArgumentType": 0,
      "DataSourceItems": null
    }
  ]
}