{
  "Workflows": [
    {
      "Path": null,
      "SortBy": 0,
      "VariablesSectionElementsOrder": null,
      "ArgumentsSectionElementsOrder": null,
      "ConstantsSectionElementsOrder": null,
      "AddedNamespaces": null
    },
    {
      "Path": "Orchestator/Alerts.xaml",
      "SortBy": 0,
      "VariablesSectionElementsOrder": null,
      "ArgumentsSectionElementsOrder": null,
      "ConstantsSectionElementsOrder": null,
      "AddedNamespaces": null
    },
    {
      "Path": "Orchestator/API.xaml",
      "SortBy": 0,
      "VariablesSectionElementsOrder": null,
      "ArgumentsSectionElementsOrder": [
        "endpoint",
        "jsonPayload",
        "headers",
        "jsonResponse",
        "responseCode"
      ],
      "ConstantsSectionElementsOrder": null,
      "AddedNamespaces": null
    },
    {
      "Path": "Orchestator/Assets.xaml",
      "SortBy": 0,
      "VariablesSectionElementsOrder": null,
      "ArgumentsSectionElementsOrder": [
        "out_Username",
        "out_Password",
        "out_assetValue",
        "in_assetValue",
        "in_assetName",
        "in_credentialName",
        "in_password",
        "in_username",
        "in_folderPath"
      ],
      "ConstantsSectionElementsOrder": null,
      "AddedNamespaces": null
    },
    {
      "Path": "Programming/Debug.xaml",
      "SortBy": 0,
      "VariablesSectionElementsOrder": null,
      "ArgumentsSectionElementsOrder": [
        "myMesasge",
        "myStatus"
      ],
      "ConstantsSectionElementsOrder": null,
      "AddedNamespaces": null
    },
    {
      "Path": "Orchestator/Storage.xaml",
      "SortBy": 0,
      "VariablesSectionElementsOrder": null,
      "ArgumentsSectionElementsOrder": [
        "folderPath",
        "storageBucketName",
        "path",
        "destination",
        "directory",
        "listStorageFilesResult",
        "in_FileName",
        "in_TextToWrite",
        "out_CurrentFiles",
        "out_FileFound",
        "out_FileName",
        "in_DownloadLocation",
        "out_DownloadedFileExists",
        "out_FilesInStorageBucketAfterDelete",
        "out_FileExistsAfterDelete",
        "out_FileAfterWriting",
        "out_DownloadedFileText"
      ],
      "ConstantsSectionElementsOrder": null,
      "AddedNamespaces": null
    },
    {
      "Path": "TestFlowchart.xaml",
      "SortBy": 0,
      "VariablesSectionElementsOrder": null,
      "ArgumentsSectionElementsOrder": null,
      "ConstantsSectionElementsOrder": null,
      "AddedNamespaces": null
    },
    {
      "Path": "Sequence.xaml",
      "SortBy": 0,
      "VariablesSectionElementsOrder": null,
      "ArgumentsSectionElementsOrder": null,
      "ConstantsSectionElementsOrder": null,
      "AddedNamespaces": null
    }
  ]
}