{"ProjectWatches":"{\"Value\":[]}","ProjectBreakpoints":"{\"CodeBreakpoints\":{},\"Value\":{\"Orchestator/CacheStrategy/Asset-Execution.xaml\":[{\"ConditionalExpression\":\"\",\"ActionExpression\":\"\",\"ExpectedHitCounter\":5,\"ShouldContinueAfterAction\":false,\"IsTransient\":false,\"BreakpointType\":1,\"LocationIdentifier\":\"Get Asset\",\"IsEnabled\":false,\"Id\":\"9c4b693f-9857-412d-86ab-d79be2732d41\",\"ActivityIdRef\":\"GetRobotAsset_1\",\"ActivityId\":\"1.23\",\"ActivityName\":\"Get Asset\"}]}}","OpenedDocuments":"[\"TestFlowchart.xaml\",\"Sequence.xaml\"]","ProjectActivitiesViewState":"{\"TestFlowchart.xaml\":[{\"ActivityIdRef\":\"WriteLine_1\",\"IsAdvancedOptionsExpanded\":false,\"Widgets\":{}},{\"ActivityIdRef\":\"WriteLine_2\",\"IsAdvancedOptionsExpanded\":false,\"Widgets\":{}},{\"ActivityIdRef\":\"WriteLine_3\",\"IsAdvancedOptionsExpanded\":false,\"Widgets\":{}},{\"ActivityIdRef\":\"WriteLine_4\",\"IsAdvancedOptionsExpanded\":false,\"Widgets\":{}}]}","ProjectSettings":"{\"CompileExpressions\":true,\"ReadyToRun\":false,\"DefaultActivitiesRootCategories\":[null],\"IncludeSourcesByDefault\":true,\"RemoveUnusedDependencies\":false}"}