{
  "Packages": [
    {
      "Package": {
        "Id": "UiPath.Excel.Activities",
        "Version": "2.9.5"
      },
      "Assemblies": [
        "C:\\Users\\Liviu.Ponova\\.nuget\\packages\\closedxml\\0.87.1\\lib/net40/ClosedXML.dll",
        "C:\\Users\\Liviu.Ponova\\.nuget\\packages\\csvhelper\\2.13.5\\lib/net40-client/CsvHelper.dll",
        "C:\\Users\\Liviu.Ponova\\.nuget\\packages\\documentformat.openxml\\2.5.0\\lib/DocumentFormat.OpenXml.dll",
        "C:\\Users\\Liviu.Ponova\\.nuget\\packages\\microsoft.visualstudio.ole.interop\\7.10.6071\\lib/Microsoft.VisualStudio.OLE.Interop.dll",
        "C:\\Users\\Liviu.Ponova\\.nuget\\packages\\npoi\\2.4.1\\lib/net45/NPOI.OOXML.dll",
        "C:\\Users\\Liviu.Ponova\\.nuget\\packages\\npoi\\2.4.1\\lib/net45/NPOI.OpenXml4Net.dll",
        "C:\\Users\\Liviu.Ponova\\.nuget\\packages\\npoi\\2.4.1\\lib/net45/NPOI.OpenXmlFormats.dll",
        "C:\\Users\\Liviu.Ponova\\.nuget\\packages\\npoi\\2.4.1\\lib/net45/NPOI.dll",
        "C:\\Users\\Liviu.Ponova\\.nuget\\packages\\sharpziplib\\1.2.0\\lib/net45/ICSharpCode.SharpZipLib.dll",
        "C:\\Users\\Liviu.Ponova\\.nuget\\packages\\uipath.excel.activities\\2.9.5\\lib/net461/UiPath.Excel.Activities.Design.dll",
        "C:\\Users\\Liviu.Ponova\\.nuget\\packages\\uipath.excel.activities\\2.9.5\\lib/net461/UiPath.Excel.Activities.dll",
        "C:\\Users\\Liviu.Ponova\\.nuget\\packages\\uipath.excel.activities\\2.9.5\\lib/net461/UiPath.Excel.dll"
      ],
      "Path": "C:\\Users\\Liviu.Ponova\\.nuget\\packages\\uipath.excel.activities\\2.9.5"
    },
    {
      "Package": {
        "Id": "UiPath.System.Activities",
        "Version": "20.10.3"
      },
      "Assemblies": [
        "C:\\Users\\Liviu.Ponova\\.nuget\\packages\\csvhelper\\2.13.5\\lib/net40-client/CsvHelper.dll",
        "C:\\Users\\Liviu.Ponova\\.nuget\\packages\\microsoft.aspnet.signalr.client\\2.4.0\\lib/net45/Microsoft.AspNet.SignalR.Client.dll",
        "C:\\Users\\Liviu.Ponova\\.nuget\\packages\\microsoft.aspnetcore.connections.abstractions\\3.1.6\\lib/netstandard2.0/Microsoft.AspNetCore.Connections.Abstractions.dll",
        "C:\\Users\\Liviu.Ponova\\.nuget\\packages\\microsoft.aspnetcore.http.connections.client\\3.1.6\\lib/netstandard2.0/Microsoft.AspNetCore.Http.Connections.Client.dll",
        "C:\\Users\\Liviu.Ponova\\.nuget\\packages\\microsoft.aspnetcore.http.connections.common\\3.1.6\\lib/netstandard2.0/Microsoft.AspNetCore.Http.Connections.Common.dll",
        "C:\\Users\\Liviu.Ponova\\.nuget\\packages\\microsoft.aspnetcore.http.features\\3.1.6\\lib/netstandard2.0/Microsoft.AspNetCore.Http.Features.dll",
        "C:\\Users\\Liviu.Ponova\\.nuget\\packages\\microsoft.aspnetcore.signalr.client\\3.1.6\\lib/netstandard2.0/Microsoft.AspNetCore.SignalR.Client.dll",
        "C:\\Users\\Liviu.Ponova\\.nuget\\packages\\microsoft.aspnetcore.signalr.client.core\\3.1.6\\lib/netstandard2.0/Microsoft.AspNetCore.SignalR.Client.Core.dll",
        "C:\\Users\\Liviu.Ponova\\.nuget\\packages\\microsoft.aspnetcore.signalr.common\\3.1.6\\lib/netstandard2.0/Microsoft.AspNetCore.SignalR.Common.dll",
        "C:\\Users\\Liviu.Ponova\\.nuget\\packages\\microsoft.aspnetcore.signalr.protocols.json\\3.1.6\\lib/netstandard2.0/Microsoft.AspNetCore.SignalR.Protocols.Json.dll",
        "C:\\Users\\Liviu.Ponova\\.nuget\\packages\\microsoft.bcl.asyncinterfaces\\1.1.1\\lib/net461/Microsoft.Bcl.AsyncInterfaces.dll",
        "C:\\Users\\Liviu.Ponova\\.nuget\\packages\\microsoft.extensions.configuration\\3.1.6\\lib/netstandard2.0/Microsoft.Extensions.Configuration.dll",
        "C:\\Users\\Liviu.Ponova\\.nuget\\packages\\microsoft.extensions.configuration.abstractions\\3.1.6\\lib/netstandard2.0/Microsoft.Extensions.Configuration.Abstractions.dll",
        "C:\\Users\\Liviu.Ponova\\.nuget\\packages\\microsoft.extensions.configuration.binder\\3.1.6\\lib/netstandard2.0/Microsoft.Extensions.Configuration.Binder.dll",
        "C:\\Users\\Liviu.Ponova\\.nuget\\packages\\microsoft.extensions.dependencyinjection\\3.1.6\\lib/net461/Microsoft.Extensions.DependencyInjection.dll",
        "C:\\Users\\Liviu.Ponova\\.nuget\\packages\\microsoft.extensions.dependencyinjection.abstractions\\3.1.6\\lib/netstandard2.0/Microsoft.Extensions.DependencyInjection.Abstractions.dll",
        "C:\\Users\\Liviu.Ponova\\.nuget\\packages\\microsoft.extensions.logging\\3.1.6\\lib/netstandard2.0/Microsoft.Extensions.Logging.dll",
        "C:\\Users\\Liviu.Ponova\\.nuget\\packages\\microsoft.extensions.logging.abstractions\\3.1.6\\lib/netstandard2.0/Microsoft.Extensions.Logging.Abstractions.dll",
        "C:\\Users\\Liviu.Ponova\\.nuget\\packages\\microsoft.extensions.options\\3.1.6\\lib/netstandard2.0/Microsoft.Extensions.Options.dll",
        "C:\\Users\\Liviu.Ponova\\.nuget\\packages\\microsoft.extensions.primitives\\3.1.6\\lib/netstandard2.0/Microsoft.Extensions.Primitives.dll",
        "C:\\Users\\Liviu.Ponova\\.nuget\\packages\\microsoft.rest.clientruntime\\2.3.24\\lib/net461/Microsoft.Rest.ClientRuntime.dll",
        "C:\\Users\\Liviu.Ponova\\.nuget\\packages\\newtonsoft.json\\13.0.1\\lib/net45/Newtonsoft.Json.dll",
        "C:\\Users\\Liviu.Ponova\\.nuget\\packages\\sharpziplib\\1.2.0\\lib/net45/ICSharpCode.SharpZipLib.dll",
        "C:\\Users\\Liviu.Ponova\\.nuget\\packages\\system.buffers\\4.5.1\\lib/net461/System.Buffers.dll",
        "C:\\Users\\Liviu.Ponova\\.nuget\\packages\\system.componentmodel.annotations\\4.7.0\\lib/net461/System.ComponentModel.Annotations.dll",
        "C:\\Users\\Liviu.Ponova\\.nuget\\packages\\system.io.abstractions\\3.0.10\\lib/net40/System.IO.Abstractions.dll",
        "C:\\Users\\Liviu.Ponova\\.nuget\\packages\\system.io.pipelines\\4.7.1\\lib/netstandard2.0/System.IO.Pipelines.dll",
        "C:\\Users\\Liviu.Ponova\\.nuget\\packages\\system.memory\\4.5.4\\lib/net461/System.Memory.dll",
        "C:\\Users\\Liviu.Ponova\\.nuget\\packages\\system.net.http\\4.3.4\\runtimes/win/lib/net46/System.Net.Http.dll",
        "C:\\Users\\Liviu.Ponova\\.nuget\\packages\\system.numerics.vectors\\4.5.0\\lib/net46/System.Numerics.Vectors.dll",
        "C:\\Users\\Liviu.Ponova\\.nuget\\packages\\system.runtime.compilerservices.unsafe\\6.0.0\\lib/net461/System.Runtime.CompilerServices.Unsafe.dll",
        "C:\\Users\\Liviu.Ponova\\.nuget\\packages\\system.security.cryptography.algorithms\\4.3.0\\runtimes/win/lib/net461/System.Security.Cryptography.Algorithms.dll",
        "C:\\Users\\Liviu.Ponova\\.nuget\\packages\\system.security.cryptography.encoding\\4.3.0\\runtimes/win/lib/net46/System.Security.Cryptography.Encoding.dll",
        "C:\\Users\\Liviu.Ponova\\.nuget\\packages\\system.security.cryptography.primitives\\4.3.0\\lib/net46/System.Security.Cryptography.Primitives.dll",
        "C:\\Users\\Liviu.Ponova\\.nuget\\packages\\system.security.cryptography.x509certificates\\4.3.0\\runtimes/win/lib/net461/System.Security.Cryptography.X509Certificates.dll",
        "C:\\Users\\Liviu.Ponova\\.nuget\\packages\\system.text.encodings.web\\4.7.2\\lib/net461/System.Text.Encodings.Web.dll",
        "C:\\Users\\Liviu.Ponova\\.nuget\\packages\\system.text.json\\4.7.2\\lib/net461/System.Text.Json.dll",
        "C:\\Users\\Liviu.Ponova\\.nuget\\packages\\system.threading.channels\\4.7.1\\lib/net461/System.Threading.Channels.dll",
        "C:\\Users\\Liviu.Ponova\\.nuget\\packages\\system.threading.tasks.dataflow\\6.0.0\\lib/net461/System.Threading.Tasks.Dataflow.dll",
        "C:\\Users\\Liviu.Ponova\\.nuget\\packages\\system.threading.tasks.extensions\\4.5.4\\lib/net461/System.Threading.Tasks.Extensions.dll",
        "C:\\Users\\Liviu.Ponova\\.nuget\\packages\\system.valuetuple\\4.5.0\\lib/net461/System.ValueTuple.dll",
        "C:\\Users\\Liviu.Ponova\\.nuget\\packages\\uipath.platform\\24.2.0\\lib/net461/UiPath.Platform.dll",
        "C:\\Users\\Liviu.Ponova\\.nuget\\packages\\uipath.system.activities\\20.10.3\\lib/net461/ActiproSoftware.Docking.Wpf.dll",
        "C:\\Users\\Liviu.Ponova\\.nuget\\packages\\uipath.system.activities\\20.10.3\\lib/net461/ActiproSoftware.Ribbon.Wpf.dll",
        "C:\\Users\\Liviu.Ponova\\.nuget\\packages\\uipath.system.activities\\20.10.3\\lib/net461/ActiproSoftware.Shared.Wpf.dll",
        "C:\\Users\\Liviu.Ponova\\.nuget\\packages\\uipath.system.activities\\20.10.3\\lib/net461/ActiproSoftware.SyntaxEditor.Addons.DotNet.Wpf.dll",
        "C:\\Users\\Liviu.Ponova\\.nuget\\packages\\uipath.system.activities\\20.10.3\\lib/net461/ActiproSoftware.SyntaxEditor.Wpf.dll",
        "C:\\Users\\Liviu.Ponova\\.nuget\\packages\\uipath.system.activities\\20.10.3\\lib/net461/ActiproSoftware.Text.Addons.DotNet.Wpf.dll",
        "C:\\Users\\Liviu.Ponova\\.nuget\\packages\\uipath.system.activities\\20.10.3\\lib/net461/ActiproSoftware.Text.LLParser.Wpf.dll",
        "C:\\Users\\Liviu.Ponova\\.nuget\\packages\\uipath.system.activities\\20.10.3\\lib/net461/ActiproSoftware.Text.Wpf.dll",
        "C:\\Users\\Liviu.Ponova\\.nuget\\packages\\uipath.system.activities\\20.10.3\\lib/net461/ActiproSoftware.Wizard.Wpf.dll",
        "C:\\Users\\Liviu.Ponova\\.nuget\\packages\\uipath.system.activities\\20.10.3\\lib/net461/UiPath.OrchestratorClient.dll",
        "C:\\Users\\Liviu.Ponova\\.nuget\\packages\\uipath.system.activities\\20.10.3\\lib/net461/UiPath.System.Activities.Design.dll",
        "C:\\Users\\Liviu.Ponova\\.nuget\\packages\\uipath.system.activities\\20.10.3\\lib/net461/UiPath.System.Activities.dll"
      ],
      "Path": "C:\\Users\\Liviu.Ponova\\.nuget\\packages\\uipath.system.activities\\20.10.3"
    },
    {
      "Package": {
        "Id": "UiPath.UIAutomation.Activities",
        "Version": "24.2.0-preview"
      },
      "Assemblies": [
        "C:\\Users\\Liviu.Ponova\\.nuget\\packages\\azure.core\\1.36.0\\lib/net461/Azure.Core.dll",
        "C:\\Users\\Liviu.Ponova\\.nuget\\packages\\azure.storage.blobs\\12.19.1\\lib/netstandard2.0/Azure.Storage.Blobs.dll",
        "C:\\Users\\Liviu.Ponova\\.nuget\\packages\\azure.storage.common\\12.18.1\\lib/netstandard2.0/Azure.Storage.Common.dll",
        "C:\\Users\\Liviu.Ponova\\.nuget\\packages\\microsoft.azure.cognitiveservices.vision.computervision\\7.0.1\\lib/net461/Microsoft.Azure.CognitiveServices.Vision.ComputerVision.dll",
        "C:\\Users\\Liviu.Ponova\\.nuget\\packages\\microsoft.bcl.asyncinterfaces\\1.1.1\\lib/net461/Microsoft.Bcl.AsyncInterfaces.dll",
        "C:\\Users\\Liviu.Ponova\\.nuget\\packages\\microsoft.rest.clientruntime\\2.3.24\\lib/net461/Microsoft.Rest.ClientRuntime.dll",
        "C:\\Users\\Liviu.Ponova\\.nuget\\packages\\microsoft.rest.clientruntime.azure\\3.3.18\\lib/net452/Microsoft.Rest.ClientRuntime.Azure.dll",
        "C:\\Users\\Liviu.Ponova\\.nuget\\packages\\newtonsoft.json\\13.0.1\\lib/net45/Newtonsoft.Json.dll",
        "C:\\Users\\Liviu.Ponova\\.nuget\\packages\\nlog\\4.5.11\\lib/net45/NLog.dll",
        "C:\\Users\\Liviu.Ponova\\.nuget\\packages\\polly\\7.1.0\\lib/netstandard2.0/Polly.dll",
        "C:\\Users\\Liviu.Ponova\\.nuget\\packages\\system.buffers\\4.5.1\\lib/net461/System.Buffers.dll",
        "C:\\Users\\Liviu.Ponova\\.nuget\\packages\\system.collections.immutable\\5.0.0\\lib/net461/System.Collections.Immutable.dll",
        "C:\\Users\\Liviu.Ponova\\.nuget\\packages\\system.diagnostics.diagnosticsource\\6.0.1\\lib/net461/System.Diagnostics.DiagnosticSource.dll",
        "C:\\Users\\Liviu.Ponova\\.nuget\\packages\\system.io.abstractions\\3.0.10\\lib/net40/System.IO.Abstractions.dll",
        "C:\\Users\\Liviu.Ponova\\.nuget\\packages\\system.io.hashing\\6.0.0\\lib/net461/System.IO.Hashing.dll",
        "C:\\Users\\Liviu.Ponova\\.nuget\\packages\\system.memory\\4.5.4\\lib/net461/System.Memory.dll",
        "C:\\Users\\Liviu.Ponova\\.nuget\\packages\\system.memory.data\\1.0.2\\lib/net461/System.Memory.Data.dll",
        "C:\\Users\\Liviu.Ponova\\.nuget\\packages\\system.net.http\\4.3.4\\runtimes/win/lib/net46/System.Net.Http.dll",
        "C:\\Users\\Liviu.Ponova\\.nuget\\packages\\system.numerics.vectors\\4.5.0\\lib/net46/System.Numerics.Vectors.dll",
        "C:\\Users\\Liviu.Ponova\\.nuget\\packages\\system.runtime.compilerservices.unsafe\\6.0.0\\lib/net461/System.Runtime.CompilerServices.Unsafe.dll",
        "C:\\Users\\Liviu.Ponova\\.nuget\\packages\\system.runtime.interopservices.runtimeinformation\\4.3.0\\runtimes/win/lib/net45/System.Runtime.InteropServices.RuntimeInformation.dll",
        "C:\\Users\\Liviu.Ponova\\.nuget\\packages\\system.security.cryptography.algorithms\\4.3.0\\runtimes/win/lib/net461/System.Security.Cryptography.Algorithms.dll",
        "C:\\Users\\Liviu.Ponova\\.nuget\\packages\\system.security.cryptography.encoding\\4.3.0\\runtimes/win/lib/net46/System.Security.Cryptography.Encoding.dll",
        "C:\\Users\\Liviu.Ponova\\.nuget\\packages\\system.security.cryptography.primitives\\4.3.0\\lib/net46/System.Security.Cryptography.Primitives.dll",
        "C:\\Users\\Liviu.Ponova\\.nuget\\packages\\system.security.cryptography.x509certificates\\4.3.0\\runtimes/win/lib/net461/System.Security.Cryptography.X509Certificates.dll",
        "C:\\Users\\Liviu.Ponova\\.nuget\\packages\\system.text.encodings.web\\4.7.2\\lib/net461/System.Text.Encodings.Web.dll",
        "C:\\Users\\Liviu.Ponova\\.nuget\\packages\\system.text.json\\4.7.2\\lib/net461/System.Text.Json.dll",
        "C:\\Users\\Liviu.Ponova\\.nuget\\packages\\system.threading.tasks.dataflow\\6.0.0\\lib/net461/System.Threading.Tasks.Dataflow.dll",
        "C:\\Users\\Liviu.Ponova\\.nuget\\packages\\system.threading.tasks.extensions\\4.5.4\\lib/net461/System.Threading.Tasks.Extensions.dll",
        "C:\\Users\\Liviu.Ponova\\.nuget\\packages\\system.valuetuple\\4.5.0\\lib/net461/System.ValueTuple.dll",
        "C:\\Users\\Liviu.Ponova\\.nuget\\packages\\uipath\\24.2.78.22593-preview\\lib/net45/UiPath.Interop.dll",
        "C:\\Users\\Liviu.Ponova\\.nuget\\packages\\uipath.activities.runtimegovernance\\1.1.6\\lib/net461/UiPath.Activities.RuntimeGovernance.dll",
        "C:\\Users\\Liviu.Ponova\\.nuget\\packages\\uipath.imageprocessing\\23.4.0\\lib/net461/UiPath.ImageProcessingInterop.dll",
        "C:\\Users\\Liviu.Ponova\\.nuget\\packages\\uipath.ocr.activities\\3.17.1\\lib/net461/UiPath.OCR.Activities.Design.dll",
        "C:\\Users\\Liviu.Ponova\\.nuget\\packages\\uipath.ocr.activities\\3.17.1\\lib/net461/UiPath.OCR.Activities.dll",
        "C:\\Users\\Liviu.Ponova\\.nuget\\packages\\uipath.ocr.activities\\3.17.1\\lib/net461/UiPath.OCR.Core.dll",
        "C:\\Users\\Liviu.Ponova\\.nuget\\packages\\uipath.ocr.contracts\\2.16.0\\lib/net461/UiPath.OCR.Contracts.dll",
        "C:\\Users\\Liviu.Ponova\\.nuget\\packages\\uipath.platform\\24.2.0\\lib/net461/UiPath.Platform.dll",
        "C:\\Users\\Liviu.Ponova\\.nuget\\packages\\uipath.telemetry.client\\1.5.3\\lib/net461/TelemetryClient.dll",
        "C:\\Users\\Liviu.Ponova\\.nuget\\packages\\uipath.uiautomation.activities\\24.2.0-preview\\lib/net461/UiPath.CV.Activities.Design.dll",
        "C:\\Users\\Liviu.Ponova\\.nuget\\packages\\uipath.uiautomation.activities\\24.2.0-preview\\lib/net461/UiPath.UIAutomation.Activities.Design.dll",
        "C:\\Users\\Liviu.Ponova\\.nuget\\packages\\uipath.uiautomation.activities\\24.2.0-preview\\lib/net461/UiPath.UIAutomationNext.Activities.Design.Contracts.dll",
        "C:\\Users\\Liviu.Ponova\\.nuget\\packages\\uipath.uiautomation.activities\\24.2.0-preview\\lib/net461/UiPath.UIAutomationNext.Activities.Design.dll",
        "C:\\Users\\Liviu.Ponova\\.nuget\\packages\\uipath.uiautomation.activities\\24.2.0-preview\\lib/net461/UiPath.Wizards.dll",
        "C:\\Users\\Liviu.Ponova\\.nuget\\packages\\uipath.uiautomation.activities.runtime\\24.2.0-preview\\lib/net461/UiPath.CV.Activities.dll",
        "C:\\Users\\Liviu.Ponova\\.nuget\\packages\\uipath.uiautomation.activities.runtime\\24.2.0-preview\\lib/net461/UiPath.CV.dll",
        "C:\\Users\\Liviu.Ponova\\.nuget\\packages\\uipath.uiautomation.activities.runtime\\24.2.0-preview\\lib/net461/UiPath.UIAutomationCore.dll",
        "C:\\Users\\Liviu.Ponova\\.nuget\\packages\\uipath.uiautomation.activities.runtime\\24.2.0-preview\\lib/net461/UiPath.UIAutomationNext.Activities.Contracts.dll",
        "C:\\Users\\Liviu.Ponova\\.nuget\\packages\\uipath.uiautomation.activities.runtime\\24.2.0-preview\\lib/net461/UiPath.UIAutomationNext.Activities.dll",
        "C:\\Users\\Liviu.Ponova\\.nuget\\packages\\uipath.uiautomation.activities.runtime\\24.2.0-preview\\lib/net461/UiPath.UIAutomationNext.dll",
        "C:\\Users\\Liviu.Ponova\\.nuget\\packages\\uipath.uiautomation.activities.runtime\\24.2.0-preview\\lib/net461/UiPath.UiAutomation.Activities.dll",
        "C:\\Users\\Liviu.Ponova\\.nuget\\packages\\uipath.vision\\3.12.0\\lib/net461/MimeDetective.Definitions.Exhaustive.dll",
        "C:\\Users\\Liviu.Ponova\\.nuget\\packages\\uipath.vision\\3.12.0\\lib/net461/MimeDetective.dll",
        "C:\\Users\\Liviu.Ponova\\.nuget\\packages\\uipath.vision\\3.12.0\\lib/net461/UiPath.Vision.AzureComputerVision.dll",
        "C:\\Users\\Liviu.Ponova\\.nuget\\packages\\uipath.vision\\3.12.0\\lib/net461/UiPath.Vision.Core.dll",
        "C:\\Users\\Liviu.Ponova\\.nuget\\packages\\uipath.vision\\3.12.0\\lib/net461/UiPath.Vision.GoogleCloud.dll",
        "C:\\Users\\Liviu.Ponova\\.nuget\\packages\\uipath.vision\\3.12.0\\lib/net461/UiPath.Vision.Microsoft.dll",
        "C:\\Users\\Liviu.Ponova\\.nuget\\packages\\uipath.vision\\3.12.0\\lib/net461/UiPath.Vision.Tesseract.dll",
        "C:\\Users\\Liviu.Ponova\\.nuget\\packages\\uipath.vision\\3.12.0\\lib/net461/UiPath.Vision.dll"
      ],
      "Path": "C:\\Users\\Liviu.Ponova\\.nuget\\packages\\uipath.uiautomation.activities\\24.2.0-preview"
    }
  ],
  "Conflicts": [],
  "ResolvedDependencies": {
    "Azure.Core": {
      "Id": "Azure.Core",
      "Version": "1.36.0",
      "Dependencies": [
        {
          "Item1": "Microsoft.Bcl.AsyncInterfaces",
          "Item2": "[1.1.1, )"
        },
        {
          "Item1": "System.Diagnostics.DiagnosticSource",
          "Item2": "[6.0.1, )"
        },
        {
          "Item1": "System.Memory.Data",
          "Item2": "[1.0.2, )"
        },
        {
          "Item1": "System.Net.Http",
          "Item2": "[4.3.4, )"
        },
        {
          "Item1": "System.Numerics.Vectors",
          "Item2": "[4.5.0, )"
        },
        {
          "Item1": "System.Runtime.InteropServices.RuntimeInformation",
          "Item2": "[4.3.0, )"
        },
        {
          "Item1": "System.Text.Encodings.Web",
          "Item2": "[4.7.2, )"
        },
        {
          "Item1": "System.Text.Json",
          "Item2": "[4.7.2, )"
        },
        {
          "Item1": "System.Threading.Tasks.Extensions",
          "Item2": "[4.5.4, )"
        }
      ]
    },
    "Azure.Storage.Blobs": {
      "Id": "Azure.Storage.Blobs",
      "Version": "12.19.1",
      "Dependencies": [
        {
          "Item1": "Azure.Storage.Common",
          "Item2": "[12.18.1, )"
        },
        {
          "Item1": "System.Text.Json",
          "Item2": "[4.7.2, )"
        }
      ]
    },
    "Azure.Storage.Common": {
      "Id": "Azure.Storage.Common",
      "Version": "12.18.1",
      "Dependencies": [
        {
          "Item1": "Azure.Core",
          "Item2": "[1.36.0, )"
        },
        {
          "Item1": "System.IO.Hashing",
          "Item2": "[6.0.0, )"
        }
      ]
    },
    "ClosedXML": {
      "Id": "ClosedXML",
      "Version": "0.87.1",
      "Dependencies": [
        {
          "Item1": "DocumentFormat.OpenXml",
          "Item2": "[2.5.0, )"
        }
      ]
    },
    "CsvHelper": {
      "Id": "CsvHelper",
      "Version": "2.13.5",
      "Dependencies": []
    },
    "DocumentFormat.OpenXml": {
      "Id": "DocumentFormat.OpenXml",
      "Version": "2.5.0",
      "Dependencies": []
    },
    "Microsoft.AspNet.SignalR.Client": {
      "Id": "Microsoft.AspNet.SignalR.Client",
      "Version": "2.4.0",
      "Dependencies": [
        {
          "Item1": "Newtonsoft.Json",
          "Item2": "[6.0.4, )"
        }
      ]
    },
    "Microsoft.AspNetCore.Connections.Abstractions": {
      "Id": "Microsoft.AspNetCore.Connections.Abstractions",
      "Version": "3.1.6",
      "Dependencies": [
        {
          "Item1": "Microsoft.AspNetCore.Http.Features",
          "Item2": "[3.1.6, )"
        },
        {
          "Item1": "Microsoft.Bcl.AsyncInterfaces",
          "Item2": "[1.1.1, )"
        },
        {
          "Item1": "System.IO.Pipelines",
          "Item2": "[4.7.1, )"
        }
      ]
    },
    "Microsoft.AspNetCore.Http.Connections.Client": {
      "Id": "Microsoft.AspNetCore.Http.Connections.Client",
      "Version": "3.1.6",
      "Dependencies": [
        {
          "Item1": "Microsoft.AspNetCore.Http.Connections.Common",
          "Item2": "[3.1.6, )"
        },
        {
          "Item1": "Microsoft.Extensions.Logging.Abstractions",
          "Item2": "[3.1.6, )"
        },
        {
          "Item1": "Microsoft.Extensions.Options",
          "Item2": "[3.1.6, )"
        }
      ]
    },
    "Microsoft.AspNetCore.Http.Connections.Common": {
      "Id": "Microsoft.AspNetCore.Http.Connections.Common",
      "Version": "3.1.6",
      "Dependencies": [
        {
          "Item1": "Microsoft.AspNetCore.Connections.Abstractions",
          "Item2": "[3.1.6, )"
        },
        {
          "Item1": "System.Text.Json",
          "Item2": "[4.7.2, )"
        }
      ]
    },
    "Microsoft.AspNetCore.Http.Features": {
      "Id": "Microsoft.AspNetCore.Http.Features",
      "Version": "3.1.6",
      "Dependencies": [
        {
          "Item1": "Microsoft.Extensions.Primitives",
          "Item2": "[3.1.6, )"
        },
        {
          "Item1": "System.IO.Pipelines",
          "Item2": "[4.7.1, )"
        }
      ]
    },
    "Microsoft.AspNetCore.SignalR.Client": {
      "Id": "Microsoft.AspNetCore.SignalR.Client",
      "Version": "3.1.6",
      "Dependencies": [
        {
          "Item1": "Microsoft.AspNetCore.SignalR.Client.Core",
          "Item2": "[3.1.6, )"
        },
        {
          "Item1": "Microsoft.AspNetCore.Http.Connections.Client",
          "Item2": "[3.1.6, )"
        }
      ]
    },
    "Microsoft.AspNetCore.SignalR.Client.Core": {
      "Id": "Microsoft.AspNetCore.SignalR.Client.Core",
      "Version": "3.1.6",
      "Dependencies": [
        {
          "Item1": "Microsoft.AspNetCore.SignalR.Protocols.Json",
          "Item2": "[3.1.6, )"
        },
        {
          "Item1": "Microsoft.AspNetCore.SignalR.Common",
          "Item2": "[3.1.6, )"
        },
        {
          "Item1": "Microsoft.Bcl.AsyncInterfaces",
          "Item2": "[1.1.1, )"
        },
        {
          "Item1": "Microsoft.Extensions.DependencyInjection",
          "Item2": "[3.1.6, )"
        },
        {
          "Item1": "Microsoft.Extensions.Logging",
          "Item2": "[3.1.6, )"
        },
        {
          "Item1": "System.Threading.Channels",
          "Item2": "[4.7.1, )"
        }
      ]
    },
    "Microsoft.AspNetCore.SignalR.Common": {
      "Id": "Microsoft.AspNetCore.SignalR.Common",
      "Version": "3.1.6",
      "Dependencies": [
        {
          "Item1": "Microsoft.AspNetCore.Connections.Abstractions",
          "Item2": "[3.1.6, )"
        },
        {
          "Item1": "Microsoft.Extensions.Options",
          "Item2": "[3.1.6, )"
        },
        {
          "Item1": "System.Text.Json",
          "Item2": "[4.7.2, )"
        }
      ]
    },
    "Microsoft.AspNetCore.SignalR.Protocols.Json": {
      "Id": "Microsoft.AspNetCore.SignalR.Protocols.Json",
      "Version": "3.1.6",
      "Dependencies": [
        {
          "Item1": "Microsoft.AspNetCore.SignalR.Common",
          "Item2": "[3.1.6, )"
        }
      ]
    },
    "Microsoft.Azure.CognitiveServices.Vision.ComputerVision": {
      "Id": "Microsoft.Azure.CognitiveServices.Vision.ComputerVision",
      "Version": "7.0.1",
      "Dependencies": [
        {
          "Item1": "Microsoft.Rest.ClientRuntime",
          "Item2": "[2.3.20, 3.0.0)"
        },
        {
          "Item1": "Microsoft.Rest.ClientRuntime.Azure",
          "Item2": "[3.3.18, 4.0.0)"
        },
        {
          "Item1": "Newtonsoft.Json",
          "Item2": "[10.0.3, )"
        }
      ]
    },
    "Microsoft.Bcl.AsyncInterfaces": {
      "Id": "Microsoft.Bcl.AsyncInterfaces",
      "Version": "1.1.1",
      "Dependencies": [
        {
          "Item1": "System.Threading.Tasks.Extensions",
          "Item2": "[4.5.4, )"
        }
      ]
    },
    "Microsoft.Extensions.Configuration": {
      "Id": "Microsoft.Extensions.Configuration",
      "Version": "3.1.6",
      "Dependencies": [
        {
          "Item1": "Microsoft.Extensions.Configuration.Abstractions",
          "Item2": "[3.1.6, )"
        }
      ]
    },
    "Microsoft.Extensions.Configuration.Abstractions": {
      "Id": "Microsoft.Extensions.Configuration.Abstractions",
      "Version": "3.1.6",
      "Dependencies": [
        {
          "Item1": "Microsoft.Extensions.Primitives",
          "Item2": "[3.1.6, )"
        }
      ]
    },
    "Microsoft.Extensions.Configuration.Binder": {
      "Id": "Microsoft.Extensions.Configuration.Binder",
      "Version": "3.1.6",
      "Dependencies": [
        {
          "Item1": "Microsoft.Extensions.Configuration",
          "Item2": "[3.1.6, )"
        }
      ]
    },
    "Microsoft.Extensions.DependencyInjection": {
      "Id": "Microsoft.Extensions.DependencyInjection",
      "Version": "3.1.6",
      "Dependencies": [
        {
          "Item1": "Microsoft.Extensions.DependencyInjection.Abstractions",
          "Item2": "[3.1.6, )"
        },
        {
          "Item1": "Microsoft.Bcl.AsyncInterfaces",
          "Item2": "[1.1.1, )"
        }
      ]
    },
    "Microsoft.Extensions.DependencyInjection.Abstractions": {
      "Id": "Microsoft.Extensions.DependencyInjection.Abstractions",
      "Version": "3.1.6",
      "Dependencies": []
    },
    "Microsoft.Extensions.Logging": {
      "Id": "Microsoft.Extensions.Logging",
      "Version": "3.1.6",
      "Dependencies": [
        {
          "Item1": "Microsoft.Extensions.Configuration.Binder",
          "Item2": "[3.1.6, )"
        },
        {
          "Item1": "Microsoft.Extensions.DependencyInjection",
          "Item2": "[3.1.6, )"
        },
        {
          "Item1": "Microsoft.Extensions.Logging.Abstractions",
          "Item2": "[3.1.6, )"
        },
        {
          "Item1": "Microsoft.Extensions.Options",
          "Item2": "[3.1.6, )"
        }
      ]
    },
    "Microsoft.Extensions.Logging.Abstractions": {
      "Id": "Microsoft.Extensions.Logging.Abstractions",
      "Version": "3.1.6",
      "Dependencies": []
    },
    "Microsoft.Extensions.Options": {
      "Id": "Microsoft.Extensions.Options",
      "Version": "3.1.6",
      "Dependencies": [
        {
          "Item1": "Microsoft.Extensions.DependencyInjection.Abstractions",
          "Item2": "[3.1.6, )"
        },
        {
          "Item1": "Microsoft.Extensions.Primitives",
          "Item2": "[3.1.6, )"
        },
        {
          "Item1": "System.ComponentModel.Annotations",
          "Item2": "[4.7.0, )"
        }
      ]
    },
    "Microsoft.Extensions.Primitives": {
      "Id": "Microsoft.Extensions.Primitives",
      "Version": "3.1.6",
      "Dependencies": [
        {
          "Item1": "System.Memory",
          "Item2": "[4.5.2, )"
        },
        {
          "Item1": "System.Runtime.CompilerServices.Unsafe",
          "Item2": "[4.7.1, )"
        }
      ]
    },
    "Microsoft.Rest.ClientRuntime": {
      "Id": "Microsoft.Rest.ClientRuntime",
      "Version": "2.3.24",
      "Dependencies": [
        {
          "Item1": "Newtonsoft.Json",
          "Item2": "[10.0.3, )"
        }
      ]
    },
    "Microsoft.Rest.ClientRuntime.Azure": {
      "Id": "Microsoft.Rest.ClientRuntime.Azure",
      "Version": "3.3.18",
      "Dependencies": [
        {
          "Item1": "Microsoft.Rest.ClientRuntime",
          "Item2": "[2.3.17, 3.0.0)"
        },
        {
          "Item1": "Newtonsoft.Json",
          "Item2": "[6.0.8, )"
        }
      ]
    },
    "Microsoft.VisualStudio.OLE.Interop": {
      "Id": "Microsoft.VisualStudio.OLE.Interop",
      "Version": "7.10.6071",
      "Dependencies": []
    },
    "Newtonsoft.Json": {
      "Id": "Newtonsoft.Json",
      "Version": "13.0.1",
      "Dependencies": []
    },
    "NLog": {
      "Id": "NLog",
      "Version": "4.5.11",
      "Dependencies": []
    },
    "NPOI": {
      "Id": "NPOI",
      "Version": "2.4.1",
      "Dependencies": [
        {
          "Item1": "SharpZipLib",
          "Item2": "[1.0.0, )"
        }
      ]
    },
    "Polly": {
      "Id": "Polly",
      "Version": "7.1.0",
      "Dependencies": []
    },
    "SharpZipLib": {
      "Id": "SharpZipLib",
      "Version": "1.2.0",
      "Dependencies": []
    },
    "System.Buffers": {
      "Id": "System.Buffers",
      "Version": "4.5.1",
      "Dependencies": []
    },
    "System.Collections.Immutable": {
      "Id": "System.Collections.Immutable",
      "Version": "5.0.0",
      "Dependencies": [
        {
          "Item1": "System.Memory",
          "Item2": "[4.5.4, )"
        }
      ]
    },
    "System.ComponentModel.Annotations": {
      "Id": "System.ComponentModel.Annotations",
      "Version": "4.7.0",
      "Dependencies": []
    },
    "System.Diagnostics.DiagnosticSource": {
      "Id": "System.Diagnostics.DiagnosticSource",
      "Version": "6.0.1",
      "Dependencies": [
        {
          "Item1": "System.Runtime.CompilerServices.Unsafe",
          "Item2": "[6.0.0, )"
        },
        {
          "Item1": "System.Memory",
          "Item2": "[4.5.4, )"
        }
      ]
    },
    "System.IO.Abstractions": {
      "Id": "System.IO.Abstractions",
      "Version": "3.0.10",
      "Dependencies": []
    },
    "System.IO.Hashing": {
      "Id": "System.IO.Hashing",
      "Version": "6.0.0",
      "Dependencies": [
        {
          "Item1": "System.Buffers",
          "Item2": "[4.5.1, )"
        },
        {
          "Item1": "System.Memory",
          "Item2": "[4.5.4, )"
        }
      ]
    },
    "System.IO.Pipelines": {
      "Id": "System.IO.Pipelines",
      "Version": "4.7.1",
      "Dependencies": [
        {
          "Item1": "System.Buffers",
          "Item2": "[4.5.0, )"
        },
        {
          "Item1": "System.Memory",
          "Item2": "[4.5.3, )"
        },
        {
          "Item1": "System.Threading.Tasks.Extensions",
          "Item2": "[4.5.2, )"
        }
      ]
    },
    "System.Memory": {
      "Id": "System.Memory",
      "Version": "4.5.4",
      "Dependencies": [
        {
          "Item1": "System.Buffers",
          "Item2": "[4.5.1, )"
        },
        {
          "Item1": "System.Numerics.Vectors",
          "Item2": "[4.5.0, )"
        },
        {
          "Item1": "System.Runtime.CompilerServices.Unsafe",
          "Item2": "[4.5.3, )"
        }
      ]
    },
    "System.Memory.Data": {
      "Id": "System.Memory.Data",
      "Version": "1.0.2",
      "Dependencies": [
        {
          "Item1": "System.Text.Encodings.Web",
          "Item2": "[4.7.2, )"
        },
        {
          "Item1": "System.Text.Json",
          "Item2": "[4.6.0, )"
        }
      ]
    },
    "System.Net.Http": {
      "Id": "System.Net.Http",
      "Version": "4.3.4",
      "Dependencies": [
        {
          "Item1": "System.Security.Cryptography.X509Certificates",
          "Item2": "[4.3.0, )"
        }
      ]
    },
    "System.Numerics.Vectors": {
      "Id": "System.Numerics.Vectors",
      "Version": "4.5.0",
      "Dependencies": []
    },
    "System.Runtime.CompilerServices.Unsafe": {
      "Id": "System.Runtime.CompilerServices.Unsafe",
      "Version": "6.0.0",
      "Dependencies": []
    },
    "System.Runtime.InteropServices.RuntimeInformation": {
      "Id": "System.Runtime.InteropServices.RuntimeInformation",
      "Version": "4.3.0",
      "Dependencies": []
    },
    "System.Security.Cryptography.Algorithms": {
      "Id": "System.Security.Cryptography.Algorithms",
      "Version": "4.3.0",
      "Dependencies": [
        {
          "Item1": "System.Security.Cryptography.Primitives",
          "Item2": "[4.3.0, )"
        }
      ]
    },
    "System.Security.Cryptography.Encoding": {
      "Id": "System.Security.Cryptography.Encoding",
      "Version": "4.3.0",
      "Dependencies": []
    },
    "System.Security.Cryptography.Primitives": {
      "Id": "System.Security.Cryptography.Primitives",
      "Version": "4.3.0",
      "Dependencies": []
    },
    "System.Security.Cryptography.X509Certificates": {
      "Id": "System.Security.Cryptography.X509Certificates",
      "Version": "4.3.0",
      "Dependencies": [
        {
          "Item1": "System.Security.Cryptography.Algorithms",
          "Item2": "[4.3.0, )"
        },
        {
          "Item1": "System.Security.Cryptography.Encoding",
          "Item2": "[4.3.0, )"
        }
      ]
    },
    "System.Text.Encodings.Web": {
      "Id": "System.Text.Encodings.Web",
      "Version": "4.7.2",
      "Dependencies": [
        {
          "Item1": "System.Buffers",
          "Item2": "[4.5.1, )"
        },
        {
          "Item1": "System.Memory",
          "Item2": "[4.5.4, )"
        }
      ]
    },
    "System.Text.Json": {
      "Id": "System.Text.Json",
      "Version": "4.7.2",
      "Dependencies": [
        {
          "Item1": "Microsoft.Bcl.AsyncInterfaces",
          "Item2": "[1.1.0, )"
        },
        {
          "Item1": "System.Buffers",
          "Item2": "[4.5.1, )"
        },
        {
          "Item1": "System.Memory",
          "Item2": "[4.5.4, )"
        },
        {
          "Item1": "System.Numerics.Vectors",
          "Item2": "[4.5.0, )"
        },
        {
          "Item1": "System.Runtime.CompilerServices.Unsafe",
          "Item2": "[4.7.1, )"
        },
        {
          "Item1": "System.Text.Encodings.Web",
          "Item2": "[4.7.1, )"
        },
        {
          "Item1": "System.Threading.Tasks.Extensions",
          "Item2": "[4.5.4, )"
        },
        {
          "Item1": "System.ValueTuple",
          "Item2": "[4.5.0, )"
        }
      ]
    },
    "System.Threading.Channels": {
      "Id": "System.Threading.Channels",
      "Version": "4.7.1",
      "Dependencies": [
        {
          "Item1": "System.Threading.Tasks.Extensions",
          "Item2": "[4.5.4, )"
        }
      ]
    },
    "System.Threading.Tasks.Dataflow": {
      "Id": "System.Threading.Tasks.Dataflow",
      "Version": "6.0.0",
      "Dependencies": []
    },
    "System.Threading.Tasks.Extensions": {
      "Id": "System.Threading.Tasks.Extensions",
      "Version": "4.5.4",
      "Dependencies": [
        {
          "Item1": "System.Runtime.CompilerServices.Unsafe",
          "Item2": "[4.5.3, )"
        }
      ]
    },
    "System.ValueTuple": {
      "Id": "System.ValueTuple",
      "Version": "4.5.0",
      "Dependencies": []
    },
    "UiPath": {
      "Id": "UiPath",
      "Version": "24.2.78.22593-preview",
      "Dependencies": []
    },
    "UiPath.Activities.RuntimeGovernance": {
      "Id": "UiPath.Activities.RuntimeGovernance",
      "Version": "1.1.6",
      "Dependencies": [
        {
          "Item1": "Newtonsoft.Json",
          "Item2": "[11.0.2, )"
        }
      ]
    },
    "UiPath.Excel.Activities": {
      "Id": "UiPath.Excel.Activities",
      "Version": "2.9.5",
      "Dependencies": [
        {
          "Item1": "ClosedXML",
          "Item2": "[0.87.1, )"
        },
        {
          "Item1": "CsvHelper",
          "Item2": "[2.13.5, )"
        },
        {
          "Item1": "DocumentFormat.OpenXml",
          "Item2": "[2.5.0, )"
        },
        {
          "Item1": "Microsoft.VisualStudio.OLE.Interop",
          "Item2": "[7.10.6071, )"
        },
        {
          "Item1": "NPOI",
          "Item2": "[2.4.1, )"
        },
        {
          "Item1": "SharpZipLib",
          "Item2": "[1.0.0, )"
        }
      ]
    },
    "UiPath.ImageProcessing": {
      "Id": "UiPath.ImageProcessing",
      "Version": "23.4.0",
      "Dependencies": []
    },
    "UiPath.OCR.Activities": {
      "Id": "UiPath.OCR.Activities",
      "Version": "3.17.1",
      "Dependencies": [
        {
          "Item1": "Microsoft.Azure.CognitiveServices.Vision.ComputerVision",
          "Item2": "[7.0.1, )"
        },
        {
          "Item1": "Microsoft.Rest.ClientRuntime",
          "Item2": "[2.3.24, )"
        },
        {
          "Item1": "Newtonsoft.Json",
          "Item2": "[13.0.1, )"
        },
        {
          "Item1": "NLog",
          "Item2": "[4.5.11, )"
        },
        {
          "Item1": "Polly",
          "Item2": "[7.1.0, )"
        },
        {
          "Item1": "System.Collections.Immutable",
          "Item2": "[5.0.0, )"
        },
        {
          "Item1": "System.ValueTuple",
          "Item2": "[4.5.0, )"
        },
        {
          "Item1": "UiPath.OCR.Contracts",
          "Item2": "[2.16.0, )"
        },
        {
          "Item1": "UiPath.Platform",
          "Item2": "[23.4.0, )"
        }
      ]
    },
    "UiPath.OCR.Contracts": {
      "Id": "UiPath.OCR.Contracts",
      "Version": "2.16.0",
      "Dependencies": []
    },
    "UiPath.Platform": {
      "Id": "UiPath.Platform",
      "Version": "24.2.0",
      "Dependencies": [
        {
          "Item1": "Newtonsoft.Json",
          "Item2": "[13.0.1, )"
        },
        {
          "Item1": "System.IO.Abstractions",
          "Item2": "[3.0.10, )"
        },
        {
          "Item1": "System.Net.Http",
          "Item2": "[4.3.4, )"
        },
        {
          "Item1": "System.Threading.Tasks.Dataflow",
          "Item2": "[6.0.0, )"
        },
        {
          "Item1": "System.ValueTuple",
          "Item2": "[4.5.0, )"
        }
      ]
    },
    "UiPath.System.Activities": {
      "Id": "UiPath.System.Activities",
      "Version": "20.10.3",
      "Dependencies": [
        {
          "Item1": "UiPath.Platform",
          "Item2": "[20.10.4, )"
        },
        {
          "Item1": "CsvHelper",
          "Item2": "[2.13.5, )"
        },
        {
          "Item1": "Microsoft.AspNet.SignalR.Client",
          "Item2": "[2.4.0, )"
        },
        {
          "Item1": "Microsoft.AspNetCore.SignalR.Client",
          "Item2": "[3.1.6, )"
        },
        {
          "Item1": "Microsoft.Bcl.AsyncInterfaces",
          "Item2": "[1.1.1, )"
        },
        {
          "Item1": "Microsoft.Rest.ClientRuntime",
          "Item2": "[2.3.21, )"
        },
        {
          "Item1": "Newtonsoft.Json",
          "Item2": "[11.0.2, )"
        },
        {
          "Item1": "SharpZipLib",
          "Item2": "[1.2.0, )"
        },
        {
          "Item1": "System.Buffers",
          "Item2": "[4.5.1, )"
        },
        {
          "Item1": "System.Memory",
          "Item2": "[4.5.4, )"
        },
        {
          "Item1": "System.Numerics.Vectors",
          "Item2": "[4.5.0, )"
        },
        {
          "Item1": "System.Runtime.CompilerServices.Unsafe",
          "Item2": "[4.7.1, )"
        },
        {
          "Item1": "System.Threading.Tasks.Extensions",
          "Item2": "[4.5.4, )"
        }
      ]
    },
    "UiPath.Telemetry.Client": {
      "Id": "UiPath.Telemetry.Client",
      "Version": "1.5.3",
      "Dependencies": [
        {
          "Item1": "Newtonsoft.Json",
          "Item2": "[11.0.2, )"
        },
        {
          "Item1": "System.Threading.Tasks.Dataflow",
          "Item2": "[5.0.0, )"
        },
        {
          "Item1": "System.ValueTuple",
          "Item2": "[4.5.0, )"
        }
      ]
    },
    "UiPath.UIAutomation.Activities": {
      "Id": "UiPath.UIAutomation.Activities",
      "Version": "24.2.0-preview",
      "Dependencies": [
        {
          "Item1": "UiPath.UIAutomation.Activities.Runtime",
          "Item2": "[24.2.0-preview, 24.2.0-preview]"
        }
      ]
    },
    "UiPath.UIAutomation.Activities.Runtime": {
      "Id": "UiPath.UIAutomation.Activities.Runtime",
      "Version": "24.2.0-preview",
      "Dependencies": [
        {
          "Item1": "UiPath",
          "Item2": "[24.2.78.22593-preview, 24.2.78.22593-preview]"
        },
        {
          "Item1": "UiPath.Vision",
          "Item2": "[3.12.0, )"
        },
        {
          "Item1": "UiPath.OCR.Contracts",
          "Item2": "[2.16.0, )"
        },
        {
          "Item1": "UiPath.OCR.Activities",
          "Item2": "[3.17.1, )"
        },
        {
          "Item1": "UiPath.Platform",
          "Item2": "[24.2.0, )"
        },
        {
          "Item1": "Newtonsoft.Json",
          "Item2": "[13.0.1, )"
        },
        {
          "Item1": "System.IO.Abstractions",
          "Item2": "[3.0.10, )"
        },
        {
          "Item1": "Azure.Storage.Blobs",
          "Item2": "[12.19.1, )"
        },
        {
          "Item1": "UiPath.ImageProcessing",
          "Item2": "[23.4.0, )"
        },
        {
          "Item1": "UiPath.Telemetry.Client",
          "Item2": "[1.5.3, )"
        },
        {
          "Item1": "UiPath.Activities.RuntimeGovernance",
          "Item2": "[1.1.6, )"
        }
      ]
    },
    "UiPath.Vision": {
      "Id": "UiPath.Vision",
      "Version": "3.12.0",
      "Dependencies": [
        {
          "Item1": "UiPath.OCR.Contracts",
          "Item2": "[2.16.0, )"
        }
      ]
    }
  },
  "AllPackages": [
    {
      "Package": {
        "Id": "Azure.Core",
        "Version": "1.36.0"
      },
      "Assemblies": [
        "C:\\Users\\Liviu.Ponova\\.nuget\\packages\\azure.core\\1.36.0\\lib\\net461\\Azure.Core.dll"
      ],
      "Path": "C:\\Users\\Liviu.Ponova\\.nuget\\packages\\azure.core\\1.36.0"
    },
    {
      "Package": {
        "Id": "Azure.Storage.Blobs",
        "Version": "12.19.1"
      },
      "Assemblies": [
        "C:\\Users\\Liviu.Ponova\\.nuget\\packages\\azure.storage.blobs\\12.19.1\\lib\\netstandard2.0\\Azure.Storage.Blobs.dll"
      ],
      "Path": "C:\\Users\\Liviu.Ponova\\.nuget\\packages\\azure.storage.blobs\\12.19.1"
    },
    {
      "Package": {
        "Id": "Azure.Storage.Common",
        "Version": "12.18.1"
      },
      "Assemblies": [
        "C:\\Users\\Liviu.Ponova\\.nuget\\packages\\azure.storage.common\\12.18.1\\lib\\netstandard2.0\\Azure.Storage.Common.dll"
      ],
      "Path": "C:\\Users\\Liviu.Ponova\\.nuget\\packages\\azure.storage.common\\12.18.1"
    },
    {
      "Package": {
        "Id": "ClosedXML",
        "Version": "0.87.1"
      },
      "Assemblies": [
        "C:\\Users\\Liviu.Ponova\\.nuget\\packages\\closedxml\\0.87.1\\lib\\net40\\ClosedXML.dll"
      ],
      "Path": "C:\\Users\\Liviu.Ponova\\.nuget\\packages\\closedxml\\0.87.1"
    },
    {
      "Package": {
        "Id": "CsvHelper",
        "Version": "2.13.5"
      },
      "Assemblies": [
        "C:\\Users\\Liviu.Ponova\\.nuget\\packages\\csvhelper\\2.13.5\\lib\\net40-client\\CsvHelper.dll"
      ],
      "Path": "C:\\Users\\Liviu.Ponova\\.nuget\\packages\\csvhelper\\2.13.5"
    },
    {
      "Package": {
        "Id": "DocumentFormat.OpenXml",
        "Version": "2.5.0"
      },
      "Assemblies": [
        "C:\\Users\\Liviu.Ponova\\.nuget\\packages\\documentformat.openxml\\2.5.0\\lib\\DocumentFormat.OpenXml.dll"
      ],
      "Path": "C:\\Users\\Liviu.Ponova\\.nuget\\packages\\documentformat.openxml\\2.5.0"
    },
    {
      "Package": {
        "Id": "Microsoft.AspNet.SignalR.Client",
        "Version": "2.4.0"
      },
      "Assemblies": [
        "C:\\Users\\Liviu.Ponova\\.nuget\\packages\\microsoft.aspnet.signalr.client\\2.4.0\\lib\\net45\\Microsoft.AspNet.SignalR.Client.dll"
      ],
      "Path": "C:\\Users\\Liviu.Ponova\\.nuget\\packages\\microsoft.aspnet.signalr.client\\2.4.0"
    },
    {
      "Package": {
        "Id": "Microsoft.AspNetCore.Connections.Abstractions",
        "Version": "3.1.6"
      },
      "Assemblies": [
        "C:\\Users\\Liviu.Ponova\\.nuget\\packages\\microsoft.aspnetcore.connections.abstractions\\3.1.6\\lib\\netstandard2.0\\Microsoft.AspNetCore.Connections.Abstractions.dll"
      ],
      "Path": "C:\\Users\\Liviu.Ponova\\.nuget\\packages\\microsoft.aspnetcore.connections.abstractions\\3.1.6"
    },
    {
      "Package": {
        "Id": "Microsoft.AspNetCore.Http.Connections.Client",
        "Version": "3.1.6"
      },
      "Assemblies": [
        "C:\\Users\\Liviu.Ponova\\.nuget\\packages\\microsoft.aspnetcore.http.connections.client\\3.1.6\\lib\\netstandard2.0\\Microsoft.AspNetCore.Http.Connections.Client.dll"
      ],
      "Path": "C:\\Users\\Liviu.Ponova\\.nuget\\packages\\microsoft.aspnetcore.http.connections.client\\3.1.6"
    },
    {
      "Package": {
        "Id": "Microsoft.AspNetCore.Http.Connections.Common",
        "Version": "3.1.6"
      },
      "Assemblies": [
        "C:\\Users\\Liviu.Ponova\\.nuget\\packages\\microsoft.aspnetcore.http.connections.common\\3.1.6\\lib\\netstandard2.0\\Microsoft.AspNetCore.Http.Connections.Common.dll"
      ],
      "Path": "C:\\Users\\Liviu.Ponova\\.nuget\\packages\\microsoft.aspnetcore.http.connections.common\\3.1.6"
    },
    {
      "Package": {
        "Id": "Microsoft.AspNetCore.Http.Features",
        "Version": "3.1.6"
      },
      "Assemblies": [
        "C:\\Users\\Liviu.Ponova\\.nuget\\packages\\microsoft.aspnetcore.http.features\\3.1.6\\lib\\netstandard2.0\\Microsoft.AspNetCore.Http.Features.dll"
      ],
      "Path": "C:\\Users\\Liviu.Ponova\\.nuget\\packages\\microsoft.aspnetcore.http.features\\3.1.6"
    },
    {
      "Package": {
        "Id": "Microsoft.AspNetCore.SignalR.Client",
        "Version": "3.1.6"
      },
      "Assemblies": [
        "C:\\Users\\Liviu.Ponova\\.nuget\\packages\\microsoft.aspnetcore.signalr.client\\3.1.6\\lib\\netstandard2.0\\Microsoft.AspNetCore.SignalR.Client.dll"
      ],
      "Path": "C:\\Users\\Liviu.Ponova\\.nuget\\packages\\microsoft.aspnetcore.signalr.client\\3.1.6"
    },
    {
      "Package": {
        "Id": "Microsoft.AspNetCore.SignalR.Client.Core",
        "Version": "3.1.6"
      },
      "Assemblies": [
        "C:\\Users\\Liviu.Ponova\\.nuget\\packages\\microsoft.aspnetcore.signalr.client.core\\3.1.6\\lib\\netstandard2.0\\Microsoft.AspNetCore.SignalR.Client.Core.dll"
      ],
      "Path": "C:\\Users\\Liviu.Ponova\\.nuget\\packages\\microsoft.aspnetcore.signalr.client.core\\3.1.6"
    },
    {
      "Package": {
        "Id": "Microsoft.AspNetCore.SignalR.Common",
        "Version": "3.1.6"
      },
      "Assemblies": [
        "C:\\Users\\Liviu.Ponova\\.nuget\\packages\\microsoft.aspnetcore.signalr.common\\3.1.6\\lib\\netstandard2.0\\Microsoft.AspNetCore.SignalR.Common.dll"
      ],
      "Path": "C:\\Users\\Liviu.Ponova\\.nuget\\packages\\microsoft.aspnetcore.signalr.common\\3.1.6"
    },
    {
      "Package": {
        "Id": "Microsoft.AspNetCore.SignalR.Protocols.Json",
        "Version": "3.1.6"
      },
      "Assemblies": [
        "C:\\Users\\Liviu.Ponova\\.nuget\\packages\\microsoft.aspnetcore.signalr.protocols.json\\3.1.6\\lib\\netstandard2.0\\Microsoft.AspNetCore.SignalR.Protocols.Json.dll"
      ],
      "Path": "C:\\Users\\Liviu.Ponova\\.nuget\\packages\\microsoft.aspnetcore.signalr.protocols.json\\3.1.6"
    },
    {
      "Package": {
        "Id": "Microsoft.Azure.CognitiveServices.Vision.ComputerVision",
        "Version": "7.0.1"
      },
      "Assemblies": [
        "C:\\Users\\Liviu.Ponova\\.nuget\\packages\\microsoft.azure.cognitiveservices.vision.computervision\\7.0.1\\lib\\net461\\Microsoft.Azure.CognitiveServices.Vision.ComputerVision.dll"
      ],
      "Path": "C:\\Users\\Liviu.Ponova\\.nuget\\packages\\microsoft.azure.cognitiveservices.vision.computervision\\7.0.1"
    },
    {
      "Package": {
        "Id": "Microsoft.Bcl.AsyncInterfaces",
        "Version": "1.1.1"
      },
      "Assemblies": [
        "C:\\Users\\Liviu.Ponova\\.nuget\\packages\\microsoft.bcl.asyncinterfaces\\1.1.1\\lib\\net461\\Microsoft.Bcl.AsyncInterfaces.dll"
      ],
      "Path": "C:\\Users\\Liviu.Ponova\\.nuget\\packages\\microsoft.bcl.asyncinterfaces\\1.1.1"
    },
    {
      "Package": {
        "Id": "Microsoft.Extensions.Configuration",
        "Version": "3.1.6"
      },
      "Assemblies": [
        "C:\\Users\\Liviu.Ponova\\.nuget\\packages\\microsoft.extensions.configuration\\3.1.6\\lib\\netstandard2.0\\Microsoft.Extensions.Configuration.dll"
      ],
      "Path": "C:\\Users\\Liviu.Ponova\\.nuget\\packages\\microsoft.extensions.configuration\\3.1.6"
    },
    {
      "Package": {
        "Id": "Microsoft.Extensions.Configuration.Abstractions",
        "Version": "3.1.6"
      },
      "Assemblies": [
        "C:\\Users\\Liviu.Ponova\\.nuget\\packages\\microsoft.extensions.configuration.abstractions\\3.1.6\\lib\\netstandard2.0\\Microsoft.Extensions.Configuration.Abstractions.dll"
      ],
      "Path": "C:\\Users\\Liviu.Ponova\\.nuget\\packages\\microsoft.extensions.configuration.abstractions\\3.1.6"
    },
    {
      "Package": {
        "Id": "Microsoft.Extensions.Configuration.Binder",
        "Version": "3.1.6"
      },
      "Assemblies": [
        "C:\\Users\\Liviu.Ponova\\.nuget\\packages\\microsoft.extensions.configuration.binder\\3.1.6\\lib\\netstandard2.0\\Microsoft.Extensions.Configuration.Binder.dll"
      ],
      "Path": "C:\\Users\\Liviu.Ponova\\.nuget\\packages\\microsoft.extensions.configuration.binder\\3.1.6"
    },
    {
      "Package": {
        "Id": "Microsoft.Extensions.DependencyInjection",
        "Version": "3.1.6"
      },
      "Assemblies": [
        "C:\\Users\\Liviu.Ponova\\.nuget\\packages\\microsoft.extensions.dependencyinjection\\3.1.6\\lib\\net461\\Microsoft.Extensions.DependencyInjection.dll"
      ],
      "Path": "C:\\Users\\Liviu.Ponova\\.nuget\\packages\\microsoft.extensions.dependencyinjection\\3.1.6"
    },
    {
      "Package": {
        "Id": "Microsoft.Extensions.DependencyInjection.Abstractions",
        "Version": "3.1.6"
      },
      "Assemblies": [
        "C:\\Users\\Liviu.Ponova\\.nuget\\packages\\microsoft.extensions.dependencyinjection.abstractions\\3.1.6\\lib\\netstandard2.0\\Microsoft.Extensions.DependencyInjection.Abstractions.dll"
      ],
      "Path": "C:\\Users\\Liviu.Ponova\\.nuget\\packages\\microsoft.extensions.dependencyinjection.abstractions\\3.1.6"
    },
    {
      "Package": {
        "Id": "Microsoft.Extensions.Logging",
        "Version": "3.1.6"
      },
      "Assemblies": [
        "C:\\Users\\Liviu.Ponova\\.nuget\\packages\\microsoft.extensions.logging\\3.1.6\\lib\\netstandard2.0\\Microsoft.Extensions.Logging.dll"
      ],
      "Path": "C:\\Users\\Liviu.Ponova\\.nuget\\packages\\microsoft.extensions.logging\\3.1.6"
    },
    {
      "Package": {
        "Id": "Microsoft.Extensions.Logging.Abstractions",
        "Version": "3.1.6"
      },
      "Assemblies": [
        "C:\\Users\\Liviu.Ponova\\.nuget\\packages\\microsoft.extensions.logging.abstractions\\3.1.6\\lib\\netstandard2.0\\Microsoft.Extensions.Logging.Abstractions.dll"
      ],
      "Path": "C:\\Users\\Liviu.Ponova\\.nuget\\packages\\microsoft.extensions.logging.abstractions\\3.1.6"
    },
    {
      "Package": {
        "Id": "Microsoft.Extensions.Options",
        "Version": "3.1.6"
      },
      "Assemblies": [
        "C:\\Users\\Liviu.Ponova\\.nuget\\packages\\microsoft.extensions.options\\3.1.6\\lib\\netstandard2.0\\Microsoft.Extensions.Options.dll"
      ],
      "Path": "C:\\Users\\Liviu.Ponova\\.nuget\\packages\\microsoft.extensions.options\\3.1.6"
    },
    {
      "Package": {
        "Id": "Microsoft.Extensions.Primitives",
        "Version": "3.1.6"
      },
      "Assemblies": [
        "C:\\Users\\Liviu.Ponova\\.nuget\\packages\\microsoft.extensions.primitives\\3.1.6\\lib\\netstandard2.0\\Microsoft.Extensions.Primitives.dll"
      ],
      "Path": "C:\\Users\\Liviu.Ponova\\.nuget\\packages\\microsoft.extensions.primitives\\3.1.6"
    },
    {
      "Package": {
        "Id": "Microsoft.Rest.ClientRuntime",
        "Version": "2.3.24"
      },
      "Assemblies": [
        "C:\\Users\\Liviu.Ponova\\.nuget\\packages\\microsoft.rest.clientruntime\\2.3.24\\lib\\net461\\Microsoft.Rest.ClientRuntime.dll"
      ],
      "Path": "C:\\Users\\Liviu.Ponova\\.nuget\\packages\\microsoft.rest.clientruntime\\2.3.24"
    },
    {
      "Package": {
        "Id": "Microsoft.Rest.ClientRuntime.Azure",
        "Version": "3.3.18"
      },
      "Assemblies": [
        "C:\\Users\\Liviu.Ponova\\.nuget\\packages\\microsoft.rest.clientruntime.azure\\3.3.18\\lib\\net452\\Microsoft.Rest.ClientRuntime.Azure.dll"
      ],
      "Path": "C:\\Users\\Liviu.Ponova\\.nuget\\packages\\microsoft.rest.clientruntime.azure\\3.3.18"
    },
    {
      "Package": {
        "Id": "Microsoft.VisualStudio.OLE.Interop",
        "Version": "7.10.6071"
      },
      "Assemblies": [
        "C:\\Users\\Liviu.Ponova\\.nuget\\packages\\microsoft.visualstudio.ole.interop\\7.10.6071\\lib\\Microsoft.VisualStudio.OLE.Interop.dll"
      ],
      "Path": "C:\\Users\\Liviu.Ponova\\.nuget\\packages\\microsoft.visualstudio.ole.interop\\7.10.6071"
    },
    {
      "Package": {
        "Id": "Newtonsoft.Json",
        "Version": "13.0.1"
      },
      "Assemblies": [
        "C:\\Users\\Liviu.Ponova\\.nuget\\packages\\newtonsoft.json\\13.0.1\\lib\\net45\\Newtonsoft.Json.dll"
      ],
      "Path": "C:\\Users\\Liviu.Ponova\\.nuget\\packages\\newtonsoft.json\\13.0.1"
    },
    {
      "Package": {
        "Id": "NLog",
        "Version": "4.5.11"
      },
      "Assemblies": [
        "C:\\Users\\Liviu.Ponova\\.nuget\\packages\\nlog\\4.5.11\\lib\\net45\\NLog.dll"
      ],
      "Path": "C:\\Users\\Liviu.Ponova\\.nuget\\packages\\nlog\\4.5.11"
    },
    {
      "Package": {
        "Id": "NPOI",
        "Version": "2.4.1"
      },
      "Assemblies": [
        "C:\\Users\\Liviu.Ponova\\.nuget\\packages\\npoi\\2.4.1\\lib\\net45\\NPOI.OOXML.dll",
        "C:\\Users\\Liviu.Ponova\\.nuget\\packages\\npoi\\2.4.1\\lib\\net45\\NPOI.OpenXml4Net.dll",
        "C:\\Users\\Liviu.Ponova\\.nuget\\packages\\npoi\\2.4.1\\lib\\net45\\NPOI.OpenXmlFormats.dll",
        "C:\\Users\\Liviu.Ponova\\.nuget\\packages\\npoi\\2.4.1\\lib\\net45\\NPOI.dll"
      ],
      "Path": "C:\\Users\\Liviu.Ponova\\.nuget\\packages\\npoi\\2.4.1"
    },
    {
      "Package": {
        "Id": "Polly",
        "Version": "7.1.0"
      },
      "Assemblies": [
        "C:\\Users\\Liviu.Ponova\\.nuget\\packages\\polly\\7.1.0\\lib\\netstandard2.0\\Polly.dll"
      ],
      "Path": "C:\\Users\\Liviu.Ponova\\.nuget\\packages\\polly\\7.1.0"
    },
    {
      "Package": {
        "Id": "SharpZipLib",
        "Version": "1.2.0"
      },
      "Assemblies": [
        "C:\\Users\\Liviu.Ponova\\.nuget\\packages\\sharpziplib\\1.2.0\\lib\\net45\\ICSharpCode.SharpZipLib.dll"
      ],
      "Path": "C:\\Users\\Liviu.Ponova\\.nuget\\packages\\sharpziplib\\1.2.0"
    },
    {
      "Package": {
        "Id": "System.Buffers",
        "Version": "4.5.1"
      },
      "Assemblies": [
        "C:\\Users\\Liviu.Ponova\\.nuget\\packages\\system.buffers\\4.5.1\\lib\\net461\\System.Buffers.dll"
      ],
      "Path": "C:\\Users\\Liviu.Ponova\\.nuget\\packages\\system.buffers\\4.5.1"
    },
    {
      "Package": {
        "Id": "System.Collections.Immutable",
        "Version": "5.0.0"
      },
      "Assemblies": [
        "C:\\Users\\Liviu.Ponova\\.nuget\\packages\\system.collections.immutable\\5.0.0\\lib\\net461\\System.Collections.Immutable.dll"
      ],
      "Path": "C:\\Users\\Liviu.Ponova\\.nuget\\packages\\system.collections.immutable\\5.0.0"
    },
    {
      "Package": {
        "Id": "System.ComponentModel.Annotations",
        "Version": "4.7.0"
      },
      "Assemblies": [
        "C:\\Users\\Liviu.Ponova\\.nuget\\packages\\system.componentmodel.annotations\\4.7.0\\lib\\net461\\System.ComponentModel.Annotations.dll"
      ],
      "Path": "C:\\Users\\Liviu.Ponova\\.nuget\\packages\\system.componentmodel.annotations\\4.7.0"
    },
    {
      "Package": {
        "Id": "System.Diagnostics.DiagnosticSource",
        "Version": "6.0.1"
      },
      "Assemblies": [
        "C:\\Users\\Liviu.Ponova\\.nuget\\packages\\system.diagnostics.diagnosticsource\\6.0.1\\lib\\net461\\System.Diagnostics.DiagnosticSource.dll"
      ],
      "Path": "C:\\Users\\Liviu.Ponova\\.nuget\\packages\\system.diagnostics.diagnosticsource\\6.0.1"
    },
    {
      "Package": {
        "Id": "System.IO.Abstractions",
        "Version": "3.0.10"
      },
      "Assemblies": [
        "C:\\Users\\Liviu.Ponova\\.nuget\\packages\\system.io.abstractions\\3.0.10\\lib\\net40\\System.IO.Abstractions.dll"
      ],
      "Path": "C:\\Users\\Liviu.Ponova\\.nuget\\packages\\system.io.abstractions\\3.0.10"
    },
    {
      "Package": {
        "Id": "System.IO.Hashing",
        "Version": "6.0.0"
      },
      "Assemblies": [
        "C:\\Users\\Liviu.Ponova\\.nuget\\packages\\system.io.hashing\\6.0.0\\lib\\net461\\System.IO.Hashing.dll"
      ],
      "Path": "C:\\Users\\Liviu.Ponova\\.nuget\\packages\\system.io.hashing\\6.0.0"
    },
    {
      "Package": {
        "Id": "System.IO.Pipelines",
        "Version": "4.7.1"
      },
      "Assemblies": [
        "C:\\Users\\Liviu.Ponova\\.nuget\\packages\\system.io.pipelines\\4.7.1\\lib\\netstandard2.0\\System.IO.Pipelines.dll"
      ],
      "Path": "C:\\Users\\Liviu.Ponova\\.nuget\\packages\\system.io.pipelines\\4.7.1"
    },
    {
      "Package": {
        "Id": "System.Memory",
        "Version": "4.5.4"
      },
      "Assemblies": [
        "C:\\Users\\Liviu.Ponova\\.nuget\\packages\\system.memory\\4.5.4\\lib\\net461\\System.Memory.dll"
      ],
      "Path": "C:\\Users\\Liviu.Ponova\\.nuget\\packages\\system.memory\\4.5.4"
    },
    {
      "Package": {
        "Id": "System.Memory.Data",
        "Version": "1.0.2"
      },
      "Assemblies": [
        "C:\\Users\\Liviu.Ponova\\.nuget\\packages\\system.memory.data\\1.0.2\\lib\\net461\\System.Memory.Data.dll"
      ],
      "Path": "C:\\Users\\Liviu.Ponova\\.nuget\\packages\\system.memory.data\\1.0.2"
    },
    {
      "Package": {
        "Id": "System.Net.Http",
        "Version": "4.3.4"
      },
      "Assemblies": [
        "C:\\Users\\Liviu.Ponova\\.nuget\\packages\\system.net.http\\4.3.4\\runtimes\\win\\lib\\net46\\System.Net.Http.dll"
      ],
      "Path": "C:\\Users\\Liviu.Ponova\\.nuget\\packages\\system.net.http\\4.3.4"
    },
    {
      "Package": {
        "Id": "System.Numerics.Vectors",
        "Version": "4.5.0"
      },
      "Assemblies": [
        "C:\\Users\\Liviu.Ponova\\.nuget\\packages\\system.numerics.vectors\\4.5.0\\lib\\net46\\System.Numerics.Vectors.dll"
      ],
      "Path": "C:\\Users\\Liviu.Ponova\\.nuget\\packages\\system.numerics.vectors\\4.5.0"
    },
    {
      "Package": {
        "Id": "System.Runtime.CompilerServices.Unsafe",
        "Version": "6.0.0"
      },
      "Assemblies": [
        "C:\\Users\\Liviu.Ponova\\.nuget\\packages\\system.runtime.compilerservices.unsafe\\6.0.0\\lib\\net461\\System.Runtime.CompilerServices.Unsafe.dll"
      ],
      "Path": "C:\\Users\\Liviu.Ponova\\.nuget\\packages\\system.runtime.compilerservices.unsafe\\6.0.0"
    },
    {
      "Package": {
        "Id": "System.Runtime.InteropServices.RuntimeInformation",
        "Version": "4.3.0"
      },
      "Assemblies": [
        "C:\\Users\\Liviu.Ponova\\.nuget\\packages\\system.runtime.interopservices.runtimeinformation\\4.3.0\\runtimes\\win\\lib\\net45\\System.Runtime.InteropServices.RuntimeInformation.dll"
      ],
      "Path": "C:\\Users\\Liviu.Ponova\\.nuget\\packages\\system.runtime.interopservices.runtimeinformation\\4.3.0"
    },
    {
      "Package": {
        "Id": "System.Security.Cryptography.Algorithms",
        "Version": "4.3.0"
      },
      "Assemblies": [
        "C:\\Users\\Liviu.Ponova\\.nuget\\packages\\system.security.cryptography.algorithms\\4.3.0\\runtimes\\win\\lib\\net461\\System.Security.Cryptography.Algorithms.dll"
      ],
      "Path": "C:\\Users\\Liviu.Ponova\\.nuget\\packages\\system.security.cryptography.algorithms\\4.3.0"
    },
    {
      "Package": {
        "Id": "System.Security.Cryptography.Encoding",
        "Version": "4.3.0"
      },
      "Assemblies": [
        "C:\\Users\\Liviu.Ponova\\.nuget\\packages\\system.security.cryptography.encoding\\4.3.0\\runtimes\\win\\lib\\net46\\System.Security.Cryptography.Encoding.dll"
      ],
      "Path": "C:\\Users\\Liviu.Ponova\\.nuget\\packages\\system.security.cryptography.encoding\\4.3.0"
    },
    {
      "Package": {
        "Id": "System.Security.Cryptography.Primitives",
        "Version": "4.3.0"
      },
      "Assemblies": [
        "C:\\Users\\Liviu.Ponova\\.nuget\\packages\\system.security.cryptography.primitives\\4.3.0\\lib\\net46\\System.Security.Cryptography.Primitives.dll"
      ],
      "Path": "C:\\Users\\Liviu.Ponova\\.nuget\\packages\\system.security.cryptography.primitives\\4.3.0"
    },
    {
      "Package": {
        "Id": "System.Security.Cryptography.X509Certificates",
        "Version": "4.3.0"
      },
      "Assemblies": [
        "C:\\Users\\Liviu.Ponova\\.nuget\\packages\\system.security.cryptography.x509certificates\\4.3.0\\runtimes\\win\\lib\\net461\\System.Security.Cryptography.X509Certificates.dll"
      ],
      "Path": "C:\\Users\\Liviu.Ponova\\.nuget\\packages\\system.security.cryptography.x509certificates\\4.3.0"
    },
    {
      "Package": {
        "Id": "System.Text.Encodings.Web",
        "Version": "4.7.2"
      },
      "Assemblies": [
        "C:\\Users\\Liviu.Ponova\\.nuget\\packages\\system.text.encodings.web\\4.7.2\\lib\\net461\\System.Text.Encodings.Web.dll"
      ],
      "Path": "C:\\Users\\Liviu.Ponova\\.nuget\\packages\\system.text.encodings.web\\4.7.2"
    },
    {
      "Package": {
        "Id": "System.Text.Json",
        "Version": "4.7.2"
      },
      "Assemblies": [
        "C:\\Users\\Liviu.Ponova\\.nuget\\packages\\system.text.json\\4.7.2\\lib\\net461\\System.Text.Json.dll"
      ],
      "Path": "C:\\Users\\Liviu.Ponova\\.nuget\\packages\\system.text.json\\4.7.2"
    },
    {
      "Package": {
        "Id": "System.Threading.Channels",
        "Version": "4.7.1"
      },
      "Assemblies": [
        "C:\\Users\\Liviu.Ponova\\.nuget\\packages\\system.threading.channels\\4.7.1\\lib\\net461\\System.Threading.Channels.dll"
      ],
      "Path": "C:\\Users\\Liviu.Ponova\\.nuget\\packages\\system.threading.channels\\4.7.1"
    },
    {
      "Package": {
        "Id": "System.Threading.Tasks.Dataflow",
        "Version": "6.0.0"
      },
      "Assemblies": [
        "C:\\Users\\Liviu.Ponova\\.nuget\\packages\\system.threading.tasks.dataflow\\6.0.0\\lib\\net461\\System.Threading.Tasks.Dataflow.dll"
      ],
      "Path": "C:\\Users\\Liviu.Ponova\\.nuget\\packages\\system.threading.tasks.dataflow\\6.0.0"
    },
    {
      "Package": {
        "Id": "System.Threading.Tasks.Extensions",
        "Version": "4.5.4"
      },
      "Assemblies": [
        "C:\\Users\\Liviu.Ponova\\.nuget\\packages\\system.threading.tasks.extensions\\4.5.4\\lib\\net461\\System.Threading.Tasks.Extensions.dll"
      ],
      "Path": "C:\\Users\\Liviu.Ponova\\.nuget\\packages\\system.threading.tasks.extensions\\4.5.4"
    },
    {
      "Package": {
        "Id": "System.ValueTuple",
        "Version": "4.5.0"
      },
      "Assemblies": [
        "C:\\Users\\Liviu.Ponova\\.nuget\\packages\\system.valuetuple\\4.5.0\\lib\\net461\\System.ValueTuple.dll"
      ],
      "Path": "C:\\Users\\Liviu.Ponova\\.nuget\\packages\\system.valuetuple\\4.5.0"
    },
    {
      "Package": {
        "Id": "UiPath",
        "Version": "24.2.78.22593-preview"
      },
      "Assemblies": [
        "C:\\Users\\Liviu.Ponova\\.nuget\\packages\\uipath\\24.2.78.22593-preview\\lib\\net45\\UiPath.Interop.dll"
      ],
      "Path": "C:\\Users\\Liviu.Ponova\\.nuget\\packages\\uipath\\24.2.78.22593-preview"
    },
    {
      "Package": {
        "Id": "UiPath.Activities.RuntimeGovernance",
        "Version": "1.1.6"
      },
      "Assemblies": [
        "C:\\Users\\Liviu.Ponova\\.nuget\\packages\\uipath.activities.runtimegovernance\\1.1.6\\lib\\net461\\UiPath.Activities.RuntimeGovernance.dll"
      ],
      "Path": "C:\\Users\\Liviu.Ponova\\.nuget\\packages\\uipath.activities.runtimegovernance\\1.1.6"
    },
    {
      "Package": {
        "Id": "UiPath.Excel.Activities",
        "Version": "2.9.5"
      },
      "Assemblies": [
        "C:\\Users\\Liviu.Ponova\\.nuget\\packages\\uipath.excel.activities\\2.9.5\\lib\\net461\\UiPath.Excel.Activities.Design.dll",
        "C:\\Users\\Liviu.Ponova\\.nuget\\packages\\uipath.excel.activities\\2.9.5\\lib\\net461\\UiPath.Excel.Activities.dll",
        "C:\\Users\\Liviu.Ponova\\.nuget\\packages\\uipath.excel.activities\\2.9.5\\lib\\net461\\UiPath.Excel.dll"
      ],
      "Path": "C:\\Users\\Liviu.Ponova\\.nuget\\packages\\uipath.excel.activities\\2.9.5"
    },
    {
      "Package": {
        "Id": "UiPath.ImageProcessing",
        "Version": "23.4.0"
      },
      "Assemblies": [
        "C:\\Users\\Liviu.Ponova\\.nuget\\packages\\uipath.imageprocessing\\23.4.0\\lib\\net461\\UiPath.ImageProcessingInterop.dll"
      ],
      "Path": "C:\\Users\\Liviu.Ponova\\.nuget\\packages\\uipath.imageprocessing\\23.4.0"
    },
    {
      "Package": {
        "Id": "UiPath.OCR.Activities",
        "Version": "3.17.1"
      },
      "Assemblies": [
        "C:\\Users\\Liviu.Ponova\\.nuget\\packages\\uipath.ocr.activities\\3.17.1\\lib\\net461\\UiPath.OCR.Activities.Design.dll",
        "C:\\Users\\Liviu.Ponova\\.nuget\\packages\\uipath.ocr.activities\\3.17.1\\lib\\net461\\UiPath.OCR.Activities.dll",
        "C:\\Users\\Liviu.Ponova\\.nuget\\packages\\uipath.ocr.activities\\3.17.1\\lib\\net461\\UiPath.OCR.Core.dll"
      ],
      "Path": "C:\\Users\\Liviu.Ponova\\.nuget\\packages\\uipath.ocr.activities\\3.17.1"
    },
    {
      "Package": {
        "Id": "UiPath.OCR.Contracts",
        "Version": "2.16.0"
      },
      "Assemblies": [
        "C:\\Users\\Liviu.Ponova\\.nuget\\packages\\uipath.ocr.contracts\\2.16.0\\lib\\net461\\UiPath.OCR.Contracts.dll"
      ],
      "Path": "C:\\Users\\Liviu.Ponova\\.nuget\\packages\\uipath.ocr.contracts\\2.16.0"
    },
    {
      "Package": {
        "Id": "UiPath.Platform",
        "Version": "24.2.0"
      },
      "Assemblies": [
        "C:\\Users\\Liviu.Ponova\\.nuget\\packages\\uipath.platform\\24.2.0\\lib\\net461\\UiPath.Platform.dll"
      ],
      "Path": "C:\\Users\\Liviu.Ponova\\.nuget\\packages\\uipath.platform\\24.2.0"
    },
    {
      "Package": {
        "Id": "UiPath.System.Activities",
        "Version": "20.10.3"
      },
      "Assemblies": [
        "C:\\Users\\Liviu.Ponova\\.nuget\\packages\\uipath.system.activities\\20.10.3\\lib\\net461\\ActiproSoftware.Docking.Wpf.dll",
        "C:\\Users\\Liviu.Ponova\\.nuget\\packages\\uipath.system.activities\\20.10.3\\lib\\net461\\ActiproSoftware.Ribbon.Wpf.dll",
        "C:\\Users\\Liviu.Ponova\\.nuget\\packages\\uipath.system.activities\\20.10.3\\lib\\net461\\ActiproSoftware.Shared.Wpf.dll",
        "C:\\Users\\Liviu.Ponova\\.nuget\\packages\\uipath.system.activities\\20.10.3\\lib\\net461\\ActiproSoftware.SyntaxEditor.Addons.DotNet.Wpf.dll",
        "C:\\Users\\Liviu.Ponova\\.nuget\\packages\\uipath.system.activities\\20.10.3\\lib\\net461\\ActiproSoftware.SyntaxEditor.Wpf.dll",
        "C:\\Users\\Liviu.Ponova\\.nuget\\packages\\uipath.system.activities\\20.10.3\\lib\\net461\\ActiproSoftware.Text.Addons.DotNet.Wpf.dll",
        "C:\\Users\\Liviu.Ponova\\.nuget\\packages\\uipath.system.activities\\20.10.3\\lib\\net461\\ActiproSoftware.Text.LLParser.Wpf.dll",
        "C:\\Users\\Liviu.Ponova\\.nuget\\packages\\uipath.system.activities\\20.10.3\\lib\\net461\\ActiproSoftware.Text.Wpf.dll",
        "C:\\Users\\Liviu.Ponova\\.nuget\\packages\\uipath.system.activities\\20.10.3\\lib\\net461\\ActiproSoftware.Wizard.Wpf.dll",
        "C:\\Users\\Liviu.Ponova\\.nuget\\packages\\uipath.system.activities\\20.10.3\\lib\\net461\\CustomInputForm.exe",
        "C:\\Users\\Liviu.Ponova\\.nuget\\packages\\uipath.system.activities\\20.10.3\\lib\\net461\\UiPath.OrchestratorClient.dll",
        "C:\\Users\\Liviu.Ponova\\.nuget\\packages\\uipath.system.activities\\20.10.3\\lib\\net461\\UiPath.System.Activities.Design.dll",
        "C:\\Users\\Liviu.Ponova\\.nuget\\packages\\uipath.system.activities\\20.10.3\\lib\\net461\\UiPath.System.Activities.dll"
      ],
      "Path": "C:\\Users\\Liviu.Ponova\\.nuget\\packages\\uipath.system.activities\\20.10.3"
    },
    {
      "Package": {
        "Id": "UiPath.Telemetry.Client",
        "Version": "1.5.3"
      },
      "Assemblies": [
        "C:\\Users\\Liviu.Ponova\\.nuget\\packages\\uipath.telemetry.client\\1.5.3\\lib\\net461\\TelemetryClient.dll"
      ],
      "Path": "C:\\Users\\Liviu.Ponova\\.nuget\\packages\\uipath.telemetry.client\\1.5.3"
    },
    {
      "Package": {
        "Id": "UiPath.UIAutomation.Activities",
        "Version": "24.2.0-preview"
      },
      "Assemblies": [
        "C:\\Users\\Liviu.Ponova\\.nuget\\packages\\uipath.uiautomation.activities\\24.2.0-preview\\lib\\net461\\UiPath.CV.Activities.Design.dll",
        "C:\\Users\\Liviu.Ponova\\.nuget\\packages\\uipath.uiautomation.activities\\24.2.0-preview\\lib\\net461\\UiPath.UIAutomation.Activities.Design.dll",
        "C:\\Users\\Liviu.Ponova\\.nuget\\packages\\uipath.uiautomation.activities\\24.2.0-preview\\lib\\net461\\UiPath.UIAutomationNext.Activities.Design.Contracts.dll",
        "C:\\Users\\Liviu.Ponova\\.nuget\\packages\\uipath.uiautomation.activities\\24.2.0-preview\\lib\\net461\\UiPath.UIAutomationNext.Activities.Design.dll",
        "C:\\Users\\Liviu.Ponova\\.nuget\\packages\\uipath.uiautomation.activities\\24.2.0-preview\\lib\\net461\\UiPath.Wizards.dll"
      ],
      "Path": "C:\\Users\\Liviu.Ponova\\.nuget\\packages\\uipath.uiautomation.activities\\24.2.0-preview"
    },
    {
      "Package": {
        "Id": "UiPath.UIAutomation.Activities.Runtime",
        "Version": "24.2.0-preview"
      },
      "Assemblies": [
        "C:\\Users\\Liviu.Ponova\\.nuget\\packages\\uipath.uiautomation.activities.runtime\\24.2.0-preview\\lib\\net461\\UiPath.CV.Activities.dll",
        "C:\\Users\\Liviu.Ponova\\.nuget\\packages\\uipath.uiautomation.activities.runtime\\24.2.0-preview\\lib\\net461\\UiPath.CV.dll",
        "C:\\Users\\Liviu.Ponova\\.nuget\\packages\\uipath.uiautomation.activities.runtime\\24.2.0-preview\\lib\\net461\\UiPath.UIAutomationCore.dll",
        "C:\\Users\\Liviu.Ponova\\.nuget\\packages\\uipath.uiautomation.activities.runtime\\24.2.0-preview\\lib\\net461\\UiPath.UIAutomationNext.Activities.Contracts.dll",
        "C:\\Users\\Liviu.Ponova\\.nuget\\packages\\uipath.uiautomation.activities.runtime\\24.2.0-preview\\lib\\net461\\UiPath.UIAutomationNext.Activities.dll",
        "C:\\Users\\Liviu.Ponova\\.nuget\\packages\\uipath.uiautomation.activities.runtime\\24.2.0-preview\\lib\\net461\\UiPath.UIAutomationNext.dll",
        "C:\\Users\\Liviu.Ponova\\.nuget\\packages\\uipath.uiautomation.activities.runtime\\24.2.0-preview\\lib\\net461\\UiPath.UiAutomation.Activities.dll"
      ],
      "Path": "C:\\Users\\Liviu.Ponova\\.nuget\\packages\\uipath.uiautomation.activities.runtime\\24.2.0-preview"
    },
    {
      "Package": {
        "Id": "UiPath.Vision",
        "Version": "3.12.0"
      },
      "Assemblies": [
        "C:\\Users\\Liviu.Ponova\\.nuget\\packages\\uipath.vision\\3.12.0\\lib\\net461\\MimeDetective.Definitions.Exhaustive.dll",
        "C:\\Users\\Liviu.Ponova\\.nuget\\packages\\uipath.vision\\3.12.0\\lib\\net461\\MimeDetective.dll",
        "C:\\Users\\Liviu.Ponova\\.nuget\\packages\\uipath.vision\\3.12.0\\lib\\net461\\UiPath.Vision.AzureComputerVision.dll",
        "C:\\Users\\Liviu.Ponova\\.nuget\\packages\\uipath.vision\\3.12.0\\lib\\net461\\UiPath.Vision.Core.dll",
        "C:\\Users\\Liviu.Ponova\\.nuget\\packages\\uipath.vision\\3.12.0\\lib\\net461\\UiPath.Vision.GoogleCloud.dll",
        "C:\\Users\\Liviu.Ponova\\.nuget\\packages\\uipath.vision\\3.12.0\\lib\\net461\\UiPath.Vision.Microsoft.dll",
        "C:\\Users\\Liviu.Ponova\\.nuget\\packages\\uipath.vision\\3.12.0\\lib\\net461\\UiPath.Vision.Tesseract.dll",
        "C:\\Users\\Liviu.Ponova\\.nuget\\packages\\uipath.vision\\3.12.0\\lib\\net461\\UiPath.Vision.dll"
      ],
      "Path": "C:\\Users\\Liviu.Ponova\\.nuget\\packages\\uipath.vision\\3.12.0"
    }
  ]
}