{
  "Workflows": [
    {
      "Path": null,
      "SortBy": 0,
      "VariablesSectionElementsOrder": [],
      "ArgumentsSectionElementsOrder": null,
      "ConstantsSectionElementsOrder": null,
      "AddedNamespaces": null
    },
    {
      "Path": "DeserializeJSON_JIT_Activity.xaml",
      "SortBy": 0,
      "VariablesSectionElementsOrder": [
        "_out_DeserializeJson_Generic_1_1__JsonObject&Sequence_1",
        "_out_ReadTextFile_1__Content&Sequence_1"
      ],
      "ArgumentsSectionElementsOrder": [
        "_out_DeserializeJson_Generic_1_3__JsonObject",
        "in_propertyLevel2",
        "in_propertyLevel3",
        "in_propertyLevel1"
      ],
      "ConstantsSectionElementsOrder": null,
      "AddedNamespaces": null
    }
  ]
}