{
  "IsCloudStoreUrl": true,
  "StoreUrl": "https://alpha.uipath.com/Liviu/LiviuDefault/dataservice_/entities",
  "TenantName": "LiviuDefault",
  "Entities": [
    {
      "Id": "14463ac2-08ff-ea11-af8c-00155d6de50f",
      "Name": "myEntity",
      "DisplayName": "myEntity",
      "Description": "",
      "CreateTime": "2020-09-25T08:26:08.15Z",
      "UpdateTime": "2020-09-25T08:26:08.15Z",
      "Fields": [
        {
          "Id": "17463ac2-08ff-ea11-af8c-00155d6de50f",
          "Name": "CreatedBy",
          "DisplayName": "CreatedBy",
          "Description": "System built-in field",
          "CreateTime": "2020-09-25T08:26:08.167Z",
          "UpdateTime": "2020-09-25T08:26:08.167Z",
          "SqlType": {
            "Name": "UNIQUEIDENTIFIER",
            "LengthLimit": null,
            "MaxValue": null,
            "MinValue": null,
            "DecimalPrecision": null
          },
          "IsSystemField": true,
          "IsRequired": true,
          "ReferenceEntity": null,
          "ReferenceType": "ManyToOne",
          "FieldDisplayType": "Basic",
          "ReferenceChoiceSet": null,
          "IsAttachment": false
        },
        {
          "Id": "16463ac2-08ff-ea11-af8c-00155d6de50f",
          "Name": "CreateTime",
          "DisplayName": "CreateTime",
          "Description": "System built-in field",
          "CreateTime": "2020-09-25T08:26:08.167Z",
          "UpdateTime": "2020-09-25T08:26:08.167Z",
          "SqlType": {
            "Name": "DATETIMEOFFSET",
            "LengthLimit": null,
            "MaxValue": null,
            "MinValue": null,
            "DecimalPrecision": null
          },
          "IsSystemField": true,
          "IsRequired": true,
          "ReferenceEntity": null,
          "ReferenceType": "ManyToOne",
          "FieldDisplayType": "Basic",
          "ReferenceChoiceSet": null,
          "IsAttachment": false
        },
        {
          "Id": "15463ac2-08ff-ea11-af8c-00155d6de50f",
          "Name": "Id",
          "DisplayName": "Id",
          "Description": "System built-in field",
          "CreateTime": "2020-09-25T08:26:08.167Z",
          "UpdateTime": "2020-09-25T08:26:08.167Z",
          "SqlType": {
            "Name": "UNIQUEIDENTIFIER",
            "LengthLimit": null,
            "MaxValue": null,
            "MinValue": null,
            "DecimalPrecision": null
          },
          "IsSystemField": true,
          "IsRequired": true,
          "ReferenceEntity": null,
          "ReferenceType": "ManyToOne",
          "FieldDisplayType": "Basic",
          "ReferenceChoiceSet": null,
          "IsAttachment": false
        },
        {
          "Id": "19463ac2-08ff-ea11-af8c-00155d6de50f",
          "Name": "UpdatedBy",
          "DisplayName": "UpdatedBy",
          "Description": "System built-in field",
          "CreateTime": "2020-09-25T08:26:08.167Z",
          "UpdateTime": "2020-09-25T08:26:08.167Z",
          "SqlType": {
            "Name": "UNIQUEIDENTIFIER",
            "LengthLimit": null,
            "MaxValue": null,
            "MinValue": null,
            "DecimalPrecision": null
          },
          "IsSystemField": true,
          "IsRequired": false,
          "ReferenceEntity": null,
          "ReferenceType": "ManyToOne",
          "FieldDisplayType": "Basic",
          "ReferenceChoiceSet": null,
          "IsAttachment": false
        },
        {
          "Id": "18463ac2-08ff-ea11-af8c-00155d6de50f",
          "Name": "UpdateTime",
          "DisplayName": "UpdateTime",
          "Description": "System built-in field",
          "CreateTime": "2020-09-25T08:26:08.167Z",
          "UpdateTime": "2020-09-25T08:26:08.167Z",
          "SqlType": {
            "Name": "DATETIMEOFFSET",
            "LengthLimit": null,
            "MaxValue": null,
            "MinValue": null,
            "DecimalPrecision": null
          },
          "IsSystemField": true,
          "IsRequired": false,
          "ReferenceEntity": null,
          "ReferenceType": "ManyToOne",
          "FieldDisplayType": "Basic",
          "ReferenceChoiceSet": null,
          "IsAttachment": false
        }
      ],
      "RecordCount": 0,
      "EntityType": "Entity"
    }
  ],
  "Namespace": "VB_BlankProcess64",
  "EntitiesJson": "{\"entities\":[{\"name\":\"myEntity\",\"displayName\":\"myEntity\",\"entityTypeId\":0,\"entityType\":\"Entity\",\"description\":\"\",\"fields\":[{\"id\":\"17463ac2-08ff-ea11-af8c-00155d6de50f\",\"name\":\"CreatedBy\",\"isPrimaryKey\":false,\"isForeignKey\":false,\"isUnique\":false,\"referenceType\":\"ManyToOne\",\"sqlType\":{\"name\":\"UNIQUEIDENTIFIER\"},\"isRequired\":true,\"displayName\":\"CreatedBy\",\"description\":\"System built-in field\",\"createTime\":\"2020-09-25T08:26:08.167Z\",\"createdBy\":\"6021514a-9203-449a-858d-9d724e02eb4b\",\"updateTime\":\"2020-09-25T08:26:08.167Z\",\"isSystemField\":true,\"fieldDisplayType\":\"Basic\",\"choiceSetId\":\"00000000-0000-0000-0000-000000000000\",\"isAttachment\":false,\"isRbacEnabled\":false},{\"id\":\"16463ac2-08ff-ea11-af8c-00155d6de50f\",\"name\":\"CreateTime\",\"isPrimaryKey\":false,\"isForeignKey\":false,\"isUnique\":false,\"referenceType\":\"ManyToOne\",\"sqlType\":{\"name\":\"DATETIMEOFFSET\"},\"isRequired\":true,\"displayName\":\"CreateTime\",\"description\":\"System built-in field\",\"createTime\":\"2020-09-25T08:26:08.167Z\",\"createdBy\":\"6021514a-9203-449a-858d-9d724e02eb4b\",\"updateTime\":\"2020-09-25T08:26:08.167Z\",\"isSystemField\":true,\"fieldDisplayType\":\"Basic\",\"choiceSetId\":\"00000000-0000-0000-0000-000000000000\",\"isAttachment\":false,\"isRbacEnabled\":false},{\"id\":\"15463ac2-08ff-ea11-af8c-00155d6de50f\",\"name\":\"Id\",\"isPrimaryKey\":true,\"isForeignKey\":false,\"isUnique\":false,\"referenceType\":\"ManyToOne\",\"sqlType\":{\"name\":\"UNIQUEIDENTIFIER\"},\"isRequired\":true,\"displayName\":\"Id\",\"description\":\"System built-in field\",\"createTime\":\"2020-09-25T08:26:08.167Z\",\"createdBy\":\"6021514a-9203-449a-858d-9d724e02eb4b\",\"updateTime\":\"2020-09-25T08:26:08.167Z\",\"isSystemField\":true,\"fieldDisplayType\":\"Basic\",\"choiceSetId\":\"00000000-0000-0000-0000-000000000000\",\"isAttachment\":false,\"isRbacEnabled\":false},{\"id\":\"19463ac2-08ff-ea11-af8c-00155d6de50f\",\"name\":\"UpdatedBy\",\"isPrimaryKey\":false,\"isForeignKey\":false,\"isUnique\":false,\"referenceType\":\"ManyToOne\",\"sqlType\":{\"name\":\"UNIQUEIDENTIFIER\"},\"isRequired\":false,\"displayName\":\"UpdatedBy\",\"description\":\"System built-in field\",\"createTime\":\"2020-09-25T08:26:08.167Z\",\"createdBy\":\"6021514a-9203-449a-858d-9d724e02eb4b\",\"updateTime\":\"2020-09-25T08:26:08.167Z\",\"isSystemField\":true,\"fieldDisplayType\":\"Basic\",\"choiceSetId\":\"00000000-0000-0000-0000-000000000000\",\"isAttachment\":false,\"isRbacEnabled\":false},{\"id\":\"18463ac2-08ff-ea11-af8c-00155d6de50f\",\"name\":\"UpdateTime\",\"isPrimaryKey\":false,\"isForeignKey\":false,\"isUnique\":false,\"referenceType\":\"ManyToOne\",\"sqlType\":{\"name\":\"DATETIMEOFFSET\"},\"isRequired\":false,\"displayName\":\"UpdateTime\",\"description\":\"System built-in field\",\"createTime\":\"2020-09-25T08:26:08.167Z\",\"createdBy\":\"6021514a-9203-449a-858d-9d724e02eb4b\",\"updateTime\":\"2020-09-25T08:26:08.167Z\",\"isSystemField\":true,\"fieldDisplayType\":\"Basic\",\"choiceSetId\":\"00000000-0000-0000-0000-000000000000\",\"isAttachment\":false,\"isRbacEnabled\":false}],\"recordCount\":0,\"storageSizeInMB\":0.0,\"usedStorageSizeInMB\":0.0,\"isRbacEnabled\":false,\"id\":\"14463ac2-08ff-ea11-af8c-00155d6de50f\",\"createdBy\":\"6021514a-9203-449a-858d-9d724e02eb4b\",\"createTime\":\"2020-09-25T08:26:08.15Z\",\"updateTime\":\"2020-09-25T08:26:08.15Z\",\"updatedBy\":\"00000000-0000-0000-0000-000000000000\"}],\"choicesets\":[]}",
  "SelectedEntitiesNames": [
    "myEntity"
  ]
}