{
  "assemblyStates": {
    "Studio.Generated.TypedDataTable1": {
      "namespace": "System.Data",
      "providerName": "TypedDataTable",
      "key": {
        "name": "Studio.Generated.TypedDataTable1",
        "hash": "ReadRangeConnections\u00601_2|DataTable|ZC2FTyIYVc97U0m2g2GOzRQDsyJe5Y78wr4nZ6mswg",
        "assemblyName": "Studio.Generated.TypedDataTable1"
      }
    },
    "CustomGptDocumentTyp.dNq862JGZqH1LFEPl3njI5H1": {
      "namespace": "UiPath.IntelligentOCR.StudioWeb.Activities.SWEntities.CustomGptDocumentTypeFdd44Be8F7D941499168469B34547Db9.Bundle",
      "providerName": "CustomEntities",
      "key": {
        "name": "UiPath.IntelligentOCR.StudioWeb.Activities.SWEntities.CustomGptDocumentTypeFdd44Be8F7D941499168469B34547Db9",
        "hash": "LTE3NjE0MTY1ODM",
        "assemblyName": "CustomGptDocumentTyp.dNq862JGZqH1LFEPl3njI5H1"
      }
    },
    "CustomGptDocumentTyp.nqUyw11jycG1IZaos2qJtli1": {
      "namespace": "UiPath.IntelligentOCR.StudioWeb.Activities.SWEntities.CustomGptDocumentType1C26B9Df8Fa948A69B4685E62Ce07055.Bundle",
      "providerName": "CustomEntities",
      "key": {
        "name": "UiPath.IntelligentOCR.StudioWeb.Activities.SWEntities.CustomGptDocumentType1C26B9Df8Fa948A69B4685E62Ce07055",
        "hash": "LTgxOTI4MzkzOQ",
        "assemblyName": "CustomGptDocumentTyp.nqUyw11jycG1IZaos2qJtli1"
      }
    },
    "CustomGptDocumentTyp.kfe9Y3LZzKD1nAkQ72cnloU": {
      "namespace": "UiPath.IntelligentOCR.StudioWeb.Activities.SWEntities.CustomGptDocumentTypeDfb539E0166D468AA3Db01D01580Bb0F.Bundle",
      "providerName": "CustomEntities",
      "key": {
        "name": "UiPath.IntelligentOCR.StudioWeb.Activities.SWEntities.CustomGptDocumentTypeDfb539E0166D468AA3Db01D01580Bb0F",
        "hash": "LTEwODc2MzcxMzQ",
        "assemblyName": "CustomGptDocumentTyp.kfe9Y3LZzKD1nAkQ72cnloU"
      }
    },
    "CustomGptDocumentTyp.dzG8Z4fm4LQ18LeCK2vrd74": {
      "namespace": "UiPath.IntelligentOCR.StudioWeb.Activities.SWEntities.CustomGptDocumentType3C4645D9521049Aa9B3B67B73D83Da4B.Bundle",
      "providerName": "CustomEntities",
      "key": {
        "name": "UiPath.IntelligentOCR.StudioWeb.Activities.SWEntities.CustomGptDocumentType3C4645D9521049Aa9B3B67B73D83Da4B",
        "hash": "LTIwMzQ5MTg5NDM",
        "assemblyName": "CustomGptDocumentTyp.dzG8Z4fm4LQ18LeCK2vrd74"
      }
    },
    "Studio.Generated.TypedDataTable4": {
      "namespace": "System.Data",
      "providerName": "TypedDataTable",
      "key": {
        "name": "Studio.Generated.TypedDataTable4",
        "hash": "ReadRangeConnections\u00601_2|DataTable|bxqjrU6jFIXfq6mKPOb174zeRzCujqcbkqYQo7xYlY",
        "assemblyName": "Studio.Generated.TypedDataTable4"
      }
    },
    "Studio.Generated.TypedDataTable3": {
      "namespace": "System.Data",
      "providerName": "TypedDataTable",
      "key": {
        "name": "Studio.Generated.TypedDataTable3",
        "hash": "ReadRangeConnections\u00601_2|DataTable|tBfLIw6RHrZaiFSqVrBoNK6bhPhp1aXggApuDlVwE",
        "assemblyName": "Studio.Generated.TypedDataTable3"
      }
    },
    "CustomGptDocumentTyp.gS7Zz32vgLK1aE8g6tWPCz": {
      "namespace": "UiPath.IntelligentOCR.StudioWeb.Activities.SWEntities.CustomGptDocumentType4D3B3528Ff4542Cd940FCfe331Eabc56.Bundle",
      "providerName": "CustomEntities",
      "key": {
        "name": "UiPath.IntelligentOCR.StudioWeb.Activities.SWEntities.CustomGptDocumentType4D3B3528Ff4542Cd940FCfe331Eabc56",
        "hash": "LTE5Mzg5OTAzODk",
        "assemblyName": "CustomGptDocumentTyp.gS7Zz32vgLK1aE8g6tWPCz"
      }
    },
    "CustomGptDocumentTyp.D9Dh54cjmhF13uqp54a0e4O2": {
      "namespace": "UiPath.IntelligentOCR.StudioWeb.Activities.SWEntities.CustomGptDocumentTypeC245Eb82Bfaf41B29136592017830Be5.Bundle",
      "providerName": "CustomEntities",
      "key": {
        "name": "UiPath.IntelligentOCR.StudioWeb.Activities.SWEntities.CustomGptDocumentTypeC245Eb82Bfaf41B29136592017830Be5",
        "hash": "LTE3NjE0MTY1ODM",
        "assemblyName": "CustomGptDocumentTyp.D9Dh54cjmhF13uqp54a0e4O2"
      }
    },
    "Studio.Generated.TypedDataTable2": {
      "namespace": "System.Data",
      "providerName": "TypedDataTable",
      "key": {
        "name": "Studio.Generated.TypedDataTable2",
        "hash": "ReadRangeConnections\u00601_2|DataTable|bPCGF7h5eRFQBzlzBDLaWhYuSYvCctufYZkxHH5t8Y",
        "assemblyName": "Studio.Generated.TypedDataTable2"
      }
    },
    "CustomGptDocumentTyp.3ffk73Ol6nG10WRaC11wgJG": {
      "namespace": "UiPath.IntelligentOCR.StudioWeb.Activities.SWEntities.CustomGptDocumentType7C2Bef4984Ba45B891D0Eb562A17E751.Bundle",
      "providerName": "CustomEntities",
      "key": {
        "name": "UiPath.IntelligentOCR.StudioWeb.Activities.SWEntities.CustomGptDocumentType7C2Bef4984Ba45B891D0Eb562A17E751",
        "hash": "NDgzNjQ5MDc5",
        "assemblyName": "CustomGptDocumentTyp.3ffk73Ol6nG10WRaC11wgJG"
      }
    },
    "CustomGptDocumentTyp.M47dg1aGkK1rnSvH2e22g14": {
      "namespace": "UiPath.IntelligentOCR.StudioWeb.Activities.SWEntities.CustomGptDocumentType2E0DcdafD0B7427EA9C0928B91Cd0446.Bundle",
      "providerName": "CustomEntities",
      "key": {
        "name": "UiPath.IntelligentOCR.StudioWeb.Activities.SWEntities.CustomGptDocumentType2E0DcdafD0B7427EA9C0928B91Cd0446",
        "hash": "LTgxOTI4MzkzOQ",
        "assemblyName": "CustomGptDocumentTyp.M47dg1aGkK1rnSvH2e22g14"
      }
    },
    "CustomGptDocumentTyp.FbDkU3kAggM1JvyQi13NXeB2": {
      "namespace": "UiPath.IntelligentOCR.StudioWeb.Activities.SWEntities.CustomGptDocumentType0684Ec5832F04327B06D4C4869A32Ce1.Bundle",
      "providerName": "CustomEntities",
      "key": {
        "name": "UiPath.IntelligentOCR.StudioWeb.Activities.SWEntities.CustomGptDocumentType0684Ec5832F04327B06D4C4869A32Ce1",
        "hash": "LTE3NDg2NjA3NTY",
        "assemblyName": "CustomGptDocumentTyp.FbDkU3kAggM1JvyQi13NXeB2"
      }
    }
  }
}