{"ProjectWatches":"{\"Value\":[{\"Id\":\"98ff2662-9503-4080-b52f-8889c28944c4\",\"Expression\":\"name\",\"Type\":0}]}","ProjectBreakpoints":"{\"CodeBreakpoints\":{\"Coded/Coded Wfs/PetActivity.cs\":[{\"Location\":{\"StartLine\":31,\"EndLine\":31,\"StartOffset\":1025,\"EndOffset\":1101,\"Source\":\"C:\\\\Git\\\\Repos\\\\workRepo\\\\Master\\\\Debug\\\\Debug_Master_Windows_CS_TAP\\\\Coded\\\\Coded Wfs\\\\PetActivity.cs\"},\"BreakpointType\":2,\"LocationIdentifier\":\"Line: 31\",\"ConditionalExpression\":null,\"ActionExpression\":null,\"ExpectedHitCounter\":null,\"ShouldContinueAfterAction\":false,\"IsTransient\":false,\"IsEnabled\":true,\"Id\":\"d698d37e-9a04-4f44-9b21-041ec92e1f1f\",\"ActivityIdRef\":null,\"ActivityId\":null,\"ActivityName\":null},{\"Location\":{\"StartLine\":39,\"EndLine\":39,\"StartOffset\":1377,\"EndOffset\":1442,\"Source\":\"C:\\\\Git\\\\Repos\\\\workRepo\\\\Master\\\\Debug\\\\Debug_Master_Windows_CS_TAP\\\\Coded\\\\Coded Wfs\\\\PetActivity.cs\"},\"BreakpointType\":2,\"LocationIdentifier\":\"Line: 39\",\"ConditionalExpression\":\"counter > 2\",\"ActionExpression\":\"\",\"ExpectedHitCounter\":null,\"ShouldContinueAfterAction\":false,\"IsTransient\":false,\"IsEnabled\":true,\"Id\":\"7ff8dada-cb10-4f99-87a5-9f5632ae83b2\",\"ActivityIdRef\":null,\"ActivityId\":null,\"ActivityName\":null},{\"Location\":{\"StartLine\":78,\"EndLine\":78,\"StartOffset\":3324,\"EndOffset\":3359,\"Source\":\"C:\\\\Git\\\\Repos\\\\workRepo\\\\Master\\\\Debug\\\\Debug_Master_Windows_CS_TAP\\\\Coded\\\\Coded Wfs\\\\PetActivity.cs\"},\"BreakpointType\":2,\"LocationIdentifier\":\"Line: 78\",\"ConditionalExpression\":\"name.Length != 5\",\"ActionExpression\":\"\",\"ExpectedHitCounter\":null,\"ShouldContinueAfterAction\":false,\"IsTransient\":false,\"IsEnabled\":true,\"Id\":\"b0346463-5818-4f1e-9271-f1d876fbcc67\",\"ActivityIdRef\":null,\"ActivityId\":null,\"ActivityName\":null},{\"Location\":{\"StartLine\":100,\"EndLine\":100,\"StartOffset\":4366,\"EndOffset\":4418,\"Source\":\"C:\\\\Git\\\\Repos\\\\workRepo\\\\Master\\\\Debug\\\\Debug_Master_Windows_CS_TAP\\\\Coded\\\\Coded Wfs\\\\PetActivity.cs\"},\"BreakpointType\":2,\"LocationIdentifier\":\"Line: 100\",\"ConditionalExpression\":null,\"ActionExpression\":null,\"ExpectedHitCounter\":null,\"ShouldContinueAfterAction\":false,\"IsTransient\":false,\"IsEnabled\":true,\"Id\":\"10ed8b41-725a-4a46-b5d1-3c161bef880e\",\"ActivityIdRef\":null,\"ActivityId\":null,\"ActivityName\":null}],\"Coded/Source Files/Pet/Pets/Dog.cs\":[{\"Location\":{\"StartLine\":45,\"EndLine\":45,\"StartOffset\":2073,\"EndOffset\":2115,\"Source\":\"C:\\\\Git\\\\Repos\\\\workRepo\\\\Master\\\\Debug\\\\Debug_Master_Windows_CS_TAP\\\\Coded\\\\Source Files\\\\Pet\\\\Pets\\\\Dog.cs\"},\"BreakpointType\":2,\"LocationIdentifier\":\"Line: 45\",\"ConditionalExpression\":null,\"ActionExpression\":null,\"ExpectedHitCounter\":null,\"ShouldContinueAfterAction\":false,\"IsTransient\":false,\"IsEnabled\":true,\"Id\":\"7c8a3531-ae8b-4345-bdc4-69b19baff508\",\"ActivityIdRef\":null,\"ActivityId\":null,\"ActivityName\":null},{\"Location\":{\"StartLine\":108,\"EndLine\":108,\"StartOffset\":4053,\"EndOffset\":4076,\"Source\":\"C:\\\\Git\\\\Repos\\\\workRepo\\\\Master\\\\Debug\\\\Debug_Master_Windows_CS_TAP\\\\Coded\\\\Source Files\\\\Pet\\\\Pets\\\\Dog.cs\"},\"BreakpointType\":2,\"LocationIdentifier\":\"Line: 108\",\"ConditionalExpression\":null,\"ActionExpression\":null,\"ExpectedHitCounter\":null,\"ShouldContinueAfterAction\":false,\"IsTransient\":false,\"IsEnabled\":true,\"Id\":\"c5cbaadb-85bc-44de-be95-cacd64a56af8\",\"ActivityIdRef\":null,\"ActivityId\":null,\"ActivityName\":null}],\"Coded/Source Files/Pet/Pets/Cat.cs\":[{\"Location\":{\"StartLine\":130,\"EndLine\":130,\"StartOffset\":4706,\"EndOffset\":4707,\"Source\":\"C:\\\\Git\\\\Repos\\\\workRepo\\\\Master\\\\Debug\\\\Debug_Master_Windows_CS_TAP\\\\Coded\\\\Source Files\\\\Pet\\\\Pets\\\\Cat.cs\"},\"BreakpointType\":2,\"LocationIdentifier\":\"Line: 130\",\"ConditionalExpression\":null,\"ActionExpression\":null,\"ExpectedHitCounter\":null,\"ShouldContinueAfterAction\":false,\"IsTransient\":false,\"IsEnabled\":true,\"Id\":\"9d8131db-f796-496f-8709-f18cdefd526a\",\"ActivityIdRef\":null,\"ActivityId\":null,\"ActivityName\":null}]},\"Value\":{\"Entry Points/Entry Point 1.xaml\":[{\"ConditionalExpression\":null,\"ActionExpression\":null,\"ExpectedHitCounter\":null,\"ShouldContinueAfterAction\":false,\"IsTransient\":false,\"BreakpointType\":1,\"LocationIdentifier\":\"PetActivity.cs - Invoke Workflow File - ISOLATED\",\"IsEnabled\":false,\"Id\":\"760b2c01-2f08-4816-88f1-28fff7a3157c\",\"ActivityIdRef\":\"InvokeWorkflowFile_5\",\"ActivityId\":\"1.97\",\"ActivityName\":\"PetActivity.cs - Invoke Workflow File - ISOLATED\"},{\"ConditionalExpression\":\"\",\"ActionExpression\":\"\\\"Conditional tracepoint - Hit count 2 - should break execution\\\"\",\"ExpectedHitCounter\":2,\"ShouldContinueAfterAction\":false,\"IsTransient\":false,\"BreakpointType\":1,\"LocationIdentifier\":\"Files to Use For Invoke\\\\\\\\Errors.xaml - Invoke Workflow File\",\"IsEnabled\":true,\"Id\":\"10df2073-92f8-4895-a2eb-fe7d4fef43e7\",\"ActivityIdRef\":\"InvokeWorkflowFile_2\",\"ActivityId\":\"1.66\",\"ActivityName\":\"Files to Use For Invoke\\\\\\\\Errors.xaml - Invoke Workflow File\"},{\"ConditionalExpression\":\"\",\"ActionExpression\":\"\\\"Tracepoint - should just log and continue execution\\\"\",\"ExpectedHitCounter\":null,\"ShouldContinueAfterAction\":true,\"IsTransient\":false,\"BreakpointType\":1,\"LocationIdentifier\":\"Log Message\",\"IsEnabled\":true,\"Id\":\"cd0c9e6e-2edb-4089-91a6-3555b8234cb2\",\"ActivityIdRef\":\"LogMessage_3\",\"ActivityId\":\"1.40\",\"ActivityName\":\"Log Message\"},{\"ConditionalExpression\":null,\"ActionExpression\":null,\"ExpectedHitCounter\":null,\"ShouldContinueAfterAction\":false,\"IsTransient\":false,\"BreakpointType\":1,\"LocationIdentifier\":\"Get Name for Entity by ID\",\"IsEnabled\":true,\"Id\":\"ad3f683f-c069-4b88-9327-e810f1b4f197\",\"ActivityIdRef\":\"Get_Name_for_Entity_by_ID_1\",\"ActivityId\":\"1.123\",\"ActivityName\":\"Get Name for Entity by ID\"},{\"ConditionalExpression\":\"\",\"ActionExpression\":\"\\\"Added after execution was started\\\"\",\"ExpectedHitCounter\":null,\"ShouldContinueAfterAction\":false,\"IsTransient\":false,\"BreakpointType\":1,\"LocationIdentifier\":\"Get Name for Entity by ID\",\"IsEnabled\":true,\"Id\":\"483f9aed-55d7-47f9-b3a0-4d4c8e711e88\",\"ActivityIdRef\":\"Get_Name_for_Entity_by_ID_2\",\"ActivityId\":\"1.116\",\"ActivityName\":\"Get Name for Entity by ID\"},{\"ConditionalExpression\":null,\"ActionExpression\":null,\"ExpectedHitCounter\":null,\"ShouldContinueAfterAction\":false,\"IsTransient\":false,\"BreakpointType\":1,\"LocationIdentifier\":\"Files to Use For Invoke\\\\\\\\File actions.xaml - Invoke Workflow File\",\"IsEnabled\":true,\"Id\":\"749f8727-52db-4f73-9033-c825bb94c866\",\"ActivityIdRef\":\"InvokeWorkflowFile_1\",\"ActivityId\":\"1.99\",\"ActivityName\":\"Files to Use For Invoke\\\\\\\\File actions.xaml - Invoke Workflow File\"}],\"Files to Use For Invoke/Errors.xaml\":[{\"ConditionalExpression\":null,\"ActionExpression\":null,\"ExpectedHitCounter\":null,\"ShouldContinueAfterAction\":false,\"IsTransient\":false,\"BreakpointType\":1,\"LocationIdentifier\":\"Throw\",\"IsEnabled\":true,\"Id\":\"d4f61c3c-af70-407c-83b9-e5563678a408\",\"ActivityIdRef\":\"Throw_2\",\"ActivityId\":\"1.24\",\"ActivityName\":\"Throw\"}],\"Files to Use For Invoke/Orchestrator actions.xaml\":[{\"ConditionalExpression\":\"! stringAssetValue is null\",\"ActionExpression\":\"\",\"ExpectedHitCounter\":null,\"ShouldContinueAfterAction\":false,\"IsTransient\":false,\"BreakpointType\":1,\"LocationIdentifier\":\"Get Asset\",\"IsEnabled\":true,\"Id\":\"1278ac94-0859-498d-b405-d11d4f8b417a\",\"ActivityIdRef\":\"GetRobotAsset_2\",\"ActivityId\":\"1.96\",\"ActivityName\":\"Get Asset\"},{\"ConditionalExpression\":\"\",\"ActionExpression\":\"\\\"tracepoint hit - continue execution\\\"\",\"ExpectedHitCounter\":null,\"ShouldContinueAfterAction\":true,\"IsTransient\":false,\"BreakpointType\":1,\"LocationIdentifier\":\"Get Queue Items\",\"IsEnabled\":true,\"Id\":\"906c52cd-0ff1-4182-a0b4-2202b146957a\",\"ActivityIdRef\":\"GetQueueItems_1\",\"ActivityId\":\"1.54\",\"ActivityName\":\"Get Queue Items\"},{\"ConditionalExpression\":\"\",\"ActionExpression\":\"\\\"tracepoint was hit\\\"\",\"ExpectedHitCounter\":null,\"ShouldContinueAfterAction\":false,\"IsTransient\":false,\"BreakpointType\":1,\"LocationIdentifier\":\"Log Message\",\"IsEnabled\":true,\"Id\":\"5c5dd37b-165c-4e76-9829-58c7032a09cc\",\"ActivityIdRef\":\"LogMessage_1\",\"ActivityId\":\"1.48\",\"ActivityName\":\"Log Message\"},{\"ConditionalExpression\":\"\",\"ActionExpression\":\"\\\"tracepoint - disabled - should not log\\\"\",\"ExpectedHitCounter\":null,\"ShouldContinueAfterAction\":false,\"IsTransient\":false,\"BreakpointType\":1,\"LocationIdentifier\":\"Log Message\",\"IsEnabled\":true,\"Id\":\"1a79119c-71c3-4a42-bbe6-f465a7cd875c\",\"ActivityIdRef\":\"LogMessage_2\",\"ActivityId\":\"1.12\",\"ActivityName\":\"Log Message\"},{\"ConditionalExpression\":\"\",\"ActionExpression\":\"\\\"Add Queue Item - tracepoint - continue execution\\\"\",\"ExpectedHitCounter\":1,\"ShouldContinueAfterAction\":true,\"IsTransient\":false,\"BreakpointType\":1,\"LocationIdentifier\":\"Add Queue Item\",\"IsEnabled\":true,\"Id\":\"60054d3f-0594-422a-9c51-8739eb63ef6e\",\"ActivityIdRef\":\"AddQueueItem_1\",\"ActivityId\":\"1.67\",\"ActivityName\":\"Add Queue Item\"}],\"Files to Use For Invoke/ConditionalBreakpoints-Test.xaml\":[{\"ConditionalExpression\":\"\\\"test\\\" is null\",\"ActionExpression\":\"\",\"ExpectedHitCounter\":null,\"ShouldContinueAfterAction\":false,\"IsTransient\":false,\"BreakpointType\":1,\"LocationIdentifier\":\"Log Message\",\"IsEnabled\":false,\"Id\":\"56edad44-0e3f-4511-bd39-85d0954addca\",\"ActivityIdRef\":\"LogMessage_2\",\"ActivityId\":\"1.4\",\"ActivityName\":\"Log Message\"},{\"ConditionalExpression\":\"3>2\",\"ActionExpression\":\"\",\"ExpectedHitCounter\":null,\"ShouldContinueAfterAction\":false,\"IsTransient\":false,\"BreakpointType\":1,\"LocationIdentifier\":\"Log Message\",\"IsEnabled\":true,\"Id\":\"95bca778-c256-4580-9ed8-3c8189dd5d52\",\"ActivityIdRef\":\"LogMessage_1\",\"ActivityId\":\"1.6\",\"ActivityName\":\"Log Message\"}],\"TestCase.xaml\":[{\"ConditionalExpression\":null,\"ActionExpression\":null,\"ExpectedHitCounter\":null,\"ShouldContinueAfterAction\":false,\"IsTransient\":false,\"BreakpointType\":1,\"LocationIdentifier\":\"Log Message\",\"IsEnabled\":false,\"Id\":\"be9b32d2-2f53-434a-9a5e-e8bee62c2569\",\"ActivityIdRef\":\"LogMessage_1\",\"ActivityId\":\"1.2\",\"ActivityName\":\"Log Message\"}],\"Files to Use For Invoke/File actions.xaml\":[{\"ConditionalExpression\":null,\"ActionExpression\":null,\"ExpectedHitCounter\":null,\"ShouldContinueAfterAction\":false,\"IsTransient\":false,\"BreakpointType\":1,\"LocationIdentifier\":\"Message Box\",\"IsEnabled\":true,\"Id\":\"cb9e45c4-c182-41c5-af74-1c7b5b3039d2\",\"ActivityIdRef\":\"MessageBox_1\",\"ActivityId\":\"1.198\",\"ActivityName\":\"Message Box\"}]}}","OpenedDocuments":"[{\"DocumentPath\":\"TestCase.xaml\",\"FactoryId\":\"{ACB8E7BA-F093-44C1-9B50-33ECA51AAE18}\"},{\"DocumentPath\":\"Entry Points/Entry Point 1.xaml\",\"FactoryId\":\"{ACB8E7BA-F093-44C1-9B50-33ECA51AAE16}\"},{\"DocumentPath\":\"Coded/Coded Wfs/PetActivity.cs\",\"FactoryId\":\"{2823AC5E-E0CC-457D-95AE-6A67B27DC2B1}\"}]","ProjectActivitiesViewState":"{\"Entry Points/Entry Point 1.xaml\":[{\"ActivityIdRef\":\"LogMessage_8\",\"IsAdvancedOptionsExpanded\":false,\"Widgets\":{}},{\"ActivityIdRef\":\"Get_Name_for_Entity_by_ID_1\",\"IsAdvancedOptionsExpanded\":false,\"Widgets\":{}},{\"ActivityIdRef\":\"Get_Name_for_Entity_by_ID_2\",\"IsAdvancedOptionsExpanded\":false,\"Widgets\":{}},{\"ActivityIdRef\":\"Add_some_Numbers_With_Calculator_App_1\",\"IsAdvancedOptionsExpanded\":false,\"Widgets\":{}},{\"ActivityIdRef\":\"ForEach`1_2\",\"IsAdvancedOptionsExpanded\":false,\"Categories\":{\"\":true},\"Widgets\":{\"Body\":{\"ShowExpanded\":true}}},{\"ActivityIdRef\":\"LogMessage_1\",\"IsAdvancedOptionsExpanded\":false,\"Widgets\":{}},{\"ActivityIdRef\":\"LogMessage_5\",\"IsAdvancedOptionsExpanded\":false,\"Widgets\":{}},{\"ActivityIdRef\":\"LogMessage_3\",\"IsAdvancedOptionsExpanded\":false,\"Widgets\":{}},{\"ActivityIdRef\":\"LogMessage_4\",\"IsAdvancedOptionsExpanded\":false,\"Widgets\":{}},{\"ActivityIdRef\":\"LogMessage_6\",\"IsAdvancedOptionsExpanded\":false,\"Widgets\":{}},{\"ActivityIdRef\":\"LogMessage_7\",\"IsAdvancedOptionsExpanded\":false,\"Widgets\":{}},{\"ActivityIdRef\":\"LogMessage_9\",\"IsAdvancedOptionsExpanded\":false,\"Widgets\":{}},{\"ActivityIdRef\":\"LogMessage_10\",\"IsAdvancedOptionsExpanded\":false,\"Widgets\":{}},{\"ActivityIdRef\":\"LogMessage_11\",\"IsAdvancedOptionsExpanded\":false,\"Widgets\":{}}],\"Global Handlers/GlobalHandler-Ignore.xaml\":[{\"ActivityIdRef\":\"LogMessage_2\",\"IsAdvancedOptionsExpanded\":false,\"Widgets\":{}},{\"ActivityIdRef\":\"If_1\",\"IsAdvancedOptionsExpanded\":false,\"Widgets\":{\"Then\":{\"ShowExpanded\":true},\"Else\":{\"ShowExpanded\":true}}},{\"ActivityIdRef\":\"LogMessage_1\",\"IsAdvancedOptionsExpanded\":false,\"Widgets\":{}}],\"Files to Use For Invoke/Errors.xaml\":[{\"ActivityIdRef\":\"LogMessage_1\",\"IsAdvancedOptionsExpanded\":false,\"Widgets\":{}},{\"ActivityIdRef\":\"LogMessage_2\",\"IsAdvancedOptionsExpanded\":false,\"Widgets\":{}},{\"ActivityIdRef\":\"Throw_2\",\"IsAdvancedOptionsExpanded\":false,\"Widgets\":{}},{\"ActivityIdRef\":\"Throw_3\",\"IsAdvancedOptionsExpanded\":false,\"Widgets\":{}},{\"ActivityIdRef\":\"LogMessage_3\",\"IsAdvancedOptionsExpanded\":false,\"Widgets\":{}},{\"ActivityIdRef\":\"Throw_4\",\"IsAdvancedOptionsExpanded\":false,\"Widgets\":{}}],\"Files to Use For Invoke/File actions.xaml\":[{\"ActivityIdRef\":\"ListStorageFiles_1\",\"IsAdvancedOptionsExpanded\":false,\"Widgets\":{}},{\"ActivityIdRef\":\"ForEach`1_2\",\"IsAdvancedOptionsExpanded\":false,\"Categories\":{\"\":true},\"Widgets\":{\"Body\":{\"ShowExpanded\":true}}},{\"ActivityIdRef\":\"ExistsInCollection`1_2\",\"IsAdvancedOptionsExpanded\":false,\"Categories\":{\"Output\":true},\"Widgets\":{}},{\"ActivityIdRef\":\"If_1\",\"IsAdvancedOptionsExpanded\":false,\"Widgets\":{\"Then\":{\"ShowExpanded\":true},\"Else\":{\"ShowExpanded\":false}}},{\"ActivityIdRef\":\"AppendItemToCollection`1_2\",\"IsAdvancedOptionsExpanded\":false,\"Categories\":{\"Output\":true},\"Widgets\":{}},{\"ActivityIdRef\":\"WriteStorageText_1\",\"IsAdvancedOptionsExpanded\":false,\"Widgets\":{}},{\"ActivityIdRef\":\"ReadStorageText_2\",\"IsAdvancedOptionsExpanded\":false,\"Widgets\":{}},{\"ActivityIdRef\":\"If_2\",\"IsAdvancedOptionsExpanded\":false,\"Widgets\":{}}],\"Files to Use For Invoke/Orchestrator actions.xaml\":[{\"ActivityIdRef\":\"GetRobotAsset_1\",\"IsAdvancedOptionsExpanded\":false,\"Categories\":{\"Misc\":true,\"Output\":true},\"Widgets\":{}},{\"ActivityIdRef\":\"GetRobotAsset_2\",\"IsAdvancedOptionsExpanded\":false,\"Categories\":{\"Misc\":true,\"Output\":true},\"Widgets\":{}},{\"ActivityIdRef\":\"AddQueueItem_1\",\"IsAdvancedOptionsExpanded\":false,\"Categories\":{\"Input\":true,\"Misc\":true},\"Widgets\":{}},{\"ActivityIdRef\":\"GetQueueItems_1\",\"IsAdvancedOptionsExpanded\":false,\"Categories\":{\"Options\":true,\"Output\":true},\"Widgets\":{}},{\"ActivityIdRef\":\"LogMessage_1\",\"IsAdvancedOptionsExpanded\":false,\"Widgets\":{}},{\"ActivityIdRef\":\"If_1\",\"IsAdvancedOptionsExpanded\":false,\"Widgets\":{\"Then\":{\"ShowExpanded\":true},\"Else\":{\"ShowExpanded\":false}}},{\"ActivityIdRef\":\"ForEach`1_2\",\"IsAdvancedOptionsExpanded\":false,\"Categories\":{\"\":true},\"Widgets\":{\"Body\":{\"ShowExpanded\":true}}},{\"ActivityIdRef\":\"LogMessage_2\",\"IsAdvancedOptionsExpanded\":false,\"Widgets\":{}}],\"TestCase.xaml\":[{\"ActivityIdRef\":\"LogMessage_1\",\"IsAdvancedOptionsExpanded\":false,\"Widgets\":{}}]}","Compiler":"2","ProjectSettings":"{\"IncludeSourcesByDefault\":true,\"RemoveUnusedDependencies\":false}"}