{"ProjectWatches":"{\"Value\":[{\"Id\":\"e71490ff-dae1-4028-8ca8-2a2d5c2767fb\",\"Expression\":\"integerAssetValue\",\"Type\":0},{\"Id\":\"b46834de-8a0e-4e1c-afd4-27f13da4977e\",\"Expression\":\"queueItemReference\",\"Type\":0}]}","ProjectBreakpoints":"{\"CodeBreakpoints\":{},\"Value\":{\"Entry Points/Entry Point 1.xaml\":[{\"ConditionalExpression\":\"\",\"ActionExpression\":\"\\\"Conditional tracepoint - Hit count 2 - should break execution\\\"\",\"ExpectedHitCounter\":2,\"ShouldContinueAfterAction\":false,\"IsTransient\":false,\"BreakpointType\":1,\"LocationIdentifier\":\"Files to Use For Invoke\\\\\\\\Errors.xaml - Invoke Workflow File\",\"IsEnabled\":true,\"Id\":\"10df2073-92f8-4895-a2eb-fe7d4fef43e7\",\"ActivityIdRef\":\"InvokeWorkflowFile_2\",\"ActivityId\":\"1.49\",\"ActivityName\":\"Files to Use For Invoke\\\\\\\\Errors.xaml - Invoke Workflow File\"},{\"ConditionalExpression\":\"\",\"ActionExpression\":\"\\\"Tracepoint - should just log and continue execution\\\"\",\"ExpectedHitCounter\":null,\"ShouldContinueAfterAction\":true,\"IsTransient\":false,\"BreakpointType\":1,\"LocationIdentifier\":\"Log Message\",\"IsEnabled\":true,\"Id\":\"cd0c9e6e-2edb-4089-91a6-3555b8234cb2\",\"ActivityIdRef\":\"LogMessage_3\",\"ActivityId\":\"1.29\",\"ActivityName\":\"Log Message\"}],\"Files to Use For Invoke/Errors.xaml\":[{\"ConditionalExpression\":null,\"ActionExpression\":null,\"ExpectedHitCounter\":null,\"ShouldContinueAfterAction\":false,\"IsTransient\":false,\"BreakpointType\":1,\"LocationIdentifier\":\"Throw\",\"IsEnabled\":true,\"Id\":\"d4f61c3c-af70-407c-83b9-e5563678a408\",\"ActivityIdRef\":\"Throw_2\",\"ActivityId\":\"1.24\",\"ActivityName\":\"Throw\"}],\"Files to Use For Invoke/Orchestrator actions.xaml\":[{\"ConditionalExpression\":\"! stringAssetValue is null\",\"ActionExpression\":\"\",\"ExpectedHitCounter\":null,\"ShouldContinueAfterAction\":false,\"IsTransient\":false,\"BreakpointType\":1,\"LocationIdentifier\":\"Get Asset\",\"IsEnabled\":true,\"Id\":\"1278ac94-0859-498d-b405-d11d4f8b417a\",\"ActivityIdRef\":\"GetRobotAsset_2\",\"ActivityId\":\"1.96\",\"ActivityName\":\"Get Asset\"},{\"ConditionalExpression\":null,\"ActionExpression\":null,\"ExpectedHitCounter\":null,\"ShouldContinueAfterAction\":false,\"IsTransient\":false,\"BreakpointType\":1,\"LocationIdentifier\":\"Add Queue Item\",\"IsEnabled\":true,\"Id\":\"60054d3f-0594-422a-9c51-8739eb63ef6e\",\"ActivityIdRef\":\"AddQueueItem_1\",\"ActivityId\":\"1.67\",\"ActivityName\":\"Add Queue Item\"}],\"Files to Use For Invoke/ConditionalBreakpoints-Test.xaml\":[{\"ConditionalExpression\":\"3>2\",\"ActionExpression\":\"\",\"ExpectedHitCounter\":null,\"ShouldContinueAfterAction\":false,\"IsTransient\":false,\"BreakpointType\":1,\"LocationIdentifier\":\"Log Message\",\"IsEnabled\":true,\"Id\":\"95bca778-c256-4580-9ed8-3c8189dd5d52\",\"ActivityIdRef\":\"LogMessage_1\",\"ActivityId\":\"1.6\",\"ActivityName\":\"Log Message\"},{\"ConditionalExpression\":\"\\\"test\\\" is null\",\"ActionExpression\":\"\",\"ExpectedHitCounter\":null,\"ShouldContinueAfterAction\":false,\"IsTransient\":false,\"BreakpointType\":1,\"LocationIdentifier\":\"Log Message\",\"IsEnabled\":true,\"Id\":\"56edad44-0e3f-4511-bd39-85d0954addca\",\"ActivityIdRef\":\"LogMessage_2\",\"ActivityId\":\"1.4\",\"ActivityName\":\"Log Message\"}]}}","OpenedDocuments":"[]","ProjectActivitiesViewState":"{\"Files to Use For Invoke/Orchestrator actions.xaml\":[{\"ActivityIdRef\":\"GetRobotAsset_1\",\"IsAdvancedOptionsExpanded\":false,\"Categories\":{\"Misc\":true,\"Output\":true},\"Widgets\":{}},{\"ActivityIdRef\":\"GetRobotAsset_2\",\"IsAdvancedOptionsExpanded\":false,\"Categories\":{\"Misc\":true,\"Output\":true},\"Widgets\":{}},{\"ActivityIdRef\":\"AddQueueItem_1\",\"IsAdvancedOptionsExpanded\":false,\"Categories\":{\"Input\":true,\"Misc\":true},\"Widgets\":{}},{\"ActivityIdRef\":\"GetQueueItems_1\",\"IsAdvancedOptionsExpanded\":false,\"Categories\":{\"Options\":true,\"Output\":true},\"Widgets\":{}},{\"ActivityIdRef\":\"If_1\",\"IsAdvancedOptionsExpanded\":false,\"Widgets\":{\"Then\":{\"ShowExpanded\":true},\"Else\":{\"ShowExpanded\":false}}},{\"ActivityIdRef\":\"ForEach`1_1\",\"IsAdvancedOptionsExpanded\":false,\"Categories\":{\"\":true},\"Widgets\":{\"Body\":{\"ShowExpanded\":true}}},{\"ActivityIdRef\":\"ForEach`1_2\",\"IsAdvancedOptionsExpanded\":false,\"Categories\":{\"\":true},\"Widgets\":{\"Body\":{\"ShowExpanded\":true}}}],\"Global Handlers/GlobalHandler-Ignore.xaml\":[{\"ActivityIdRef\":\"If_1\",\"IsAdvancedOptionsExpanded\":false,\"Widgets\":{\"Then\":{\"ShowExpanded\":true},\"Else\":{\"ShowExpanded\":false}}}],\"Global Handlers/GlobalHandler-Retry.xaml\":[{\"ActivityIdRef\":\"If_1\",\"IsAdvancedOptionsExpanded\":false,\"Widgets\":{\"Then\":{\"ShowExpanded\":true},\"Else\":{\"ShowExpanded\":false}}}],\"Entry Points/Entry Point 1.xaml\":[{\"ActivityIdRef\":\"ForEach`1_2\",\"IsAdvancedOptionsExpanded\":false,\"Categories\":{\"\":true},\"Widgets\":{\"Body\":{\"ShowExpanded\":true}}}],\"Files to Use For Invoke/Errors.xaml\":[{\"ActivityIdRef\":\"Throw_2\",\"IsAdvancedOptionsExpanded\":false,\"Widgets\":{}},{\"ActivityIdRef\":\"Throw_3\",\"IsAdvancedOptionsExpanded\":false,\"Widgets\":{}},{\"ActivityIdRef\":\"Throw_4\",\"IsAdvancedOptionsExpanded\":false,\"Widgets\":{}},{\"ActivityIdRef\":\"Throw_1\",\"IsAdvancedOptionsExpanded\":false,\"Widgets\":{}}],\"Files to Use For Invoke/File actions.xaml\":[{\"ActivityIdRef\":\"ListStorageFiles_1\",\"IsAdvancedOptionsExpanded\":false,\"Widgets\":{}},{\"ActivityIdRef\":\"ForEach`1_2\",\"IsAdvancedOptionsExpanded\":false,\"Categories\":{\"\":true},\"Widgets\":{\"Body\":{\"ShowExpanded\":true}}},{\"ActivityIdRef\":\"ExistsInCollection`1_2\",\"IsAdvancedOptionsExpanded\":false,\"Categories\":{\"Output\":true},\"Widgets\":{}},{\"ActivityIdRef\":\"If_1\",\"IsAdvancedOptionsExpanded\":false,\"Widgets\":{\"Then\":{\"ShowExpanded\":true},\"Else\":{\"ShowExpanded\":false}}},{\"ActivityIdRef\":\"AppendItemToCollection`1_2\",\"IsAdvancedOptionsExpanded\":false,\"Categories\":{\"Output\":true},\"Widgets\":{}},{\"ActivityIdRef\":\"WriteStorageText_1\",\"IsAdvancedOptionsExpanded\":false,\"Widgets\":{}},{\"ActivityIdRef\":\"ReadStorageText_2\",\"IsAdvancedOptionsExpanded\":false,\"Widgets\":{}},{\"ActivityIdRef\":\"ReadStorageText_5\",\"IsAdvancedOptionsExpanded\":false,\"Widgets\":{}},{\"ActivityIdRef\":\"If_2\",\"IsAdvancedOptionsExpanded\":false,\"Widgets\":{\"Then\":{\"ShowExpanded\":true},\"Else\":{\"ShowExpanded\":false}}},{\"ActivityIdRef\":\"RandomString_1\",\"IsAdvancedOptionsExpanded\":false,\"Widgets\":{}},{\"ActivityIdRef\":\"WriteStorageText_2\",\"IsAdvancedOptionsExpanded\":false,\"Widgets\":{}}],\".local/ActivityTestBench/Bench_0.xaml\":[{\"ActivityIdRef\":\"WriteStorageText_1\",\"IsAdvancedOptionsExpanded\":false,\"Widgets\":{}},{\"ActivityIdRef\":\"ReadStorageText_1\",\"IsAdvancedOptionsExpanded\":false,\"Widgets\":{}}]}","Compiler":"2"}