{
  "IsCloudStoreUrl": true,
  "StoreUrl": "https://alpha.uipath.com/Liviu/NewTenant/dataservice_/entities",
  "TenantName": "NewTenant",
  "Entities": [
    {
      "Id": "2e7275d3-84a0-ec11-a99b-a085fc8e7301",
      "Name": "SystemUser",
      "DisplayName": "System Users",
      "Description": "Contains Automation Cloud users and groups that have ever had roles assigned, or accessed Data Service",
      "CreateTime": "2022-03-10T15:14:49.853Z",
      "UpdateTime": "2022-03-10T15:14:49.853Z",
      "Fields": [
        {
          "Id": "ec203794-bae9-48be-ac82-2f5f5b210447",
          "Name": "Name",
          "DisplayName": "Name",
          "Description": "Name",
          "CreateTime": "2022-03-10T15:14:49.863Z",
          "UpdateTime": "2022-03-10T15:14:49.863Z",
          "SqlType": {
            "Name": "NVARCHAR",
            "LengthLimit": 512,
            "MaxValue": null,
            "MinValue": null,
            "DecimalPrecision": null
          },
          "IsSystemField": true,
          "IsRequired": true,
          "ReferenceEntity": null,
          "ReferenceType": "ManyToOne",
          "FieldDisplayType": "Basic",
          "ReferenceChoiceSet": null,
          "IsAttachment": false
        },
        {
          "Id": "ad83b94f-9d01-4eb4-8305-35861f3da228",
          "Name": "Email",
          "DisplayName": "E-mail",
          "Description": "E-mail",
          "CreateTime": "2022-03-10T15:14:49.863Z",
          "UpdateTime": "2022-03-10T15:14:49.863Z",
          "SqlType": {
            "Name": "NVARCHAR",
            "LengthLimit": 512,
            "MaxValue": null,
            "MinValue": null,
            "DecimalPrecision": null
          },
          "IsSystemField": true,
          "IsRequired": false,
          "ReferenceEntity": null,
          "ReferenceType": "ManyToOne",
          "FieldDisplayType": "Basic",
          "ReferenceChoiceSet": null,
          "IsAttachment": false
        },
        {
          "Id": "da160479-237e-48bb-b6f9-7ab876b3606d",
          "Name": "UpdateTime",
          "DisplayName": "UpdateTime",
          "Description": "System built-in field",
          "CreateTime": "2022-03-10T15:14:49.863Z",
          "UpdateTime": "2022-03-10T15:14:49.863Z",
          "SqlType": {
            "Name": "DATETIMEOFFSET",
            "LengthLimit": null,
            "MaxValue": null,
            "MinValue": null,
            "DecimalPrecision": null
          },
          "IsSystemField": true,
          "IsRequired": false,
          "ReferenceEntity": null,
          "ReferenceType": "ManyToOne",
          "FieldDisplayType": "Basic",
          "ReferenceChoiceSet": null,
          "IsAttachment": false
        },
        {
          "Id": "8fbf3854-a50b-4493-8cc1-9a8cfc8a6465",
          "Name": "CreateTime",
          "DisplayName": "CreateTime",
          "Description": "System built-in field",
          "CreateTime": "2022-03-10T15:14:49.863Z",
          "UpdateTime": "2022-03-10T15:14:49.863Z",
          "SqlType": {
            "Name": "DATETIMEOFFSET",
            "LengthLimit": null,
            "MaxValue": null,
            "MinValue": null,
            "DecimalPrecision": null
          },
          "IsSystemField": true,
          "IsRequired": true,
          "ReferenceEntity": null,
          "ReferenceType": "ManyToOne",
          "FieldDisplayType": "Basic",
          "ReferenceChoiceSet": null,
          "IsAttachment": false
        },
        {
          "Id": "0a2e774e-cb73-451e-94ad-bd2b66ed9c5e",
          "Name": "Type",
          "DisplayName": "Type",
          "Description": "Type",
          "CreateTime": "2022-03-10T15:14:49.863Z",
          "UpdateTime": "2022-03-10T15:14:49.863Z",
          "SqlType": {
            "Name": "INT",
            "LengthLimit": null,
            "MaxValue": 9007199254740991.0,
            "MinValue": -9007199254740991.0,
            "DecimalPrecision": null
          },
          "IsSystemField": true,
          "IsRequired": true,
          "ReferenceEntity": null,
          "ReferenceType": "ManyToOne",
          "FieldDisplayType": "ChoiceSetSingle",
          "ReferenceChoiceSet": {
            "Name": "UserType"
          },
          "IsAttachment": false
        },
        {
          "Id": "c6347492-40be-42fc-a024-c0c6427a52f3",
          "Name": "Id",
          "DisplayName": "Id",
          "Description": "System built-in field",
          "CreateTime": "2022-03-10T15:14:49.863Z",
          "UpdateTime": "2022-03-10T15:14:49.863Z",
          "SqlType": {
            "Name": "UNIQUEIDENTIFIER",
            "LengthLimit": null,
            "MaxValue": null,
            "MinValue": null,
            "DecimalPrecision": null
          },
          "IsSystemField": true,
          "IsRequired": true,
          "ReferenceEntity": null,
          "ReferenceType": "ManyToOne",
          "FieldDisplayType": "Basic",
          "ReferenceChoiceSet": null,
          "IsAttachment": false
        },
        {
          "Id": "a1cc63ca-772e-49ab-83a8-e85185d4a42a",
          "Name": "IsActive",
          "DisplayName": "IsActive",
          "Description": "IsActive",
          "CreateTime": "2022-03-10T15:14:49.863Z",
          "UpdateTime": "2022-03-10T15:14:49.863Z",
          "SqlType": {
            "Name": "BIT",
            "LengthLimit": null,
            "MaxValue": null,
            "MinValue": null,
            "DecimalPrecision": null
          },
          "IsSystemField": true,
          "IsRequired": true,
          "ReferenceEntity": null,
          "ReferenceType": "ManyToOne",
          "FieldDisplayType": "Basic",
          "ReferenceChoiceSet": null,
          "IsAttachment": false
        }
      ],
      "RecordCount": 8,
      "EntityType": "SystemEntity"
    },
    {
      "Id": "367275d3-84a0-ec11-a99b-a085fc8e7301",
      "Name": "TestEntity",
      "DisplayName": "TestEntity",
      "Description": "",
      "CreateTime": "2022-03-10T15:14:50.207Z",
      "UpdateTime": "2022-03-10T15:14:50.207Z",
      "Fields": [
        {
          "Id": "44ac86fb-3502-4871-b4c9-12b9365b4281",
          "Name": "Id",
          "DisplayName": "Id",
          "Description": "System built-in field",
          "CreateTime": "2022-03-10T15:14:50.217Z",
          "UpdateTime": "2022-03-10T15:14:50.217Z",
          "SqlType": {
            "Name": "UNIQUEIDENTIFIER",
            "LengthLimit": null,
            "MaxValue": null,
            "MinValue": null,
            "DecimalPrecision": null
          },
          "IsSystemField": true,
          "IsRequired": true,
          "ReferenceEntity": null,
          "ReferenceType": "ManyToOne",
          "FieldDisplayType": "Basic",
          "ReferenceChoiceSet": null,
          "IsAttachment": false
        },
        {
          "Id": "fb27f434-eeeb-49c2-a081-3b7b9bd8d5f9",
          "Name": "CreatedBy",
          "DisplayName": "CreatedBy",
          "Description": "System built-in field",
          "CreateTime": "2022-03-10T15:14:50.217Z",
          "UpdateTime": "2022-03-10T15:14:50.217Z",
          "SqlType": {
            "Name": "UNIQUEIDENTIFIER",
            "LengthLimit": null,
            "MaxValue": null,
            "MinValue": null,
            "DecimalPrecision": null
          },
          "IsSystemField": true,
          "IsRequired": true,
          "ReferenceEntity": {
            "Name": "SystemUser"
          },
          "ReferenceType": "ManyToOne",
          "FieldDisplayType": "Relationship",
          "ReferenceChoiceSet": null,
          "IsAttachment": false
        },
        {
          "Id": "0b70570f-356b-4727-b062-7f9f694a811e",
          "Name": "UpdatedBy",
          "DisplayName": "UpdatedBy",
          "Description": "System built-in field",
          "CreateTime": "2022-03-10T15:14:50.217Z",
          "UpdateTime": "2022-03-10T15:14:50.217Z",
          "SqlType": {
            "Name": "UNIQUEIDENTIFIER",
            "LengthLimit": null,
            "MaxValue": null,
            "MinValue": null,
            "DecimalPrecision": null
          },
          "IsSystemField": true,
          "IsRequired": false,
          "ReferenceEntity": {
            "Name": "SystemUser"
          },
          "ReferenceType": "ManyToOne",
          "FieldDisplayType": "Relationship",
          "ReferenceChoiceSet": null,
          "IsAttachment": false
        },
        {
          "Id": "dcab3415-e8a1-402e-b002-96db39ea7477",
          "Name": "UpdateTime",
          "DisplayName": "UpdateTime",
          "Description": "System built-in field",
          "CreateTime": "2022-03-10T15:14:50.217Z",
          "UpdateTime": "2022-03-10T15:14:50.217Z",
          "SqlType": {
            "Name": "DATETIMEOFFSET",
            "LengthLimit": null,
            "MaxValue": null,
            "MinValue": null,
            "DecimalPrecision": null
          },
          "IsSystemField": true,
          "IsRequired": false,
          "ReferenceEntity": null,
          "ReferenceType": "ManyToOne",
          "FieldDisplayType": "Basic",
          "ReferenceChoiceSet": null,
          "IsAttachment": false
        },
        {
          "Id": "c9a73710-0a91-4f46-9722-fbb53e66afe4",
          "Name": "CreateTime",
          "DisplayName": "CreateTime",
          "Description": "System built-in field",
          "CreateTime": "2022-03-10T15:14:50.217Z",
          "UpdateTime": "2022-03-10T15:14:50.217Z",
          "SqlType": {
            "Name": "DATETIMEOFFSET",
            "LengthLimit": null,
            "MaxValue": null,
            "MinValue": null,
            "DecimalPrecision": null
          },
          "IsSystemField": true,
          "IsRequired": true,
          "ReferenceEntity": null,
          "ReferenceType": "ManyToOne",
          "FieldDisplayType": "Basic",
          "ReferenceChoiceSet": null,
          "IsAttachment": false
        }
      ],
      "RecordCount": 0,
      "EntityType": "Entity"
    }
  ],
  "Namespace": "DebugSanity_Process",
  "EntitiesJson": "{\"entities\":[{\"name\":\"SystemUser\",\"displayName\":\"System Users\",\"entityTypeId\":3,\"entityType\":\"SystemEntity\",\"description\":\"Contains Automation Cloud users and groups that have ever had roles assigned, or accessed Data Service\",\"fields\":[{\"id\":\"ec203794-bae9-48be-ac82-2f5f5b210447\",\"name\":\"Name\",\"isPrimaryKey\":false,\"isForeignKey\":false,\"isUnique\":false,\"referenceType\":\"ManyToOne\",\"sqlType\":{\"name\":\"NVARCHAR\",\"lengthLimit\":512},\"isRequired\":true,\"displayName\":\"Name\",\"description\":\"Name\",\"createTime\":\"2022-03-10T15:14:49.863Z\",\"createdBy\":\"6021514a-9203-449a-858d-9d724e02eb4b\",\"updateTime\":\"2022-03-10T15:14:49.863Z\",\"isSystemField\":true,\"fieldDisplayType\":\"Basic\",\"isAttachment\":false,\"isRbacEnabled\":false},{\"id\":\"ad83b94f-9d01-4eb4-8305-35861f3da228\",\"name\":\"Email\",\"isPrimaryKey\":false,\"isForeignKey\":false,\"isUnique\":false,\"referenceType\":\"ManyToOne\",\"sqlType\":{\"name\":\"NVARCHAR\",\"lengthLimit\":512},\"isRequired\":false,\"displayName\":\"E-mail\",\"description\":\"E-mail\",\"createTime\":\"2022-03-10T15:14:49.863Z\",\"createdBy\":\"6021514a-9203-449a-858d-9d724e02eb4b\",\"updateTime\":\"2022-03-10T15:14:49.863Z\",\"isSystemField\":true,\"fieldDisplayType\":\"Basic\",\"isAttachment\":false,\"isRbacEnabled\":false},{\"id\":\"da160479-237e-48bb-b6f9-7ab876b3606d\",\"name\":\"UpdateTime\",\"isPrimaryKey\":false,\"isForeignKey\":false,\"isUnique\":false,\"referenceType\":\"ManyToOne\",\"sqlType\":{\"name\":\"DATETIMEOFFSET\"},\"isRequired\":false,\"displayName\":\"UpdateTime\",\"description\":\"System built-in field\",\"createTime\":\"2022-03-10T15:14:49.863Z\",\"createdBy\":\"6021514a-9203-449a-858d-9d724e02eb4b\",\"updateTime\":\"2022-03-10T15:14:49.863Z\",\"isSystemField\":true,\"fieldDisplayType\":\"Basic\",\"isAttachment\":false,\"isRbacEnabled\":false},{\"id\":\"8fbf3854-a50b-4493-8cc1-9a8cfc8a6465\",\"name\":\"CreateTime\",\"isPrimaryKey\":false,\"isForeignKey\":false,\"isUnique\":false,\"referenceType\":\"ManyToOne\",\"sqlType\":{\"name\":\"DATETIMEOFFSET\"},\"isRequired\":true,\"displayName\":\"CreateTime\",\"description\":\"System built-in field\",\"createTime\":\"2022-03-10T15:14:49.863Z\",\"createdBy\":\"6021514a-9203-449a-858d-9d724e02eb4b\",\"updateTime\":\"2022-03-10T15:14:49.863Z\",\"isSystemField\":true,\"fieldDisplayType\":\"Basic\",\"isAttachment\":false,\"isRbacEnabled\":false},{\"id\":\"0a2e774e-cb73-451e-94ad-bd2b66ed9c5e\",\"name\":\"Type\",\"isPrimaryKey\":false,\"isForeignKey\":false,\"isUnique\":false,\"referenceChoiceSet\":{\"name\":\"UserType\",\"entityTypeId\":0,\"entityType\":\"Entity\",\"isRbacEnabled\":false},\"referenceType\":\"ManyToOne\",\"sqlType\":{\"name\":\"INT\",\"maxValue\":9007199254740991.0,\"minValue\":-9007199254740991.0},\"isRequired\":true,\"displayName\":\"Type\",\"description\":\"Type\",\"createTime\":\"2022-03-10T15:14:49.863Z\",\"createdBy\":\"6021514a-9203-449a-858d-9d724e02eb4b\",\"updateTime\":\"2022-03-10T15:14:49.863Z\",\"isSystemField\":true,\"fieldDisplayType\":\"ChoiceSetSingle\",\"choiceSetId\":\"277275d3-84a0-ec11-a99b-a085fc8e7301\",\"isAttachment\":false,\"isRbacEnabled\":false},{\"id\":\"c6347492-40be-42fc-a024-c0c6427a52f3\",\"name\":\"Id\",\"isPrimaryKey\":true,\"isForeignKey\":false,\"isUnique\":false,\"referenceType\":\"ManyToOne\",\"sqlType\":{\"name\":\"UNIQUEIDENTIFIER\"},\"isRequired\":true,\"displayName\":\"Id\",\"description\":\"System built-in field\",\"createTime\":\"2022-03-10T15:14:49.863Z\",\"createdBy\":\"6021514a-9203-449a-858d-9d724e02eb4b\",\"updateTime\":\"2022-03-10T15:14:49.863Z\",\"isSystemField\":true,\"fieldDisplayType\":\"Basic\",\"isAttachment\":false,\"isRbacEnabled\":false},{\"id\":\"a1cc63ca-772e-49ab-83a8-e85185d4a42a\",\"name\":\"IsActive\",\"isPrimaryKey\":false,\"isForeignKey\":false,\"isUnique\":false,\"referenceType\":\"ManyToOne\",\"sqlType\":{\"name\":\"BIT\"},\"isRequired\":true,\"displayName\":\"IsActive\",\"description\":\"IsActive\",\"createTime\":\"2022-03-10T15:14:49.863Z\",\"createdBy\":\"6021514a-9203-449a-858d-9d724e02eb4b\",\"updateTime\":\"2022-03-10T15:14:49.863Z\",\"isSystemField\":true,\"fieldDisplayType\":\"Basic\",\"isAttachment\":false,\"isRbacEnabled\":false}],\"recordCount\":8,\"storageSizeInMB\":0.070312,\"usedStorageSizeInMB\":0.015625,\"isRbacEnabled\":false,\"id\":\"2e7275d3-84a0-ec11-a99b-a085fc8e7301\",\"createdBy\":\"6021514a-9203-449a-858d-9d724e02eb4b\",\"createTime\":\"2022-03-10T15:14:49.853Z\",\"updateTime\":\"2022-03-10T15:14:49.853Z\",\"updatedBy\":\"6021514a-9203-449a-858d-9d724e02eb4b\"},{\"name\":\"TestEntity\",\"displayName\":\"TestEntity\",\"entityTypeId\":0,\"entityType\":\"Entity\",\"description\":\"\",\"fields\":[{\"id\":\"44ac86fb-3502-4871-b4c9-12b9365b4281\",\"name\":\"Id\",\"isPrimaryKey\":true,\"isForeignKey\":false,\"isUnique\":false,\"referenceType\":\"ManyToOne\",\"sqlType\":{\"name\":\"UNIQUEIDENTIFIER\"},\"isRequired\":true,\"displayName\":\"Id\",\"description\":\"System built-in field\",\"createTime\":\"2022-03-10T15:14:50.217Z\",\"createdBy\":\"6021514a-9203-449a-858d-9d724e02eb4b\",\"updateTime\":\"2022-03-10T15:14:50.217Z\",\"isSystemField\":true,\"fieldDisplayType\":\"Basic\",\"isAttachment\":false,\"isRbacEnabled\":false},{\"id\":\"fb27f434-eeeb-49c2-a081-3b7b9bd8d5f9\",\"name\":\"CreatedBy\",\"isPrimaryKey\":false,\"isForeignKey\":true,\"isUnique\":false,\"referenceName\":\"fk_CreatedBy_59ba7cdb-654d-48ae-9e39-d5dafc903648\",\"referenceEntity\":{\"name\":\"SystemUser\",\"displayName\":\"System Users\",\"entityTypeId\":0,\"entityType\":\"Entity\",\"isRbacEnabled\":false,\"id\":\"2e7275d3-84a0-ec11-a99b-a085fc8e7301\"},\"referenceField\":{\"id\":\"ec203794-bae9-48be-ac82-2f5f5b210447\",\"definition\":{\"name\":\"Name\",\"isPrimaryKey\":false,\"isForeignKey\":false,\"isUnique\":false,\"referenceType\":\"ManyToOne\",\"sqlType\":{\"name\":\"NVARCHAR\",\"lengthLimit\":512},\"isRequired\":false,\"displayName\":\"Name\",\"createTime\":\"2022-09-27T14:57:50.0768783Z\",\"updateTime\":\"2022-09-27T14:57:50.0768783Z\",\"isSystemField\":false,\"fieldDisplayType\":\"Basic\",\"isAttachment\":false,\"isRbacEnabled\":false}},\"referenceType\":\"ManyToOne\",\"sqlType\":{\"name\":\"UNIQUEIDENTIFIER\"},\"isRequired\":true,\"displayName\":\"CreatedBy\",\"description\":\"System built-in field\",\"createTime\":\"2022-03-10T15:14:50.217Z\",\"createdBy\":\"6021514a-9203-449a-858d-9d724e02eb4b\",\"updateTime\":\"2022-03-10T15:14:50.217Z\",\"isSystemField\":true,\"fieldDisplayType\":\"Relationship\",\"isAttachment\":false,\"isRbacEnabled\":false},{\"id\":\"0b70570f-356b-4727-b062-7f9f694a811e\",\"name\":\"UpdatedBy\",\"isPrimaryKey\":false,\"isForeignKey\":true,\"isUnique\":false,\"referenceName\":\"fk_UpdatedBy_3a72226c-8b54-4e84-9a6a-4be39572d55a\",\"referenceEntity\":{\"name\":\"SystemUser\",\"displayName\":\"System Users\",\"entityTypeId\":0,\"entityType\":\"Entity\",\"isRbacEnabled\":false,\"id\":\"2e7275d3-84a0-ec11-a99b-a085fc8e7301\"},\"referenceField\":{\"id\":\"ec203794-bae9-48be-ac82-2f5f5b210447\",\"definition\":{\"name\":\"Name\",\"isPrimaryKey\":false,\"isForeignKey\":false,\"isUnique\":false,\"referenceType\":\"ManyToOne\",\"sqlType\":{\"name\":\"NVARCHAR\",\"lengthLimit\":512},\"isRequired\":false,\"displayName\":\"Name\",\"createTime\":\"2022-09-27T14:57:50.0768833Z\",\"updateTime\":\"2022-09-27T14:57:50.0768834Z\",\"isSystemField\":false,\"fieldDisplayType\":\"Basic\",\"isAttachment\":false,\"isRbacEnabled\":false}},\"referenceType\":\"ManyToOne\",\"sqlType\":{\"name\":\"UNIQUEIDENTIFIER\"},\"isRequired\":false,\"displayName\":\"UpdatedBy\",\"description\":\"System built-in field\",\"createTime\":\"2022-03-10T15:14:50.217Z\",\"createdBy\":\"6021514a-9203-449a-858d-9d724e02eb4b\",\"updateTime\":\"2022-03-10T15:14:50.217Z\",\"isSystemField\":true,\"fieldDisplayType\":\"Relationship\",\"isAttachment\":false,\"isRbacEnabled\":false},{\"id\":\"dcab3415-e8a1-402e-b002-96db39ea7477\",\"name\":\"UpdateTime\",\"isPrimaryKey\":false,\"isForeignKey\":false,\"isUnique\":false,\"referenceType\":\"ManyToOne\",\"sqlType\":{\"name\":\"DATETIMEOFFSET\"},\"isRequired\":false,\"displayName\":\"UpdateTime\",\"description\":\"System built-in field\",\"createTime\":\"2022-03-10T15:14:50.217Z\",\"createdBy\":\"6021514a-9203-449a-858d-9d724e02eb4b\",\"updateTime\":\"2022-03-10T15:14:50.217Z\",\"isSystemField\":true,\"fieldDisplayType\":\"Basic\",\"isAttachment\":false,\"isRbacEnabled\":false},{\"id\":\"c9a73710-0a91-4f46-9722-fbb53e66afe4\",\"name\":\"CreateTime\",\"isPrimaryKey\":false,\"isForeignKey\":false,\"isUnique\":false,\"referenceType\":\"ManyToOne\",\"sqlType\":{\"name\":\"DATETIMEOFFSET\"},\"isRequired\":true,\"displayName\":\"CreateTime\",\"description\":\"System built-in field\",\"createTime\":\"2022-03-10T15:14:50.217Z\",\"createdBy\":\"6021514a-9203-449a-858d-9d724e02eb4b\",\"updateTime\":\"2022-03-10T15:14:50.217Z\",\"isSystemField\":true,\"fieldDisplayType\":\"Basic\",\"isAttachment\":false,\"isRbacEnabled\":false}],\"recordCount\":0,\"storageSizeInMB\":0.0,\"usedStorageSizeInMB\":0.0,\"isRbacEnabled\":false,\"id\":\"367275d3-84a0-ec11-a99b-a085fc8e7301\",\"createdBy\":\"6021514a-9203-449a-858d-9d724e02eb4b\",\"createTime\":\"2022-03-10T15:14:50.207Z\",\"updateTime\":\"2022-03-10T15:14:50.207Z\",\"updatedBy\":\"6021514a-9203-449a-858d-9d724e02eb4b\"}],\"choicesets\":[{\"id\":\"277275d3-84a0-ec11-a99b-a085fc8e7301\",\"name\":\"UserType\",\"displayName\":\"User Type\",\"description\":\"Denotes the type of user record in the System User entity\",\"createdBy\":\"6021514a-9203-449a-858d-9d724e02eb4b\",\"createTime\":\"2022-03-10T15:14:49.547Z\",\"updateTime\":\"2022-03-10T15:14:49.547Z\",\"updatedBy\":\"6021514a-9203-449a-858d-9d724e02eb4b\",\"data\":[{\"DisplayName\":\"Application\",\"Name\":\"Application\",\"NumberId\":3},{\"DisplayName\":\"Group\",\"Name\":\"Group\",\"NumberId\":1},{\"DisplayName\":\"User\",\"Name\":\"User\",\"NumberId\":0},{\"DisplayName\":\"Robot\",\"Name\":\"Robot\",\"NumberId\":2}]}]}",
  "SelectedEntitiesNames": [
    "SystemUser",
    "TestEntity"
  ]
}