{
  "assemblyStates": {
    "DeserializeJSON_234f.UeflK2C4EaJ13Kx2M4y5p4V": {
      "namespace": "UiPath.Web.Activities.ViewModels.SWEntities.DeserializeJSON_234ffa.Bundle",
      "providerName": "CustomEntities",
      "key": {
        "name": "UiPath.Web.Activities.ViewModels.SWEntities.DeserializeJSON_234ffa",
        "hash": "LTIwNTQ3OTk1ODA",
        "assemblyName": "DeserializeJSON_234f.UeflK2C4EaJ13Kx2M4y5p4V"
      }
    },
    "DeserializeJSON_72f5.Gp0FyGY8FB1qWRQq2QIkM41": {
      "namespace": "UiPath.Web.Activities.ViewModels.SWEntities.DeserializeJSON_72f5d4.Bundle",
      "providerName": "CustomEntities",
      "key": {
        "name": "UiPath.Web.Activities.ViewModels.SWEntities.DeserializeJSON_72f5d4",
        "hash": "MTkxMTQ1Mjg4OA",
        "assemblyName": "DeserializeJSON_72f5.Gp0FyGY8FB1qWRQq2QIkM41"
      }
    },
    "DeserializeJSON_8ba7.90RCl3f5M8K1puGi430gJ9Z": {
      "namespace": "UiPath.Web.Activities.ViewModels.SWEntities.DeserializeJSON_8ba7bb.Bundle",
      "providerName": "CustomEntities",
      "key": {
        "name": "UiPath.Web.Activities.ViewModels.SWEntities.DeserializeJSON_8ba7bb",
        "hash": "LTg2NjQ3MzI1OQ",
        "assemblyName": "DeserializeJSON_8ba7.90RCl3f5M8K1puGi430gJ9Z"
      }
    },
    "DeserializeJSON_313d.i5OMd2sxCvH1boYwQD9KV71": {
      "namespace": "UiPath.Web.Activities.ViewModels.SWEntities.DeserializeJSON_313d06.Bundle",
      "providerName": "CustomEntities",
      "key": {
        "name": "UiPath.Web.Activities.ViewModels.SWEntities.DeserializeJSON_313d06",
        "hash": "LTY2NDAxODU5OQ",
        "assemblyName": "DeserializeJSON_313d.i5OMd2sxCvH1boYwQD9KV71"
      }
    },
    "DeserializeJSON_befa.SCJ0E3YjdWD1VrryY3vYt3G4": {
      "namespace": "UiPath.Web.Activities.ViewModels.SWEntities.DeserializeJSON_befa90.Bundle",
      "providerName": "CustomEntities",
      "key": {
        "name": "UiPath.Web.Activities.ViewModels.SWEntities.DeserializeJSON_befa90",
        "hash": "LTczMjkxMDcwOQ",
        "assemblyName": "DeserializeJSON_befa.SCJ0E3YjdWD1VrryY3vYt3G4"
      }
    },
    "DeserializeJSON_8fdc.W4yFX2x4BmI1332o8EeJ733": {
      "namespace": "UiPath.Web.Activities.ViewModels.SWEntities.DeserializeJSON_8fdc12.Bundle",
      "providerName": "CustomEntities",
      "key": {
        "name": "UiPath.Web.Activities.ViewModels.SWEntities.DeserializeJSON_8fdc12",
        "hash": "LTI2NjU5NDA5",
        "assemblyName": "DeserializeJSON_8fdc.W4yFX2x4BmI1332o8EeJ733"
      }
    },
    "DeserializeJSON_5f1a.qagIg2UGzPO1XPIZcd6tWv1": {
      "namespace": "UiPath.Web.Activities.ViewModels.SWEntities.DeserializeJSON_5f1a31.Bundle",
      "providerName": "CustomEntities",
      "key": {
        "name": "UiPath.Web.Activities.ViewModels.SWEntities.DeserializeJSON_5f1a31",
        "hash": "NzE4MDQ3NjY2",
        "assemblyName": "DeserializeJSON_5f1a.qagIg2UGzPO1XPIZcd6tWv1"
      }
    },
    "DeserializeJSON_2e20.y8IVN1VsEyG11qnjx1EjgjH1": {
      "namespace": "UiPath.Web.Activities.ViewModels.SWEntities.DeserializeJSON_2e20b5.Bundle",
      "providerName": "CustomEntities",
      "key": {
        "name": "UiPath.Web.Activities.ViewModels.SWEntities.DeserializeJSON_2e20b5",
        "hash": "LTExODk0MTU5Ng",
        "assemblyName": "DeserializeJSON_2e20.y8IVN1VsEyG11qnjx1EjgjH1"
      }
    },
    "DeserializeJSON_0806.qpZQQ1lmxEO1efWe61x7ljO2": {
      "namespace": "UiPath.Web.Activities.ViewModels.SWEntities.DeserializeJSON_0806a7.Bundle",
      "providerName": "CustomEntities",
      "key": {
        "name": "UiPath.Web.Activities.ViewModels.SWEntities.DeserializeJSON_0806a7",
        "hash": "MjExMTQ4NzUzNg",
        "assemblyName": "DeserializeJSON_0806.qpZQQ1lmxEO1efWe61x7ljO2"
      }
    }
  }
}