{"ProjectBreakpoints":"{\"CodeBreakpoints\":{},\"Value\":{\"Main.xaml\":[{\"ConditionalExpression\":\"3>=2\",\"ActionExpression\":\"\\\"the condition was evaluated to true\\\"\",\"ExpectedHitCounter\":null,\"ShouldContinueAfterAction\":false,\"IsTransient\":false,\"BreakpointType\":1,\"LocationIdentifier\":\"Log Message\",\"IsEnabled\":true,\"Id\":\"e1d539c8-65d3-4298-8bce-9de81275ba02\",\"ActivityIdRef\":\"LogMessage_1\",\"ActivityId\":\"1.2\",\"ActivityName\":\"Log Message\"}]}}","ProjectWatches":"{\"Value\":[{\"Id\":\"1d449874-e888-4318-90a5-1442f82074fc\",\"Expression\":\"petResponse==null\",\"Type\":0},{\"Id\":\"164b28ca-8f13-49a7-9564-27f5f2991452\",\"Expression\":\"petResponse!=null\",\"Type\":0},{\"Id\":\"614abcaa-90c3-4800-a682-525eb0b9d9b0\",\"Expression\":\"petResponse is Nothing\",\"Type\":0}]}","OpenedDocuments":"[\"Main.xaml\"]","ProjectActivitiesViewState":"{\"Main.xaml\":[{\"ActivityIdRef\":\"Add_PEt_and_Verify_1\",\"IsAdvancedOptionsExpanded\":false,\"Widgets\":{}},{\"ActivityIdRef\":\"LogMessage_1\",\"IsAdvancedOptionsExpanded\":false,\"Widgets\":{}}]}"}