{
  "Workflows": [
    {
      "Path": null,
      "SortBy": 0,
      "VariablesSectionElementsOrder": [],
      "ArgumentsSectionElementsOrder": null,
      "ConstantsSectionElementsOrder": [],
      "AddedNamespaces": null
    },
    {
      "Path": "Add_Queue_Item.xaml",
      "SortBy": 0,
      "VariablesSectionElementsOrder": [
        "_out_RandomNumber_2__Output&Sequence_2",
        "limbiStraine&Sequence_2",
        "notaPerLimbaStraina&Sequence_2",
        "_out_RandomNumber_3__Output&Sequence_2",
        "_out_RandomString_1__Output&Sequence_2",
        "_out_RandomString_2__Output&Sequence_2",
        "_out_RandomNumber_1__Output&Sequence_2",
        "areSapca&Sequence_2",
        "_out_RandomDate_1__Output&Sequence_2",
        "_out_RandomString_3__Output&Sequence_2"
      ],
      "ArgumentsSectionElementsOrder": [],
      "ConstantsSectionElementsOrder": [],
      "AddedNamespaces": null
    },
    {
      "Path": "Main.xaml",
      "SortBy": 0,
      "VariablesSectionElementsOrder": [
        "counter&Sequence_5"
      ],
      "ArgumentsSectionElementsOrder": [
        "no_Of_Elements"
      ],
      "ConstantsSectionElementsOrder": [],
      "AddedNamespaces": null
    }
  ]
}