{
  "Workflows": [
    {
      "Path": null,
      "SortBy": 0,
      "VariablesSectionElementsOrder": [],
      "ArgumentsSectionElementsOrder": null,
      "ConstantsSectionElementsOrder": [],
      "AddedNamespaces": null
    },
    {
      "Path": "Main.xaml",
      "SortBy": 0,
      "VariablesSectionElementsOrder": [
        "TransactionItem&StateMachine_1",
        "SystemException&StateMachine_1",
        "BusinessException&StateMachine_1",
        "TransactionNumber&StateMachine_1",
        "Config&StateMachine_1",
        "RetryNumber&StateMachine_1",
        "TransactionField2&StateMachine_1",
        "TransactionField1&StateMachine_1",
        "TransactionID&StateMachine_1",
        "dt_TransactionData&StateMachine_1",
        "ConsecutiveSystemExceptions&StateMachine_1",
        "str_SE_Subject&StateMachine_1",
        "str_SE_Body&StateMachine_1",
        "str_BE_Subject&StateMachine_1",
        "str_BE_Body&StateMachine_1",
        "str_TFRference&StateMachine_1",
        "str_LogFilePath&StateMachine_1",
        "bol_Log_File_Exists&StateMachine_1",
        "dtCustomerList&StateMachine_1",
        "dtCountryVariants&StateMachine_1",
        "dtCountryCodes&StateMachine_1",
        "dtBeneRating&StateMachine_1",
        "dtPortCountryList&StateMachine_1",
        "strDEVTESTPROD&StateMachine_1",
        "DBConnection&StateMachine_1",
        "strConfigFilePath&Sequence_17",
        "strUserName&Sequence_82",
        "arrMappingTableFiles&Sequence_55",
        "blnCopySuccess&Sequence_56",
        "strCopyToFilePath&Sequence_56",
        "Screenshot&Sequence_94",
        "ShouldStop&Sequence_25",
        "blnLCDownloadSuccess&Sequence_28"
      ],
      "ArgumentsSectionElementsOrder": [
        "in_OrchestratorQueueName",
        "in_OrchestratorQueueFolder",
        "out_TFReference"
      ],
      "ConstantsSectionElementsOrder": [],
      "AddedNamespaces": null
    }
  ]
}