{"OpenedDocuments":"[{\"DocumentPath\":\"Main.xaml\",\"FactoryId\":\"{ACB8E7BA-F093-44C1-9B50-33ECA51AAE16}\"}]","ProjectBreakpoints":"{\"CodeBreakpoints\":{},\"Value\":{\"Main.xaml\":[{\"ConditionalExpression\":null,\"ActionExpression\":null,\"ExpectedHitCounter\":null,\"ShouldContinueAfterAction\":false,\"IsTransient\":false,\"BreakpointType\":1,\"LocationIdentifier\":\"GetConfigDataFromDB\",\"IsEnabled\":false,\"Id\":\"588daf87-10ae-4271-bde5-bb9a9ebd2687\",\"ActivityIdRef\":\"GetConfigDataFromDB_1\",\"ActivityId\":\"1.1766\",\"ActivityName\":\"GetConfigDataFromDB\"},{\"ConditionalExpression\":null,\"ActionExpression\":null,\"ExpectedHitCounter\":null,\"ShouldContinueAfterAction\":false,\"IsTransient\":false,\"BreakpointType\":1,\"LocationIdentifier\":\"Sequence Adjust the downloads location path\",\"IsEnabled\":false,\"Id\":\"7109dad5-86d4-4f48-8df3-4ae10ffd1fcd\",\"ActivityIdRef\":\"Sequence_82\",\"ActivityId\":\"1.1637\",\"ActivityName\":\"Sequence Adjust the downloads location path\"}],\"Framework/InitAllApplications.xaml\":[{\"ConditionalExpression\":null,\"ActionExpression\":null,\"ExpectedHitCounter\":null,\"ShouldContinueAfterAction\":false,\"IsTransient\":false,\"BreakpointType\":1,\"LocationIdentifier\":\"T24Login\",\"IsEnabled\":true,\"Id\":\"fa446a06-f456-44bf-9498-5c8e6689469b\",\"ActivityIdRef\":\"T24Login_1\",\"ActivityId\":\"1.13\",\"ActivityName\":\"T24Login\"},{\"ConditionalExpression\":null,\"ActionExpression\":null,\"ExpectedHitCounter\":null,\"ShouldContinueAfterAction\":false,\"IsTransient\":false,\"BreakpointType\":1,\"LocationIdentifier\":\"T24NavigateToExportLCsPendingAction\",\"IsEnabled\":true,\"Id\":\"23ddae41-e0d7-42c7-93ce-9b2b66e4035d\",\"ActivityIdRef\":\"T24NavigateToExportLCsPendingAction_2\",\"ActivityId\":\"1.6\",\"ActivityName\":\"T24NavigateToExportLCsPendingAction\"},{\"ConditionalExpression\":null,\"ActionExpression\":null,\"ExpectedHitCounter\":null,\"ShouldContinueAfterAction\":false,\"IsTransient\":false,\"BreakpointType\":1,\"LocationIdentifier\":\"Log Message\",\"IsEnabled\":true,\"Id\":\"0930a0f6-262e-4ec9-aba1-57264acefb4d\",\"ActivityIdRef\":\"LogMessage_2\",\"ActivityId\":\"1.2\",\"ActivityName\":\"Log Message\"}],\"T24/T24Login.xaml\":[{\"ConditionalExpression\":null,\"ActionExpression\":null,\"ExpectedHitCounter\":null,\"ShouldContinueAfterAction\":false,\"IsTransient\":false,\"BreakpointType\":1,\"LocationIdentifier\":\"Type Into Username\",\"IsEnabled\":true,\"Id\":\"1191504b-a222-457c-8c43-5a1cb5151f54\",\"ActivityIdRef\":\"NTypeInto_1\",\"ActivityId\":\"1.288\",\"ActivityName\":\"Type Into Username\"},{\"ConditionalExpression\":null,\"ActionExpression\":null,\"ExpectedHitCounter\":null,\"ShouldContinueAfterAction\":false,\"IsTransient\":false,\"BreakpointType\":1,\"LocationIdentifier\":\"Get Credential T24 login\",\"IsEnabled\":true,\"Id\":\"18c9376b-6f12-453f-921c-d31d366810f0\",\"ActivityIdRef\":\"GetRobotCredential_1\",\"ActivityId\":\"1.314\",\"ActivityName\":\"Get Credential T24 login\"},{\"ConditionalExpression\":null,\"ActionExpression\":null,\"ExpectedHitCounter\":null,\"ShouldContinueAfterAction\":false,\"IsTransient\":false,\"BreakpointType\":1,\"LocationIdentifier\":\"Type Into Password\",\"IsEnabled\":true,\"Id\":\"1deae148-b6e7-4404-8cea-deff88bebfdd\",\"ActivityIdRef\":\"NTypeInto_2\",\"ActivityId\":\"1.262\",\"ActivityName\":\"Type Into Password\"},{\"ConditionalExpression\":null,\"ActionExpression\":null,\"ExpectedHitCounter\":null,\"ShouldContinueAfterAction\":false,\"IsTransient\":false,\"BreakpointType\":1,\"LocationIdentifier\":\"Click Login\",\"IsEnabled\":true,\"Id\":\"229c299e-c192-48f2-9eb0-6db9db336637\",\"ActivityIdRef\":\"NClick_1\",\"ActivityId\":\"1.253\",\"ActivityName\":\"Click Login\"}]}}","ProjectWatches":"{\"Value\":[]}","ProjectSettings":"{\"IncludeSourcesByDefault\":true,\"RemoveUnusedDependencies\":false}","ProjectActivitiesViewState":"{\"Framework/InitAllApplications.xaml\":[{\"ActivityIdRef\":\"T24Login_1\",\"IsAdvancedOptionsExpanded\":false,\"Widgets\":{}},{\"ActivityIdRef\":\"T24NavigateToExportLCsPendingAction_2\",\"IsAdvancedOptionsExpanded\":false,\"Widgets\":{}}],\"Main.xaml\":[{\"ActivityIdRef\":\"If_1\",\"IsAdvancedOptionsExpanded\":false,\"Widgets\":{\"Else\":{\"ShowExpanded\":false},\"Then\":{\"ShowExpanded\":true}}},{\"ActivityIdRef\":\"SQL_ConnectToDB_1\",\"IsAdvancedOptionsExpanded\":false,\"Widgets\":{}},{\"ActivityIdRef\":\"DEVPROD_Picker_1\",\"IsAdvancedOptionsExpanded\":false,\"Widgets\":{}},{\"ActivityIdRef\":\"GetConfigDataFromDB_1\",\"IsAdvancedOptionsExpanded\":false,\"Widgets\":{}},{\"ActivityIdRef\":\"AddLogFields_2\",\"IsAdvancedOptionsExpanded\":false,\"Widgets\":{}},{\"ActivityIdRef\":\"WriteLine_1\",\"IsAdvancedOptionsExpanded\":false,\"Widgets\":{}},{\"ActivityIdRef\":\"If_21\",\"IsAdvancedOptionsExpanded\":false,\"Widgets\":{}},{\"ActivityIdRef\":\"If_10\",\"IsAdvancedOptionsExpanded\":false,\"Widgets\":{}},{\"ActivityIdRef\":\"If_12\",\"IsAdvancedOptionsExpanded\":false,\"Widgets\":{}},{\"ActivityIdRef\":\"If_13\",\"IsAdvancedOptionsExpanded\":false,\"Widgets\":{}},{\"ActivityIdRef\":\"Throw_1\",\"IsAdvancedOptionsExpanded\":false,\"Widgets\":{}}],\"T24/T24Login.xaml\":[{\"ActivityIdRef\":\"Throw_11\",\"IsAdvancedOptionsExpanded\":false,\"Widgets\":{}},{\"ActivityIdRef\":\"Throw_12\",\"IsAdvancedOptionsExpanded\":false,\"Widgets\":{}},{\"ActivityIdRef\":\"GetRobotCredential_1\",\"IsAdvancedOptionsExpanded\":false,\"Categories\":{\"Misc\":true,\"Output\":true},\"Widgets\":{}}],\"T24/T24NavigateToExportLCsPendingAction.xaml\":[{\"ActivityIdRef\":\"Throw_7\",\"IsAdvancedOptionsExpanded\":false,\"Widgets\":{}},{\"ActivityIdRef\":\"Throw_4\",\"IsAdvancedOptionsExpanded\":false,\"Widgets\":{}},{\"ActivityIdRef\":\"Throw_8\",\"IsAdvancedOptionsExpanded\":false,\"Widgets\":{}}]}"}