{
  "DisplayName": "EP1_Sequence",
  "Tooltip": null,
  "HelpLink": null,
  "Color": null,
  "OriginalIconFileName": null,
  "Arguments": [
    {
      "Name": "in_EP1_DT_Arg",
      "DisplayName": "in_EP1_DT_Arg",
      "Category": null,
      "Tooltip": "tooltip set in argument properties dialog",
      "Placeholder": null,
      "Widget": null,
      "IsRequired": true,
      "IsPrincipal": true,
      "ArgumentType": 0,
      "DataSourceItems": null
    },
    {
      "Name": "argument3",
      "DisplayName": "argument3",
      "Category": null,
      "Tooltip": null,
      "Placeholder": null,
      "Widget": null,
      "IsRequired": false,
      "IsPrincipal": true,
      "ArgumentType": 0,
      "DataSourceItems": null
    },
    {
      "Name": "inOut_EP1_Bool_Arg",
      "DisplayName": "inOut_EP1_Bool_Arg",
      "Category": null,
      "Tooltip": "Tooltip set in Data Manager",
      "Placeholder": null,
      "Widget": "Toggle",
      "IsRequired": true,
      "IsPrincipal": true,
      "ArgumentType": 0,
      "DataSourceItems": null
    },
    {
      "Name": "out_EP1_IntArray_Arg",
      "DisplayName": "out_EP1_IntArray_Arg",
      "Category": null,
      "Tooltip": null,
      "Placeholder": null,
      "Widget": null,
      "IsRequired": true,
      "IsPrincipal": true,
      "ArgumentType": 0,
      "DataSourceItems": null
    },
    {
      "Name": "in_EP1_String_Arg",
      "DisplayName": "in_EP1_String_Arg",
      "Category": null,
      "Tooltip": "tooltip set in Arguments panel",
      "Placeholder": null,
      "Widget": "TextComposer",
      "IsRequired": false,
      "IsPrincipal": true,
      "ArgumentType": 0,
      "DataSourceItems": null
    },
    {
      "Name": "in_JsonString",
      "DisplayName": "in_JsonString",
      "Category": null,
      "Tooltip": null,
      "Placeholder": null,
      "Widget": null,
      "IsRequired": false,
      "IsPrincipal": true,
      "ArgumentType": 0,
      "DataSourceItems": null
    }
  ]
}