{
  "exportedBy": null,
  "bundleHash": null,
  "version": "1.0.0.0",
  "jitAssemblyCompilerCommands": [
    {
      "providerName": "CustomEntities",
      "bundleOptions": {
        "hash": "-2054799580",
        "bundleName": "DeserializeJSON_234ffa",
        "entitiesBundle": {
          "Types": {
            "DeserializeJSON_234ffa": {
              "name": "DeserializeJSON_234ffa",
              "properties": [
                {
                  "name": "Animal",
                  "type": {
                    "definitionName": "Animal"
                  }
                },
                {
                  "name": "Properietar",
                  "type": {
                    "definitionName": "Properietar"
                  }
                }
              ],
              "baseType": null
            },
            "Animal": {
              "name": "Animal",
              "properties": [
                {
                  "name": "Pisica",
                  "type": {
                    "definitionName": "Pisica"
                  }
                },
                {
                  "name": "Caine",
                  "type": {
                    "definitionName": "Caine"
                  }
                },
                {
                  "name": "Cal",
                  "type": {
                    "definitionName": "Cal"
                  }
                }
              ],
              "baseType": null
            },
            "Pisica": {
              "name": "Pisica",
              "properties": [
                {
                  "name": "Tom",
                  "type": {
                    "definitionName": "Tom"
                  }
                }
              ],
              "baseType": null
            },
            "Tom": {
              "name": "Tom",
              "properties": [
                {
                  "name": "Rasa",
                  "type": {
                    "ClrType": "System.String, System.Private.CoreLib"
                  }
                },
                {
                  "name": "Varsta",
                  "type": {
                    "ClrType": "System.Nullable`1[[System.Int32, System.Private.CoreLib]], System.Private.CoreLib"
                  }
                },
                {
                  "name": "Talie",
                  "type": {
                    "ClrType": "System.String, System.Private.CoreLib"
                  }
                },
                {
                  "name": "Greutate",
                  "type": {
                    "ClrType": "System.Nullable`1[[System.Int32, System.Private.CoreLib]], System.Private.CoreLib"
                  }
                },
                {
                  "name": "Sterilizat",
                  "type": {
                    "ClrType": "System.Nullable`1[[System.Boolean, System.Private.CoreLib]], System.Private.CoreLib"
                  }
                },
                {
                  "name": "Culoare",
                  "type": {
                    "ClrType": "System.String, System.Private.CoreLib"
                  }
                }
              ],
              "baseType": null
            },
            "Caine": {
              "name": "Caine",
              "properties": [
                {
                  "name": "Jack",
                  "type": {
                    "definitionName": "Jack"
                  }
                }
              ],
              "baseType": null
            },
            "Jack": {
              "name": "Jack",
              "properties": [
                {
                  "name": "Rasa",
                  "type": {
                    "ClrType": "System.String, System.Private.CoreLib"
                  }
                },
                {
                  "name": "Talie",
                  "type": {
                    "ClrType": "System.String, System.Private.CoreLib"
                  }
                },
                {
                  "name": "Greutate",
                  "type": {
                    "ClrType": "System.Nullable`1[[System.Int32, System.Private.CoreLib]], System.Private.CoreLib"
                  }
                },
                {
                  "name": "Agresiv",
                  "type": {
                    "ClrType": "System.Nullable`1[[System.Boolean, System.Private.CoreLib]], System.Private.CoreLib"
                  }
                },
                {
                  "name": "Loial",
                  "type": {
                    "ClrType": "System.Nullable`1[[System.Boolean, System.Private.CoreLib]], System.Private.CoreLib"
                  }
                }
              ],
              "baseType": null
            },
            "Cal": {
              "name": "Cal",
              "properties": [
                {
                  "name": "Rasa",
                  "type": {
                    "ClrType": "System.String, System.Private.CoreLib"
                  }
                },
                {
                  "name": "Greutate",
                  "type": {
                    "ClrType": "System.Nullable`1[[System.Int32, System.Private.CoreLib]], System.Private.CoreLib"
                  }
                },
                {
                  "name": "Culoare",
                  "type": {
                    "ClrType": "System.String, System.Private.CoreLib"
                  }
                },
                {
                  "name": "Varsta",
                  "type": {
                    "ClrType": "System.Nullable`1[[System.Int32, System.Private.CoreLib]], System.Private.CoreLib"
                  }
                },
                {
                  "name": "Atletic",
                  "type": {
                    "ClrType": "System.Nullable`1[[System.Boolean, System.Private.CoreLib]], System.Private.CoreLib"
                  }
                },
                {
                  "name": "Sterilizat",
                  "type": {
                    "ClrType": "System.Nullable`1[[System.Boolean, System.Private.CoreLib]], System.Private.CoreLib"
                  }
                }
              ],
              "baseType": null
            },
            "Properietar": {
              "name": "Properietar",
              "properties": [
                {
                  "name": "Nume",
                  "type": {
                    "ClrType": "System.String, System.Private.CoreLib"
                  }
                },
                {
                  "name": "Varsta",
                  "type": {
                    "ClrType": "System.Nullable`1[[System.Int32, System.Private.CoreLib]], System.Private.CoreLib"
                  }
                },
                {
                  "name": "Inaltime",
                  "type": {
                    "ClrType": "System.Nullable`1[[System.Int32, System.Private.CoreLib]], System.Private.CoreLib"
                  }
                },
                {
                  "name": "Atletic",
                  "type": {
                    "ClrType": "System.Nullable`1[[System.Boolean, System.Private.CoreLib]], System.Private.CoreLib"
                  }
                }
              ],
              "baseType": null
            }
          },
          "version": 1
        }
      },
      "entityAssemblyKey": {
        "name": "UiPath.Web.Activities.ViewModels.SWEntities.DeserializeJSON_234ffa",
        "hash": "LTIwNTQ3OTk1ODA",
        "assemblyName": "DeserializeJSON_234f.UeflK2C4EaJ13Kx2M4y5p4V"
      }
    },
    {
      "providerName": "CustomEntities",
      "bundleOptions": {
        "hash": "-26659409",
        "bundleName": "DeserializeJSON_8fdc12",
        "entitiesBundle": {
          "Types": {
            "DeserializeJSON_8fdc12": {
              "name": "DeserializeJSON_8fdc12",
              "properties": [
                {
                  "name": "Animal",
                  "type": {
                    "definitionName": "Animal"
                  }
                },
                {
                  "name": "Properietar",
                  "type": {
                    "definitionName": "Properietar"
                  }
                }
              ],
              "baseType": null
            },
            "Animal": {
              "name": "Animal",
              "properties": [
                {
                  "name": "Pisica",
                  "type": {
                    "definitionName": "Pisica"
                  }
                },
                {
                  "name": "Caine",
                  "type": {
                    "definitionName": "Caine"
                  }
                },
                {
                  "name": "Cal",
                  "type": {
                    "definitionName": "Cal"
                  }
                }
              ],
              "baseType": null
            },
            "Pisica": {
              "name": "Pisica",
              "properties": [
                {
                  "name": "Tom",
                  "type": {
                    "definitionName": "Tom"
                  }
                }
              ],
              "baseType": null
            },
            "Tom": {
              "name": "Tom",
              "properties": [
                {
                  "name": "Rasa",
                  "type": {
                    "ClrType": "System.String, System.Private.CoreLib"
                  }
                },
                {
                  "name": "Varsta",
                  "type": {
                    "ClrType": "System.Nullable`1[[System.Int32, System.Private.CoreLib]], System.Private.CoreLib"
                  }
                },
                {
                  "name": "Talie",
                  "type": {
                    "ClrType": "System.String, System.Private.CoreLib"
                  }
                },
                {
                  "name": "Greutate",
                  "type": {
                    "ClrType": "System.Nullable`1[[System.Int32, System.Private.CoreLib]], System.Private.CoreLib"
                  }
                },
                {
                  "name": "Sterilizat",
                  "type": {
                    "ClrType": "System.Nullable`1[[System.Boolean, System.Private.CoreLib]], System.Private.CoreLib"
                  }
                },
                {
                  "name": "Culoare",
                  "type": {
                    "ClrType": "System.String, System.Private.CoreLib"
                  }
                }
              ],
              "baseType": null
            },
            "Caine": {
              "name": "Caine",
              "properties": [
                {
                  "name": "Jack",
                  "type": {
                    "definitionName": "Jack"
                  }
                }
              ],
              "baseType": null
            },
            "Jack": {
              "name": "Jack",
              "properties": [
                {
                  "name": "Rasa",
                  "type": {
                    "ClrType": "System.String, System.Private.CoreLib"
                  }
                },
                {
                  "name": "Talie",
                  "type": {
                    "ClrType": "System.String, System.Private.CoreLib"
                  }
                },
                {
                  "name": "Greutate",
                  "type": {
                    "ClrType": "System.Nullable`1[[System.Int32, System.Private.CoreLib]], System.Private.CoreLib"
                  }
                },
                {
                  "name": "Agresiv",
                  "type": {
                    "ClrType": "System.Nullable`1[[System.Boolean, System.Private.CoreLib]], System.Private.CoreLib"
                  }
                },
                {
                  "name": "Loial",
                  "type": {
                    "ClrType": "System.Nullable`1[[System.Boolean, System.Private.CoreLib]], System.Private.CoreLib"
                  }
                }
              ],
              "baseType": null
            },
            "Cal": {
              "name": "Cal",
              "properties": [
                {
                  "name": "Rasa",
                  "type": {
                    "ClrType": "System.String, System.Private.CoreLib"
                  }
                },
                {
                  "name": "Greutate",
                  "type": {
                    "ClrType": "System.Nullable`1[[System.Int32, System.Private.CoreLib]], System.Private.CoreLib"
                  }
                },
                {
                  "name": "Culoare",
                  "type": {
                    "ClrType": "System.String, System.Private.CoreLib"
                  }
                },
                {
                  "name": "Varsta",
                  "type": {
                    "ClrType": "System.Nullable`1[[System.Int32, System.Private.CoreLib]], System.Private.CoreLib"
                  }
                },
                {
                  "name": "Atletic",
                  "type": {
                    "ClrType": "System.Nullable`1[[System.Boolean, System.Private.CoreLib]], System.Private.CoreLib"
                  }
                },
                {
                  "name": "Sterilizat",
                  "type": {
                    "ClrType": "System.Nullable`1[[System.Boolean, System.Private.CoreLib]], System.Private.CoreLib"
                  }
                }
              ],
              "baseType": null
            },
            "Properietar": {
              "name": "Properietar",
              "properties": [
                {
                  "name": "Nume",
                  "type": {
                    "ClrType": "System.String, System.Private.CoreLib"
                  }
                },
                {
                  "name": "Varsta",
                  "type": {
                    "ClrType": "System.Nullable`1[[System.Int32, System.Private.CoreLib]], System.Private.CoreLib"
                  }
                },
                {
                  "name": "Inaltime",
                  "type": {
                    "ClrType": "System.Nullable`1[[System.Int32, System.Private.CoreLib]], System.Private.CoreLib"
                  }
                },
                {
                  "name": "Atletic",
                  "type": {
                    "ClrType": "System.Nullable`1[[System.Boolean, System.Private.CoreLib]], System.Private.CoreLib"
                  }
                }
              ],
              "baseType": null
            }
          },
          "version": 1
        }
      },
      "entityAssemblyKey": {
        "name": "UiPath.Web.Activities.ViewModels.SWEntities.DeserializeJSON_8fdc12",
        "hash": "LTI2NjU5NDA5",
        "assemblyName": "DeserializeJSON_8fdc.W4yFX2x4BmI1332o8EeJ733"
      }
    },
    {
      "providerName": "CustomEntities",
      "bundleOptions": {
        "hash": "718047666",
        "bundleName": "DeserializeJSON_5f1a31",
        "entitiesBundle": {
          "Types": {
            "DeserializeJSON_5f1a31": {
              "name": "DeserializeJSON_5f1a31",
              "properties": [
                {
                  "name": "Animal",
                  "type": {
                    "definitionName": "Animal"
                  }
                },
                {
                  "name": "Properietar",
                  "type": {
                    "definitionName": "Properietar"
                  }
                }
              ],
              "baseType": null
            },
            "Animal": {
              "name": "Animal",
              "properties": [
                {
                  "name": "Pisica",
                  "type": {
                    "definitionName": "Pisica"
                  }
                },
                {
                  "name": "Caine",
                  "type": {
                    "definitionName": "Caine"
                  }
                },
                {
                  "name": "Cal",
                  "type": {
                    "definitionName": "Cal"
                  }
                }
              ],
              "baseType": null
            },
            "Pisica": {
              "name": "Pisica",
              "properties": [
                {
                  "name": "catName",
                  "type": {
                    "definitionName": "catName"
                  }
                }
              ],
              "baseType": null
            },
            "catName": {
              "name": "catName",
              "properties": [
                {
                  "name": "Rasa",
                  "type": {
                    "ClrType": "System.String, System.Private.CoreLib"
                  }
                },
                {
                  "name": "Varsta",
                  "type": {
                    "ClrType": "System.Nullable`1[[System.Int32, System.Private.CoreLib]], System.Private.CoreLib"
                  }
                },
                {
                  "name": "Talie",
                  "type": {
                    "ClrType": "System.String, System.Private.CoreLib"
                  }
                },
                {
                  "name": "Greutate",
                  "type": {
                    "ClrType": "System.Nullable`1[[System.Int32, System.Private.CoreLib]], System.Private.CoreLib"
                  }
                },
                {
                  "name": "Sterilizat",
                  "type": {
                    "ClrType": "System.Nullable`1[[System.Boolean, System.Private.CoreLib]], System.Private.CoreLib"
                  }
                },
                {
                  "name": "Culoare",
                  "type": {
                    "ClrType": "System.String, System.Private.CoreLib"
                  }
                }
              ],
              "baseType": null
            },
            "Caine": {
              "name": "Caine",
              "properties": [
                {
                  "name": "dogName",
                  "type": {
                    "definitionName": "dogName"
                  }
                }
              ],
              "baseType": null
            },
            "dogName": {
              "name": "dogName",
              "properties": [
                {
                  "name": "Rasa",
                  "type": {
                    "ClrType": "System.String, System.Private.CoreLib"
                  }
                },
                {
                  "name": "Talie",
                  "type": {
                    "ClrType": "System.String, System.Private.CoreLib"
                  }
                },
                {
                  "name": "Greutate",
                  "type": {
                    "ClrType": "System.Nullable`1[[System.Int32, System.Private.CoreLib]], System.Private.CoreLib"
                  }
                },
                {
                  "name": "Agresiv",
                  "type": {
                    "ClrType": "System.Nullable`1[[System.Boolean, System.Private.CoreLib]], System.Private.CoreLib"
                  }
                },
                {
                  "name": "Loial",
                  "type": {
                    "ClrType": "System.Nullable`1[[System.Boolean, System.Private.CoreLib]], System.Private.CoreLib"
                  }
                }
              ],
              "baseType": null
            },
            "Cal": {
              "name": "Cal",
              "properties": [
                {
                  "name": "Rasa",
                  "type": {
                    "ClrType": "System.String, System.Private.CoreLib"
                  }
                },
                {
                  "name": "Greutate",
                  "type": {
                    "ClrType": "System.Nullable`1[[System.Int32, System.Private.CoreLib]], System.Private.CoreLib"
                  }
                },
                {
                  "name": "Culoare",
                  "type": {
                    "ClrType": "System.String, System.Private.CoreLib"
                  }
                },
                {
                  "name": "Varsta",
                  "type": {
                    "ClrType": "System.Nullable`1[[System.Int32, System.Private.CoreLib]], System.Private.CoreLib"
                  }
                },
                {
                  "name": "Atletic",
                  "type": {
                    "ClrType": "System.Nullable`1[[System.Boolean, System.Private.CoreLib]], System.Private.CoreLib"
                  }
                },
                {
                  "name": "Sterilizat",
                  "type": {
                    "ClrType": "System.Nullable`1[[System.Boolean, System.Private.CoreLib]], System.Private.CoreLib"
                  }
                }
              ],
              "baseType": null
            },
            "Properietar": {
              "name": "Properietar",
              "properties": [
                {
                  "name": "Nume",
                  "type": {
                    "ClrType": "System.String, System.Private.CoreLib"
                  }
                },
                {
                  "name": "Varsta",
                  "type": {
                    "ClrType": "System.Nullable`1[[System.Int32, System.Private.CoreLib]], System.Private.CoreLib"
                  }
                },
                {
                  "name": "Inaltime",
                  "type": {
                    "ClrType": "System.Nullable`1[[System.Int32, System.Private.CoreLib]], System.Private.CoreLib"
                  }
                },
                {
                  "name": "Atletic",
                  "type": {
                    "ClrType": "System.Nullable`1[[System.Boolean, System.Private.CoreLib]], System.Private.CoreLib"
                  }
                }
              ],
              "baseType": null
            }
          },
          "version": 1
        }
      },
      "entityAssemblyKey": {
        "name": "UiPath.Web.Activities.ViewModels.SWEntities.DeserializeJSON_5f1a31",
        "hash": "NzE4MDQ3NjY2",
        "assemblyName": "DeserializeJSON_5f1a.qagIg2UGzPO1XPIZcd6tWv1"
      }
    },
    {
      "providerName": "CustomEntities",
      "bundleOptions": {
        "hash": "1911452888",
        "bundleName": "DeserializeJSON_72f5d4",
        "entitiesBundle": {
          "Types": {
            "DeserializeJSON_72f5d4": {
              "name": "DeserializeJSON_72f5d4",
              "properties": [
                {
                  "name": "Animal",
                  "type": {
                    "definitionName": "Animal"
                  }
                },
                {
                  "name": "Properietar",
                  "type": {
                    "definitionName": "Properietar"
                  }
                }
              ],
              "baseType": null
            },
            "Animal": {
              "name": "Animal",
              "properties": [
                {
                  "name": "Pisica",
                  "type": {
                    "definitionName": "Pisica"
                  }
                },
                {
                  "name": "Caine",
                  "type": {
                    "definitionName": "Caine"
                  }
                },
                {
                  "name": "Cal",
                  "type": {
                    "definitionName": "Cal"
                  }
                }
              ],
              "baseType": null
            },
            "Pisica": {
              "name": "Pisica",
              "properties": [
                {
                  "name": "Tom",
                  "type": {
                    "definitionName": "Tom"
                  }
                }
              ],
              "baseType": null
            },
            "Tom": {
              "name": "Tom",
              "properties": [
                {
                  "name": "Rasa",
                  "type": {
                    "ClrType": "System.String, System.Private.CoreLib"
                  }
                },
                {
                  "name": "Varsta",
                  "type": {
                    "ClrType": "System.Nullable`1[[System.Int32, System.Private.CoreLib]], System.Private.CoreLib"
                  }
                },
                {
                  "name": "Talie",
                  "type": {
                    "ClrType": "System.String, System.Private.CoreLib"
                  }
                },
                {
                  "name": "Greutate",
                  "type": {
                    "ClrType": "System.Nullable`1[[System.Int32, System.Private.CoreLib]], System.Private.CoreLib"
                  }
                },
                {
                  "name": "Sterilizat",
                  "type": {
                    "ClrType": "System.Nullable`1[[System.Boolean, System.Private.CoreLib]], System.Private.CoreLib"
                  }
                },
                {
                  "name": "Culoare",
                  "type": {
                    "ClrType": "System.String, System.Private.CoreLib"
                  }
                }
              ],
              "baseType": null
            },
            "Caine": {
              "name": "Caine",
              "properties": [
                {
                  "name": "dogName",
                  "type": {
                    "definitionName": "dogName"
                  }
                }
              ],
              "baseType": null
            },
            "dogName": {
              "name": "dogName",
              "properties": [
                {
                  "name": "Rasa",
                  "type": {
                    "ClrType": "System.String, System.Private.CoreLib"
                  }
                },
                {
                  "name": "Talie",
                  "type": {
                    "ClrType": "System.String, System.Private.CoreLib"
                  }
                },
                {
                  "name": "Greutate",
                  "type": {
                    "ClrType": "System.Nullable`1[[System.Int32, System.Private.CoreLib]], System.Private.CoreLib"
                  }
                },
                {
                  "name": "Agresiv",
                  "type": {
                    "ClrType": "System.Nullable`1[[System.Boolean, System.Private.CoreLib]], System.Private.CoreLib"
                  }
                },
                {
                  "name": "Loial",
                  "type": {
                    "ClrType": "System.Nullable`1[[System.Boolean, System.Private.CoreLib]], System.Private.CoreLib"
                  }
                }
              ],
              "baseType": null
            },
            "Cal": {
              "name": "Cal",
              "properties": [
                {
                  "name": "Rasa",
                  "type": {
                    "ClrType": "System.String, System.Private.CoreLib"
                  }
                },
                {
                  "name": "Greutate",
                  "type": {
                    "ClrType": "System.Nullable`1[[System.Int32, System.Private.CoreLib]], System.Private.CoreLib"
                  }
                },
                {
                  "name": "Culoare",
                  "type": {
                    "ClrType": "System.String, System.Private.CoreLib"
                  }
                },
                {
                  "name": "Varsta",
                  "type": {
                    "ClrType": "System.Nullable`1[[System.Int32, System.Private.CoreLib]], System.Private.CoreLib"
                  }
                },
                {
                  "name": "Atletic",
                  "type": {
                    "ClrType": "System.Nullable`1[[System.Boolean, System.Private.CoreLib]], System.Private.CoreLib"
                  }
                },
                {
                  "name": "Sterilizat",
                  "type": {
                    "ClrType": "System.Nullable`1[[System.Boolean, System.Private.CoreLib]], System.Private.CoreLib"
                  }
                }
              ],
              "baseType": null
            },
            "Properietar": {
              "name": "Properietar",
              "properties": [
                {
                  "name": "Nume",
                  "type": {
                    "ClrType": "System.String, System.Private.CoreLib"
                  }
                },
                {
                  "name": "Varsta",
                  "type": {
                    "ClrType": "System.Nullable`1[[System.Int32, System.Private.CoreLib]], System.Private.CoreLib"
                  }
                },
                {
                  "name": "Inaltime",
                  "type": {
                    "ClrType": "System.Nullable`1[[System.Int32, System.Private.CoreLib]], System.Private.CoreLib"
                  }
                },
                {
                  "name": "Atletic",
                  "type": {
                    "ClrType": "System.Nullable`1[[System.Boolean, System.Private.CoreLib]], System.Private.CoreLib"
                  }
                }
              ],
              "baseType": null
            }
          },
          "version": 1
        }
      },
      "entityAssemblyKey": {
        "name": "UiPath.Web.Activities.ViewModels.SWEntities.DeserializeJSON_72f5d4",
        "hash": "MTkxMTQ1Mjg4OA",
        "assemblyName": "DeserializeJSON_72f5.Gp0FyGY8FB1qWRQq2QIkM41"
      }
    },
    {
      "providerName": "CustomEntities",
      "bundleOptions": {
        "hash": "-664018599",
        "bundleName": "DeserializeJSON_313d06",
        "entitiesBundle": {
          "Types": {
            "DeserializeJSON_313d06": {
              "name": "DeserializeJSON_313d06",
              "properties": [
                {
                  "name": "Animal",
                  "type": {
                    "definitionName": "Animal"
                  }
                },
                {
                  "name": "Properietar",
                  "type": {
                    "definitionName": "Properietar"
                  }
                }
              ],
              "baseType": null
            },
            "Animal": {
              "name": "Animal",
              "properties": [
                {
                  "name": "Pisica",
                  "type": {
                    "definitionName": "Pisica"
                  }
                },
                {
                  "name": "Caine",
                  "type": {
                    "definitionName": "Caine"
                  }
                },
                {
                  "name": "Cal",
                  "type": {
                    "definitionName": "Cal"
                  }
                }
              ],
              "baseType": null
            },
            "Pisica": {
              "name": "Pisica",
              "properties": [
                {
                  "name": "Tom",
                  "type": {
                    "definitionName": "Tom"
                  }
                },
                {
                  "name": "Garfield",
                  "type": {
                    "definitionName": "Garfield"
                  }
                }
              ],
              "baseType": null
            },
            "Tom": {
              "name": "Tom",
              "properties": [
                {
                  "name": "Rasa",
                  "type": {
                    "ClrType": "System.String, System.Private.CoreLib"
                  }
                },
                {
                  "name": "Varsta",
                  "type": {
                    "ClrType": "System.Nullable`1[[System.Int32, System.Private.CoreLib]], System.Private.CoreLib"
                  }
                },
                {
                  "name": "Talie",
                  "type": {
                    "ClrType": "System.String, System.Private.CoreLib"
                  }
                },
                {
                  "name": "Greutate",
                  "type": {
                    "ClrType": "System.Nullable`1[[System.Int32, System.Private.CoreLib]], System.Private.CoreLib"
                  }
                },
                {
                  "name": "Sterilizat",
                  "type": {
                    "ClrType": "System.Nullable`1[[System.Boolean, System.Private.CoreLib]], System.Private.CoreLib"
                  }
                },
                {
                  "name": "Culoare",
                  "type": {
                    "ClrType": "System.String, System.Private.CoreLib"
                  }
                }
              ],
              "baseType": null
            },
            "Garfield": {
              "name": "Garfield",
              "properties": [
                {
                  "name": "Rasa",
                  "type": {
                    "ClrType": "System.String, System.Private.CoreLib"
                  }
                },
                {
                  "name": "Varsta",
                  "type": {
                    "ClrType": "System.Nullable`1[[System.Int32, System.Private.CoreLib]], System.Private.CoreLib"
                  }
                },
                {
                  "name": "Talie",
                  "type": {
                    "ClrType": "System.String, System.Private.CoreLib"
                  }
                },
                {
                  "name": "Greutate",
                  "type": {
                    "ClrType": "System.Nullable`1[[System.Int32, System.Private.CoreLib]], System.Private.CoreLib"
                  }
                },
                {
                  "name": "Sterilizat",
                  "type": {
                    "ClrType": "System.Nullable`1[[System.Boolean, System.Private.CoreLib]], System.Private.CoreLib"
                  }
                },
                {
                  "name": "Culoare",
                  "type": {
                    "ClrType": "System.String, System.Private.CoreLib"
                  }
                }
              ],
              "baseType": null
            },
            "Caine": {
              "name": "Caine",
              "properties": [
                {
                  "name": "Jack",
                  "type": {
                    "definitionName": "Jack"
                  }
                },
                {
                  "name": "Daisy",
                  "type": {
                    "definitionName": "Daisy"
                  }
                }
              ],
              "baseType": null
            },
            "Jack": {
              "name": "Jack",
              "properties": [
                {
                  "name": "Rasa",
                  "type": {
                    "ClrType": "System.String, System.Private.CoreLib"
                  }
                },
                {
                  "name": "Talie",
                  "type": {
                    "ClrType": "System.String, System.Private.CoreLib"
                  }
                },
                {
                  "name": "Greutate",
                  "type": {
                    "ClrType": "System.Nullable`1[[System.Int32, System.Private.CoreLib]], System.Private.CoreLib"
                  }
                },
                {
                  "name": "Agresiv",
                  "type": {
                    "ClrType": "System.Nullable`1[[System.Boolean, System.Private.CoreLib]], System.Private.CoreLib"
                  }
                },
                {
                  "name": "Loial",
                  "type": {
                    "ClrType": "System.Nullable`1[[System.Boolean, System.Private.CoreLib]], System.Private.CoreLib"
                  }
                }
              ],
              "baseType": null
            },
            "Daisy": {
              "name": "Daisy",
              "properties": [
                {
                  "name": "Rasa",
                  "type": {
                    "ClrType": "System.String, System.Private.CoreLib"
                  }
                },
                {
                  "name": "Talie",
                  "type": {
                    "ClrType": "System.String, System.Private.CoreLib"
                  }
                },
                {
                  "name": "Greutate",
                  "type": {
                    "ClrType": "System.Nullable`1[[System.Int32, System.Private.CoreLib]], System.Private.CoreLib"
                  }
                },
                {
                  "name": "Agresiv",
                  "type": {
                    "ClrType": "System.Nullable`1[[System.Boolean, System.Private.CoreLib]], System.Private.CoreLib"
                  }
                },
                {
                  "name": "Loial",
                  "type": {
                    "ClrType": "System.Nullable`1[[System.Boolean, System.Private.CoreLib]], System.Private.CoreLib"
                  }
                }
              ],
              "baseType": null
            },
            "Cal": {
              "name": "Cal",
              "properties": [
                {
                  "name": "name",
                  "type": {
                    "definitionName": "name"
                  }
                }
              ],
              "baseType": null
            },
            "name": {
              "name": "name",
              "properties": [
                {
                  "name": "Rasa",
                  "type": {
                    "ClrType": "System.String, System.Private.CoreLib"
                  }
                },
                {
                  "name": "Greutate",
                  "type": {
                    "ClrType": "System.Nullable`1[[System.Int32, System.Private.CoreLib]], System.Private.CoreLib"
                  }
                },
                {
                  "name": "Culoare",
                  "type": {
                    "ClrType": "System.String, System.Private.CoreLib"
                  }
                },
                {
                  "name": "Varsta",
                  "type": {
                    "ClrType": "System.Nullable`1[[System.Int32, System.Private.CoreLib]], System.Private.CoreLib"
                  }
                },
                {
                  "name": "Atletic",
                  "type": {
                    "ClrType": "System.Nullable`1[[System.Boolean, System.Private.CoreLib]], System.Private.CoreLib"
                  }
                },
                {
                  "name": "Sterilizat",
                  "type": {
                    "ClrType": "System.Nullable`1[[System.Boolean, System.Private.CoreLib]], System.Private.CoreLib"
                  }
                }
              ],
              "baseType": null
            },
            "Properietar": {
              "name": "Properietar",
              "properties": [
                {
                  "name": "Nume",
                  "type": {
                    "ClrType": "System.String, System.Private.CoreLib"
                  }
                },
                {
                  "name": "Varsta",
                  "type": {
                    "ClrType": "System.Nullable`1[[System.Int32, System.Private.CoreLib]], System.Private.CoreLib"
                  }
                },
                {
                  "name": "Inaltime",
                  "type": {
                    "ClrType": "System.Nullable`1[[System.Int32, System.Private.CoreLib]], System.Private.CoreLib"
                  }
                },
                {
                  "name": "Atletic",
                  "type": {
                    "ClrType": "System.Nullable`1[[System.Boolean, System.Private.CoreLib]], System.Private.CoreLib"
                  }
                }
              ],
              "baseType": null
            }
          },
          "version": 1
        }
      },
      "entityAssemblyKey": {
        "name": "UiPath.Web.Activities.ViewModels.SWEntities.DeserializeJSON_313d06",
        "hash": "LTY2NDAxODU5OQ",
        "assemblyName": "DeserializeJSON_313d.i5OMd2sxCvH1boYwQD9KV71"
      }
    },
    {
      "providerName": "CustomEntities",
      "bundleOptions": {
        "hash": "-732910709",
        "bundleName": "DeserializeJSON_befa90",
        "entitiesBundle": {
          "Types": {
            "DeserializeJSON_befa90": {
              "name": "DeserializeJSON_befa90",
              "properties": [
                {
                  "name": "Animal",
                  "type": {
                    "definitionName": "Animal"
                  }
                },
                {
                  "name": "Properietar",
                  "type": {
                    "definitionName": "Properietar"
                  }
                }
              ],
              "baseType": null
            },
            "Animal": {
              "name": "Animal",
              "properties": [
                {
                  "name": "Pisica",
                  "type": {
                    "definitionName": "Pisica"
                  }
                },
                {
                  "name": "Caine",
                  "type": {
                    "definitionName": "Caine"
                  }
                },
                {
                  "name": "Cal",
                  "type": {
                    "definitionName": "Cal"
                  }
                }
              ],
              "baseType": null
            },
            "Pisica": {
              "name": "Pisica",
              "properties": [
                {
                  "name": "Tom",
                  "type": {
                    "definitionName": "Tom"
                  }
                },
                {
                  "name": "Garfield",
                  "type": {
                    "definitionName": "Garfield"
                  }
                }
              ],
              "baseType": null
            },
            "Tom": {
              "name": "Tom",
              "properties": [
                {
                  "name": "Rasa",
                  "type": {
                    "ClrType": "System.String, System.Private.CoreLib"
                  }
                },
                {
                  "name": "Varsta",
                  "type": {
                    "ClrType": "System.Nullable`1[[System.Int32, System.Private.CoreLib]], System.Private.CoreLib"
                  }
                },
                {
                  "name": "Talie",
                  "type": {
                    "ClrType": "System.String, System.Private.CoreLib"
                  }
                },
                {
                  "name": "Greutate",
                  "type": {
                    "ClrType": "System.Nullable`1[[System.Int32, System.Private.CoreLib]], System.Private.CoreLib"
                  }
                },
                {
                  "name": "Sterilizat",
                  "type": {
                    "ClrType": "System.Nullable`1[[System.Boolean, System.Private.CoreLib]], System.Private.CoreLib"
                  }
                },
                {
                  "name": "Culoare",
                  "type": {
                    "ClrType": "System.String, System.Private.CoreLib"
                  }
                }
              ],
              "baseType": null
            },
            "Garfield": {
              "name": "Garfield",
              "properties": [
                {
                  "name": "Rasa",
                  "type": {
                    "ClrType": "System.String, System.Private.CoreLib"
                  }
                },
                {
                  "name": "Varsta",
                  "type": {
                    "ClrType": "System.Nullable`1[[System.Int32, System.Private.CoreLib]], System.Private.CoreLib"
                  }
                },
                {
                  "name": "Talie",
                  "type": {
                    "ClrType": "System.String, System.Private.CoreLib"
                  }
                },
                {
                  "name": "Greutate",
                  "type": {
                    "ClrType": "System.Nullable`1[[System.Int32, System.Private.CoreLib]], System.Private.CoreLib"
                  }
                },
                {
                  "name": "Sterilizat",
                  "type": {
                    "ClrType": "System.Nullable`1[[System.Boolean, System.Private.CoreLib]], System.Private.CoreLib"
                  }
                },
                {
                  "name": "Culoare",
                  "type": {
                    "ClrType": "System.String, System.Private.CoreLib"
                  }
                }
              ],
              "baseType": null
            },
            "Caine": {
              "name": "Caine",
              "properties": [
                {
                  "name": "Jack",
                  "type": {
                    "definitionName": "Jack"
                  }
                },
                {
                  "name": "Daisy",
                  "type": {
                    "definitionName": "Daisy"
                  }
                }
              ],
              "baseType": null
            },
            "Jack": {
              "name": "Jack",
              "properties": [
                {
                  "name": "Rasa",
                  "type": {
                    "ClrType": "System.String, System.Private.CoreLib"
                  }
                },
                {
                  "name": "Talie",
                  "type": {
                    "ClrType": "System.String, System.Private.CoreLib"
                  }
                },
                {
                  "name": "Greutate",
                  "type": {
                    "ClrType": "System.Nullable`1[[System.Int32, System.Private.CoreLib]], System.Private.CoreLib"
                  }
                },
                {
                  "name": "Agresiv",
                  "type": {
                    "ClrType": "System.Nullable`1[[System.Boolean, System.Private.CoreLib]], System.Private.CoreLib"
                  }
                },
                {
                  "name": "Loial",
                  "type": {
                    "ClrType": "System.Nullable`1[[System.Boolean, System.Private.CoreLib]], System.Private.CoreLib"
                  }
                }
              ],
              "baseType": null
            },
            "Daisy": {
              "name": "Daisy",
              "properties": [
                {
                  "name": "Rasa",
                  "type": {
                    "ClrType": "System.String, System.Private.CoreLib"
                  }
                },
                {
                  "name": "Talie",
                  "type": {
                    "ClrType": "System.String, System.Private.CoreLib"
                  }
                },
                {
                  "name": "Greutate",
                  "type": {
                    "ClrType": "System.Nullable`1[[System.Int32, System.Private.CoreLib]], System.Private.CoreLib"
                  }
                },
                {
                  "name": "Agresiv",
                  "type": {
                    "ClrType": "System.Nullable`1[[System.Boolean, System.Private.CoreLib]], System.Private.CoreLib"
                  }
                },
                {
                  "name": "Loial",
                  "type": {
                    "ClrType": "System.Nullable`1[[System.Boolean, System.Private.CoreLib]], System.Private.CoreLib"
                  }
                }
              ],
              "baseType": null
            },
            "Cal": {
              "name": "Cal",
              "properties": [
                {
                  "name": "black",
                  "type": {
                    "definitionName": "black"
                  }
                }
              ],
              "baseType": null
            },
            "black": {
              "name": "black",
              "properties": [
                {
                  "name": "Rasa",
                  "type": {
                    "ClrType": "System.String, System.Private.CoreLib"
                  }
                },
                {
                  "name": "Greutate",
                  "type": {
                    "ClrType": "System.Nullable`1[[System.Int32, System.Private.CoreLib]], System.Private.CoreLib"
                  }
                },
                {
                  "name": "Culoare",
                  "type": {
                    "ClrType": "System.String, System.Private.CoreLib"
                  }
                },
                {
                  "name": "Varsta",
                  "type": {
                    "ClrType": "System.Nullable`1[[System.Int32, System.Private.CoreLib]], System.Private.CoreLib"
                  }
                },
                {
                  "name": "Atletic",
                  "type": {
                    "ClrType": "System.Nullable`1[[System.Boolean, System.Private.CoreLib]], System.Private.CoreLib"
                  }
                },
                {
                  "name": "Sterilizat",
                  "type": {
                    "ClrType": "System.Nullable`1[[System.Boolean, System.Private.CoreLib]], System.Private.CoreLib"
                  }
                }
              ],
              "baseType": null
            },
            "Properietar": {
              "name": "Properietar",
              "properties": [
                {
                  "name": "Nume",
                  "type": {
                    "ClrType": "System.String, System.Private.CoreLib"
                  }
                },
                {
                  "name": "Varsta",
                  "type": {
                    "ClrType": "System.Nullable`1[[System.Int32, System.Private.CoreLib]], System.Private.CoreLib"
                  }
                },
                {
                  "name": "Inaltime",
                  "type": {
                    "ClrType": "System.Nullable`1[[System.Int32, System.Private.CoreLib]], System.Private.CoreLib"
                  }
                },
                {
                  "name": "Atletic",
                  "type": {
                    "ClrType": "System.Nullable`1[[System.Boolean, System.Private.CoreLib]], System.Private.CoreLib"
                  }
                }
              ],
              "baseType": null
            }
          },
          "version": 1
        }
      },
      "entityAssemblyKey": {
        "name": "UiPath.Web.Activities.ViewModels.SWEntities.DeserializeJSON_befa90",
        "hash": "LTczMjkxMDcwOQ",
        "assemblyName": "DeserializeJSON_befa.SCJ0E3YjdWD1VrryY3vYt3G4"
      }
    },
    {
      "providerName": "CustomEntities",
      "bundleOptions": {
        "hash": "-866473259",
        "bundleName": "DeserializeJSON_8ba7bb",
        "entitiesBundle": {
          "Types": {
            "DeserializeJSON_8ba7bb": {
              "name": "DeserializeJSON_8ba7bb",
              "properties": [
                {
                  "name": "Animal",
                  "type": {
                    "definitionName": "Animal"
                  }
                },
                {
                  "name": "Properietar",
                  "type": {
                    "definitionName": "Properietar"
                  }
                }
              ],
              "baseType": null
            },
            "Animal": {
              "name": "Animal",
              "properties": [
                {
                  "name": "Pisica",
                  "type": {
                    "definitionName": "Pisica"
                  }
                },
                {
                  "name": "Caine",
                  "type": {
                    "definitionName": "Caine"
                  }
                },
                {
                  "name": "Cal",
                  "type": {
                    "definitionName": "Cal"
                  }
                }
              ],
              "baseType": null
            },
            "Pisica": {
              "name": "Pisica",
              "properties": [
                {
                  "name": "Tom",
                  "type": {
                    "definitionName": "Tom"
                  }
                },
                {
                  "name": "Garfield",
                  "type": {
                    "definitionName": "Garfield"
                  }
                }
              ],
              "baseType": null
            },
            "Tom": {
              "name": "Tom",
              "properties": [
                {
                  "name": "Rasa",
                  "type": {
                    "ClrType": "System.String, System.Private.CoreLib"
                  }
                },
                {
                  "name": "Varsta",
                  "type": {
                    "ClrType": "System.Nullable`1[[System.Int32, System.Private.CoreLib]], System.Private.CoreLib"
                  }
                },
                {
                  "name": "Talie",
                  "type": {
                    "ClrType": "System.String, System.Private.CoreLib"
                  }
                },
                {
                  "name": "Greutate",
                  "type": {
                    "ClrType": "System.Nullable`1[[System.Int32, System.Private.CoreLib]], System.Private.CoreLib"
                  }
                },
                {
                  "name": "Sterilizat",
                  "type": {
                    "ClrType": "System.Nullable`1[[System.Boolean, System.Private.CoreLib]], System.Private.CoreLib"
                  }
                },
                {
                  "name": "Culoare",
                  "type": {
                    "ClrType": "System.String, System.Private.CoreLib"
                  }
                }
              ],
              "baseType": null
            },
            "Garfield": {
              "name": "Garfield",
              "properties": [
                {
                  "name": "Rasa",
                  "type": {
                    "ClrType": "System.String, System.Private.CoreLib"
                  }
                },
                {
                  "name": "Varsta",
                  "type": {
                    "ClrType": "System.Nullable`1[[System.Int32, System.Private.CoreLib]], System.Private.CoreLib"
                  }
                },
                {
                  "name": "Talie",
                  "type": {
                    "ClrType": "System.String, System.Private.CoreLib"
                  }
                },
                {
                  "name": "Greutate",
                  "type": {
                    "ClrType": "System.Nullable`1[[System.Int32, System.Private.CoreLib]], System.Private.CoreLib"
                  }
                },
                {
                  "name": "Sterilizat",
                  "type": {
                    "ClrType": "System.Nullable`1[[System.Boolean, System.Private.CoreLib]], System.Private.CoreLib"
                  }
                },
                {
                  "name": "Culoare",
                  "type": {
                    "ClrType": "System.String, System.Private.CoreLib"
                  }
                }
              ],
              "baseType": null
            },
            "Caine": {
              "name": "Caine",
              "properties": [
                {
                  "name": "Jack",
                  "type": {
                    "definitionName": "Jack"
                  }
                },
                {
                  "name": "Daisy",
                  "type": {
                    "definitionName": "Daisy"
                  }
                }
              ],
              "baseType": null
            },
            "Jack": {
              "name": "Jack",
              "properties": [
                {
                  "name": "Rasa",
                  "type": {
                    "ClrType": "System.String, System.Private.CoreLib"
                  }
                },
                {
                  "name": "Talie",
                  "type": {
                    "ClrType": "System.String, System.Private.CoreLib"
                  }
                },
                {
                  "name": "Greutate",
                  "type": {
                    "ClrType": "System.Nullable`1[[System.Int32, System.Private.CoreLib]], System.Private.CoreLib"
                  }
                },
                {
                  "name": "Agresiv",
                  "type": {
                    "ClrType": "System.Nullable`1[[System.Boolean, System.Private.CoreLib]], System.Private.CoreLib"
                  }
                },
                {
                  "name": "Loial",
                  "type": {
                    "ClrType": "System.Nullable`1[[System.Boolean, System.Private.CoreLib]], System.Private.CoreLib"
                  }
                }
              ],
              "baseType": null
            },
            "Daisy": {
              "name": "Daisy",
              "properties": [
                {
                  "name": "Rasa",
                  "type": {
                    "ClrType": "System.String, System.Private.CoreLib"
                  }
                },
                {
                  "name": "Talie",
                  "type": {
                    "ClrType": "System.String, System.Private.CoreLib"
                  }
                },
                {
                  "name": "Greutate",
                  "type": {
                    "ClrType": "System.Nullable`1[[System.Int32, System.Private.CoreLib]], System.Private.CoreLib"
                  }
                },
                {
                  "name": "Agresiv",
                  "type": {
                    "ClrType": "System.Nullable`1[[System.Boolean, System.Private.CoreLib]], System.Private.CoreLib"
                  }
                },
                {
                  "name": "Loial",
                  "type": {
                    "ClrType": "System.Nullable`1[[System.Boolean, System.Private.CoreLib]], System.Private.CoreLib"
                  }
                }
              ],
              "baseType": null
            },
            "Cal": {
              "name": "Cal",
              "properties": [
                {
                  "name": "BlackBeauty",
                  "type": {
                    "definitionName": "BlackBeauty"
                  }
                }
              ],
              "baseType": null
            },
            "BlackBeauty": {
              "name": "BlackBeauty",
              "properties": [
                {
                  "name": "Rasa",
                  "type": {
                    "ClrType": "System.String, System.Private.CoreLib"
                  }
                },
                {
                  "name": "Greutate",
                  "type": {
                    "ClrType": "System.Nullable`1[[System.Int32, System.Private.CoreLib]], System.Private.CoreLib"
                  }
                },
                {
                  "name": "Culoare",
                  "type": {
                    "ClrType": "System.String, System.Private.CoreLib"
                  }
                },
                {
                  "name": "Varsta",
                  "type": {
                    "ClrType": "System.Nullable`1[[System.Int32, System.Private.CoreLib]], System.Private.CoreLib"
                  }
                },
                {
                  "name": "Atletic",
                  "type": {
                    "ClrType": "System.Nullable`1[[System.Boolean, System.Private.CoreLib]], System.Private.CoreLib"
                  }
                },
                {
                  "name": "Sterilizat",
                  "type": {
                    "ClrType": "System.Nullable`1[[System.Boolean, System.Private.CoreLib]], System.Private.CoreLib"
                  }
                }
              ],
              "baseType": null
            },
            "Properietar": {
              "name": "Properietar",
              "properties": [
                {
                  "name": "Nume",
                  "type": {
                    "ClrType": "System.String, System.Private.CoreLib"
                  }
                },
                {
                  "name": "Varsta",
                  "type": {
                    "ClrType": "System.Nullable`1[[System.Int32, System.Private.CoreLib]], System.Private.CoreLib"
                  }
                },
                {
                  "name": "Inaltime",
                  "type": {
                    "ClrType": "System.Nullable`1[[System.Int32, System.Private.CoreLib]], System.Private.CoreLib"
                  }
                },
                {
                  "name": "Atletic",
                  "type": {
                    "ClrType": "System.Nullable`1[[System.Boolean, System.Private.CoreLib]], System.Private.CoreLib"
                  }
                }
              ],
              "baseType": null
            }
          },
          "version": 1
        }
      },
      "entityAssemblyKey": {
        "name": "UiPath.Web.Activities.ViewModels.SWEntities.DeserializeJSON_8ba7bb",
        "hash": "LTg2NjQ3MzI1OQ",
        "assemblyName": "DeserializeJSON_8ba7.90RCl3f5M8K1puGi430gJ9Z"
      }
    },
    {
      "providerName": "CustomEntities",
      "bundleOptions": {
        "hash": "-118941596",
        "bundleName": "DeserializeJSON_2e20b5",
        "entitiesBundle": {
          "Types": {
            "DeserializeJSON_2e20b5": {
              "name": "DeserializeJSON_2e20b5",
              "properties": [
                {
                  "name": "Animal",
                  "type": {
                    "definitionName": "Animal"
                  }
                },
                {
                  "name": "Properietar",
                  "type": {
                    "definitionName": "Properietar"
                  }
                }
              ],
              "baseType": null
            },
            "Animal": {
              "name": "Animal",
              "properties": [
                {
                  "name": "Pisica",
                  "type": {
                    "definitionName": "Pisica"
                  }
                },
                {
                  "name": "Caine",
                  "type": {
                    "definitionName": "Caine"
                  }
                },
                {
                  "name": "Cal",
                  "type": {
                    "definitionName": "Cal"
                  }
                }
              ],
              "baseType": null
            },
            "Pisica": {
              "name": "Pisica",
              "properties": [
                {
                  "name": "Tom",
                  "type": {
                    "definitionName": "Tom"
                  }
                },
                {
                  "name": "Garfield",
                  "type": {
                    "definitionName": "Garfield"
                  }
                }
              ],
              "baseType": null
            },
            "Tom": {
              "name": "Tom",
              "properties": [
                {
                  "name": "Rasa",
                  "type": {
                    "ClrType": "System.String, System.Private.CoreLib"
                  }
                },
                {
                  "name": "Varsta",
                  "type": {
                    "ClrType": "System.Nullable`1[[System.Int32, System.Private.CoreLib]], System.Private.CoreLib"
                  }
                },
                {
                  "name": "Talie",
                  "type": {
                    "ClrType": "System.String, System.Private.CoreLib"
                  }
                },
                {
                  "name": "Greutate",
                  "type": {
                    "ClrType": "System.Nullable`1[[System.Int32, System.Private.CoreLib]], System.Private.CoreLib"
                  }
                },
                {
                  "name": "Sterilizat",
                  "type": {
                    "ClrType": "System.Nullable`1[[System.Boolean, System.Private.CoreLib]], System.Private.CoreLib"
                  }
                },
                {
                  "name": "Culoare",
                  "type": {
                    "ClrType": "System.String, System.Private.CoreLib"
                  }
                }
              ],
              "baseType": null
            },
            "Garfield": {
              "name": "Garfield",
              "properties": [
                {
                  "name": "Rasa",
                  "type": {
                    "ClrType": "System.String, System.Private.CoreLib"
                  }
                },
                {
                  "name": "Varsta",
                  "type": {
                    "ClrType": "System.Nullable`1[[System.Int32, System.Private.CoreLib]], System.Private.CoreLib"
                  }
                },
                {
                  "name": "Talie",
                  "type": {
                    "ClrType": "System.String, System.Private.CoreLib"
                  }
                },
                {
                  "name": "Greutate",
                  "type": {
                    "ClrType": "System.Nullable`1[[System.Int32, System.Private.CoreLib]], System.Private.CoreLib"
                  }
                },
                {
                  "name": "Sterilizat",
                  "type": {
                    "ClrType": "System.Nullable`1[[System.Boolean, System.Private.CoreLib]], System.Private.CoreLib"
                  }
                },
                {
                  "name": "Culoare",
                  "type": {
                    "ClrType": "System.String, System.Private.CoreLib"
                  }
                }
              ],
              "baseType": null
            },
            "Caine": {
              "name": "Caine",
              "properties": [
                {
                  "name": "Jack",
                  "type": {
                    "definitionName": "Jack"
                  }
                },
                {
                  "name": "Daisy",
                  "type": {
                    "definitionName": "Daisy"
                  }
                }
              ],
              "baseType": null
            },
            "Jack": {
              "name": "Jack",
              "properties": [
                {
                  "name": "Rasa",
                  "type": {
                    "ClrType": "System.String, System.Private.CoreLib"
                  }
                },
                {
                  "name": "Talie",
                  "type": {
                    "ClrType": "System.String, System.Private.CoreLib"
                  }
                },
                {
                  "name": "Greutate",
                  "type": {
                    "ClrType": "System.Nullable`1[[System.Int32, System.Private.CoreLib]], System.Private.CoreLib"
                  }
                },
                {
                  "name": "Agresiv",
                  "type": {
                    "ClrType": "System.Nullable`1[[System.Boolean, System.Private.CoreLib]], System.Private.CoreLib"
                  }
                },
                {
                  "name": "Loial",
                  "type": {
                    "ClrType": "System.Nullable`1[[System.Boolean, System.Private.CoreLib]], System.Private.CoreLib"
                  }
                }
              ],
              "baseType": null
            },
            "Daisy": {
              "name": "Daisy",
              "properties": [
                {
                  "name": "Rasa",
                  "type": {
                    "ClrType": "System.String, System.Private.CoreLib"
                  }
                },
                {
                  "name": "Talie",
                  "type": {
                    "ClrType": "System.String, System.Private.CoreLib"
                  }
                },
                {
                  "name": "Greutate",
                  "type": {
                    "ClrType": "System.Nullable`1[[System.Int32, System.Private.CoreLib]], System.Private.CoreLib"
                  }
                },
                {
                  "name": "Agresiv",
                  "type": {
                    "ClrType": "System.Nullable`1[[System.Boolean, System.Private.CoreLib]], System.Private.CoreLib"
                  }
                },
                {
                  "name": "Loial",
                  "type": {
                    "ClrType": "System.Nullable`1[[System.Boolean, System.Private.CoreLib]], System.Private.CoreLib"
                  }
                }
              ],
              "baseType": null
            },
            "Cal": {
              "name": "Cal",
              "properties": [
                {
                  "name": "BlackBeauty",
                  "type": {
                    "definitionName": "BlackBeauty"
                  }
                }
              ],
              "baseType": null
            },
            "BlackBeauty": {
              "name": "BlackBeauty",
              "properties": [
                {
                  "name": "Rasa",
                  "type": {
                    "ClrType": "System.String, System.Private.CoreLib"
                  }
                },
                {
                  "name": "Greutate",
                  "type": {
                    "ClrType": "System.Nullable`1[[System.Int32, System.Private.CoreLib]], System.Private.CoreLib"
                  }
                },
                {
                  "name": "Culoare",
                  "type": {
                    "ClrType": "System.String, System.Private.CoreLib"
                  }
                },
                {
                  "name": "Varsta",
                  "type": {
                    "ClrType": "System.Nullable`1[[System.Int32, System.Private.CoreLib]], System.Private.CoreLib"
                  }
                },
                {
                  "name": "Atletic",
                  "type": {
                    "ClrType": "System.Nullable`1[[System.Boolean, System.Private.CoreLib]], System.Private.CoreLib"
                  }
                },
                {
                  "name": "Sterilizat",
                  "type": {
                    "ClrType": "System.Nullable`1[[System.Boolean, System.Private.CoreLib]], System.Private.CoreLib"
                  }
                }
              ],
              "baseType": null
            },
            "Properietar": {
              "name": "Properietar",
              "properties": [
                {
                  "name": "Nume",
                  "type": {
                    "ClrType": "System.String, System.Private.CoreLib"
                  }
                },
                {
                  "name": "Varsta",
                  "type": {
                    "ClrType": "System.Nullable`1[[System.Int32, System.Private.CoreLib]], System.Private.CoreLib"
                  }
                },
                {
                  "name": "Inaltime",
                  "type": {
                    "ClrType": "System.Nullable`1[[System.Int32, System.Private.CoreLib]], System.Private.CoreLib"
                  }
                },
                {
                  "name": "Atletic",
                  "type": {
                    "ClrType": "System.Nullable`1[[System.Boolean, System.Private.CoreLib]], System.Private.CoreLib"
                  }
                }
              ],
              "baseType": null
            }
          },
          "version": 1
        }
      },
      "entityAssemblyKey": {
        "name": "UiPath.Web.Activities.ViewModels.SWEntities.DeserializeJSON_2e20b5",
        "hash": "LTExODk0MTU5Ng",
        "assemblyName": "DeserializeJSON_2e20.y8IVN1VsEyG11qnjx1EjgjH1"
      }
    },
    {
      "providerName": "CustomEntities",
      "bundleOptions": {
        "hash": "2111487536",
        "bundleName": "DeserializeJSON_0806a7",
        "entitiesBundle": {
          "Types": {
            "DeserializeJSON_0806a7": {
              "name": "DeserializeJSON_0806a7",
              "properties": [
                {
                  "name": "Animal",
                  "type": {
                    "definitionName": "Animal"
                  }
                },
                {
                  "name": "Properietar",
                  "type": {
                    "definitionName": "Properietar"
                  }
                }
              ],
              "baseType": null
            },
            "Animal": {
              "name": "Animal",
              "properties": [
                {
                  "name": "Pisica",
                  "type": {
                    "definitionName": "Pisica"
                  }
                },
                {
                  "name": "Caine",
                  "type": {
                    "definitionName": "Caine"
                  }
                },
                {
                  "name": "Cal",
                  "type": {
                    "definitionName": "Cal"
                  }
                }
              ],
              "baseType": null
            },
            "Pisica": {
              "name": "Pisica",
              "properties": [
                {
                  "name": "Tom",
                  "type": {
                    "definitionName": "Tom"
                  }
                },
                {
                  "name": "Garfield",
                  "type": {
                    "definitionName": "Garfield"
                  }
                }
              ],
              "baseType": null
            },
            "Tom": {
              "name": "Tom",
              "properties": [
                {
                  "name": "Rasa",
                  "type": {
                    "ClrType": "System.String, System.Private.CoreLib"
                  }
                },
                {
                  "name": "Varsta",
                  "type": {
                    "ClrType": "System.Nullable`1[[System.Int32, System.Private.CoreLib]], System.Private.CoreLib"
                  }
                },
                {
                  "name": "Talie",
                  "type": {
                    "ClrType": "System.String, System.Private.CoreLib"
                  }
                },
                {
                  "name": "Greutate",
                  "type": {
                    "ClrType": "System.Nullable`1[[System.Int32, System.Private.CoreLib]], System.Private.CoreLib"
                  }
                },
                {
                  "name": "Sterilizat",
                  "type": {
                    "ClrType": "System.Nullable`1[[System.Boolean, System.Private.CoreLib]], System.Private.CoreLib"
                  }
                },
                {
                  "name": "Culoare",
                  "type": {
                    "ClrType": "System.String, System.Private.CoreLib"
                  }
                }
              ],
              "baseType": null
            },
            "Garfield": {
              "name": "Garfield",
              "properties": [
                {
                  "name": "Rasa",
                  "type": {
                    "ClrType": "System.String, System.Private.CoreLib"
                  }
                },
                {
                  "name": "Varsta",
                  "type": {
                    "ClrType": "System.Nullable`1[[System.Int32, System.Private.CoreLib]], System.Private.CoreLib"
                  }
                },
                {
                  "name": "Talie",
                  "type": {
                    "ClrType": "System.String, System.Private.CoreLib"
                  }
                },
                {
                  "name": "Greutate",
                  "type": {
                    "ClrType": "System.Nullable`1[[System.Int32, System.Private.CoreLib]], System.Private.CoreLib"
                  }
                },
                {
                  "name": "Sterilizat",
                  "type": {
                    "ClrType": "System.Nullable`1[[System.Boolean, System.Private.CoreLib]], System.Private.CoreLib"
                  }
                },
                {
                  "name": "Culoare",
                  "type": {
                    "ClrType": "System.String, System.Private.CoreLib"
                  }
                }
              ],
              "baseType": null
            },
            "Caine": {
              "name": "Caine",
              "properties": [
                {
                  "name": "Jack",
                  "type": {
                    "definitionName": "Jack"
                  }
                },
                {
                  "name": "Daisy",
                  "type": {
                    "definitionName": "Daisy"
                  }
                }
              ],
              "baseType": null
            },
            "Jack": {
              "name": "Jack",
              "properties": [
                {
                  "name": "Rasa",
                  "type": {
                    "ClrType": "System.String, System.Private.CoreLib"
                  }
                },
                {
                  "name": "Talie",
                  "type": {
                    "ClrType": "System.String, System.Private.CoreLib"
                  }
                },
                {
                  "name": "Greutate",
                  "type": {
                    "ClrType": "System.Nullable`1[[System.Int32, System.Private.CoreLib]], System.Private.CoreLib"
                  }
                },
                {
                  "name": "Agresiv",
                  "type": {
                    "ClrType": "System.Nullable`1[[System.Boolean, System.Private.CoreLib]], System.Private.CoreLib"
                  }
                },
                {
                  "name": "Loial",
                  "type": {
                    "ClrType": "System.Nullable`1[[System.Boolean, System.Private.CoreLib]], System.Private.CoreLib"
                  }
                }
              ],
              "baseType": null
            },
            "Daisy": {
              "name": "Daisy",
              "properties": [
                {
                  "name": "Rasa",
                  "type": {
                    "ClrType": "System.String, System.Private.CoreLib"
                  }
                },
                {
                  "name": "Talie",
                  "type": {
                    "ClrType": "System.String, System.Private.CoreLib"
                  }
                },
                {
                  "name": "Greutate",
                  "type": {
                    "ClrType": "System.Nullable`1[[System.Int32, System.Private.CoreLib]], System.Private.CoreLib"
                  }
                },
                {
                  "name": "Agresiv",
                  "type": {
                    "ClrType": "System.Nullable`1[[System.Boolean, System.Private.CoreLib]], System.Private.CoreLib"
                  }
                },
                {
                  "name": "Loial",
                  "type": {
                    "ClrType": "System.Nullable`1[[System.Boolean, System.Private.CoreLib]], System.Private.CoreLib"
                  }
                }
              ],
              "baseType": null
            },
            "Cal": {
              "name": "Cal",
              "properties": [
                {
                  "name": "BlackBeauty",
                  "type": {
                    "definitionName": "BlackBeauty"
                  }
                }
              ],
              "baseType": null
            },
            "BlackBeauty": {
              "name": "BlackBeauty",
              "properties": [
                {
                  "name": "Rasa",
                  "type": {
                    "ClrType": "System.String, System.Private.CoreLib"
                  }
                },
                {
                  "name": "Greutate",
                  "type": {
                    "ClrType": "System.Nullable`1[[System.Int32, System.Private.CoreLib]], System.Private.CoreLib"
                  }
                },
                {
                  "name": "Culoare",
                  "type": {
                    "ClrType": "System.String, System.Private.CoreLib"
                  }
                },
                {
                  "name": "Varsta",
                  "type": {
                    "ClrType": "System.Nullable`1[[System.Int32, System.Private.CoreLib]], System.Private.CoreLib"
                  }
                },
                {
                  "name": "Atletic",
                  "type": {
                    "ClrType": "System.Nullable`1[[System.Boolean, System.Private.CoreLib]], System.Private.CoreLib"
                  }
                },
                {
                  "name": "Sterilizat",
                  "type": {
                    "ClrType": "System.Nullable`1[[System.Boolean, System.Private.CoreLib]], System.Private.CoreLib"
                  }
                }
              ],
              "baseType": null
            },
            "Properietar": {
              "name": "Properietar",
              "properties": [
                {
                  "name": "Nume",
                  "type": {
                    "ClrType": "System.String, System.Private.CoreLib"
                  }
                },
                {
                  "name": "Varsta",
                  "type": {
                    "ClrType": "System.Nullable`1[[System.Int32, System.Private.CoreLib]], System.Private.CoreLib"
                  }
                },
                {
                  "name": "Inaltime",
                  "type": {
                    "ClrType": "System.Nullable`1[[System.Int32, System.Private.CoreLib]], System.Private.CoreLib"
                  }
                },
                {
                  "name": "Atletic",
                  "type": {
                    "ClrType": "System.Nullable`1[[System.Boolean, System.Private.CoreLib]], System.Private.CoreLib"
                  }
                }
              ],
              "baseType": null
            }
          },
          "version": 1
        }
      },
      "entityAssemblyKey": {
        "name": "UiPath.Web.Activities.ViewModels.SWEntities.DeserializeJSON_0806a7",
        "hash": "MjExMTQ4NzUzNg",
        "assemblyName": "DeserializeJSON_0806.qpZQQ1lmxEO1efWe61x7ljO2"
      }
    }
  ]
}