{
  "Workflows": [
    {
      "Path": null,
      "SortBy": 0,
      "VariablesSectionElementsOrder": [],
      "ArgumentsSectionElementsOrder": null,
      "ConstantsSectionElementsOrder": null,
      "AddedNamespaces": null
    },
    {
      "Path": "Add Two Numbers.xaml",
      "SortBy": 0,
      "VariablesSectionElementsOrder": [
        "addRequest&Sequence_1"
      ],
      "ArgumentsSectionElementsOrder": [
        "out_AddResponse",
        "in_SecondNumber",
        "in_FirstNumber"
      ],
      "ConstantsSectionElementsOrder": null,
      "AddedNamespaces": null
    },
    {
      "Path": "Add Pet and Verify.xaml",
      "SortBy": 0,
      "VariablesSectionElementsOrder": [
        "petBody&Sequence_1",
        "addResult&Sequence_1"
      ],
      "ArgumentsSectionElementsOrder": [
        "out_PetResponse",
        "in_PetName",
        "in_SecondNumber",
        "in_FirstNumber"
      ],
      "ConstantsSectionElementsOrder": null,
      "AddedNamespaces": null
    }
  ]
}