{
  "name": "ApplicationTracking-Project1",
  "description": "Blank Process",
  "main": "Main.xaml",
  "dependencies": {
    "UiPath.Excel.Activities": "[2.18.0-alpha.3468200]",
    "UiPath.Mail.Activities": "[1.18.2]",
    "UiPath.System.Activities": "[22.10.4]",
    "UiPath.Testing.Activities": "[22.10.2]",
    "UiPath.UIAutomation.Activities.Runtime": "23.2.0-preview"
  },
  "webServices": [],
  "entitiesStores": [],
  "schemaVersion": "4.0",
  "studioVersion": "23.2.0.0",
  "projectVersion": "1.0",
  "runtimeOptions": {
    "autoDispose": false,
    "netFrameworkLazyLoading": false,
    "isPausable": true,
    "isAttended": false,
    "requiresUserInteraction": true,
    "supportsPersistence": false,
    "workflowSerialization": "DataContract",
    "excludedLoggedData": [
      "Private:*",
      "*password*"
    ],
    "executionType": "Workflow",
    "readyForPiP": false,
    "startsInPiP": false,
    "mustRestoreAllDependencies": true,
    "pipType": "ChildSession"
  },
  "designOptions": {
    "projectProfile": "Developement",
    "outputType": "Process",
    "libraryOptions": {
      "includeOriginalXaml": false,
      "privateWorkflows": []
    },
    "processOptions": {
      "ignoredFiles": []
    },
    "fileInfoCollection": [],
    "modernBehavior": true
  },
  "arguments": {
    "input": [
      {
        "name": "appName",
        "type": "System.String, System.Private.CoreLib, Version=6.0.0.0, Culture=neutral, PublicKeyToken=7cec85d7bea7798e",
        "required": false,
        "hasDefault": true
      }
    ],
    "output": []
  },
  "expressionLanguage": "VisualBasic",
  "entryPoints": [
    {
      "filePath": "Main.xaml",
      "uniqueId": "20d32ed0-a8cb-471b-b399-753ea27c6c14",
      "input": [
        {
          "name": "appName",
          "type": "System.String, System.Private.CoreLib, Version=6.0.0.0, Culture=neutral, PublicKeyToken=7cec85d7bea7798e",
          "required": false,
          "hasDefault": true
        }
      ],
      "output": []
    }
  ],
  "isTemplate": false,
  "templateProjectData": {},
  "publishData": {},
  "targetFramework": "Windows"
}