[
  {
    "Constant": false,
    "Name": "gv_Int",
    "TypeFullyQualifiedName": "System.Int32, System.Private.CoreLib, Version=6.0.0.0, Culture=neutral, PublicKeyToken=7cec85d7bea7798e",
    "UnresolvedTypeFullyQualifiedName": null,
    "Expression": "3",
    "IsLiteral": true
  },
  {
    "Constant": false,
    "Name": "gv_String",
    "TypeFullyQualifiedName": "System.String, System.Private.CoreLib, Version=6.0.0.0, Culture=neutral, PublicKeyToken=7cec85d7bea7798e",
    "UnresolvedTypeFullyQualifiedName": null,
    "Expression": "\"test\"",
    "IsLiteral": false
  }
]