{
  "assemblyStates": {
    "C82A501238D_teams_su.o3pG32sWV2D1N39Bc3ukIFu2": {
      "namespace": "UiPath.IntegrationService.Activities.SWEntities.C82A501238D_teams_sub_channels_sub_members_Create.Bundle",
      "providerName": "CustomEntities",
      "key": {
        "name": "UiPath.IntegrationService.Activities.SWEntities.C82A501238D_teams_sub_channels_sub_members_Create",
        "hash": "TUFYL0tleHJaai9oUEtnTGZvQW1TOVdtZDZiNTNxWTRwejJaYUVQdkVrenFOdXhGZjFMQysxNDRpczRRZlZwbWlkZnhVenJqUW1McVp3MlAzcWUwY0E9PQ",
        "assemblyName": "C82A501238D_teams_su.o3pG32sWV2D1N39Bc3ukIFu2"
      }
    },
    "C82A501238D_teams_su.sTNIN19N2kD1kU2vX2USJtf1": {
      "namespace": "UiPath.IntegrationService.Activities.SWEntities.C82A501238D_teams_sub_channels_List.Bundle",
      "providerName": "CustomEntities",
      "key": {
        "name": "UiPath.IntegrationService.Activities.SWEntities.C82A501238D_teams_sub_channels_List",
        "hash": "bCtmYWd2eFIrWVcrLzYzZUtXcU14UUFvQmVLS1ArNEZEYUdvL2FJcUNuU1VpMFVFcXlmY3ZnWlRoeSsyVlBhbW5uRk1pTlU1NHNzdkMwVXpuWXpnd2c9PQ",
        "assemblyName": "C82A501238D_teams_su.sTNIN19N2kD1kU2vX2USJtf1"
      }
    },
    "C82A501238D_normalis.27PDzymRUJ11aWGX2bFjVf1": {
      "namespace": "UiPath.IntegrationService.Activities.SWEntities.C82A501238D_normalisedminus_signteams_sub_channels_sub_messages_Upload.Bundle",
      "providerName": "CustomEntities",
      "key": {
        "name": "UiPath.IntegrationService.Activities.SWEntities.C82A501238D_normalisedminus_signteams_sub_channels_sub_messages_Upload",
        "hash": "bGQyb1c1eDR6dkJtKzRwejBodzNIUlhwYlIwc242NHVrMVMvYzlRUDBnNktBQWlJL0o0UHZKWVJacE1ka0YzUXBIb1ljUElwaDNaeUVCT3orTWZaUUE9PQ",
        "assemblyName": "C82A501238D_normalis.27PDzymRUJ11aWGX2bFjVf1"
      }
    },
    "C82A501238D_normalis.1Nd101q0YWC1DTKEwHRTAT": {
      "namespace": "UiPath.IntegrationService.Activities.SWEntities.C82A501238D_normalisedminus_signteams_sub_channels_sub_messages_sub_replies_Upload.Bundle",
      "providerName": "CustomEntities",
      "key": {
        "name": "UiPath.IntegrationService.Activities.SWEntities.C82A501238D_normalisedminus_signteams_sub_channels_sub_messages_sub_replies_Upload",
        "hash": "ZGFXeUhwOW1aSmprRFZUUDZDcHJ6cFlKZjJyekthLzVEbGhtTFBKT0w0STNKR3R0T0Y1RkhzQWdRWjgwQjhXdnhaWENFOURWeTlvR0FrS2M0TVR5T3c9PQ",
        "assemblyName": "C82A501238D_normalis.1Nd101q0YWC1DTKEwHRTAT"
      }
    },
    "C82A501238D_teams_su.TaDdk1Mt5vO1QUbnC4TulPo3": {
      "namespace": "UiPath.IntegrationService.Activities.SWEntities.C82A501238D_teams_sub_channels_Create.Bundle",
      "providerName": "CustomEntities",
      "key": {
        "name": "UiPath.IntegrationService.Activities.SWEntities.C82A501238D_teams_sub_channels_Create",
        "hash": "VnJTOGd4YzRGc3FpbzBuS1Vaa1pnNHhqRVBnTWJCTzJITjdITkkzUkpYb25VcnF4TUpaZ3Y0K1gwRlpWd0dVcW0ydnJqRk1KbGhsMDhybEZ2NEFwOFE9PQ",
        "assemblyName": "C82A501238D_teams_su.TaDdk1Mt5vO1QUbnC4TulPo3"
      }
    },
    "C934141DE60_Attachme.3riNE2YlDmN1veR3v1Q30xC3": {
      "namespace": "UiPath.IntegrationService.Activities.SWEntities.C934141DE60_Attachment_Link_Create.Bundle",
      "providerName": "CustomEntities",
      "key": {
        "name": "UiPath.IntegrationService.Activities.SWEntities.C934141DE60_Attachment_Link_Create",
        "hash": "T2EwRlFDeGxDeDFBdCs0clZ0NTc3aDFQdytObUlVaUptR0FJdTcwYytqLzFVcVIyWUNkOWlNQnMwSjZnRkRhbGpCYVBBNHZJSXpZV2dub0V0czBGOGc9PQ",
        "assemblyName": "C934141DE60_Attachme.3riNE2YlDmN1veR3v1Q30xC3"
      }
    },
    "C82A501238D_oneminus.CAjmwZqefE1LHdEy3hVLp72": {
      "namespace": "UiPath.IntegrationService.Activities.SWEntities.C82A501238D_oneminus_signonminus_signoneminus_signchat_Create.Bundle",
      "providerName": "CustomEntities",
      "key": {
        "name": "UiPath.IntegrationService.Activities.SWEntities.C82A501238D_oneminus_signonminus_signoneminus_signchat_Create",
        "hash": "SWRQcDQzb0NZZ2VqeWJ5UTYrWWtOVEk5cnV0VTZ0Q0p0dHR2OXFtWngrNnAzSUhsKzlmQS9PVXJieFVLS1lEUjFFa2JKNDBFYmtWVC90cG1aWXhlSHc9PQ",
        "assemblyName": "C82A501238D_oneminus.CAjmwZqefE1LHdEy3hVLp72"
      }
    },
    "C82A501238D_normalis.XasezduRFF1YEqvr2fFYEq1": {
      "namespace": "UiPath.IntegrationService.Activities.SWEntities.C82A501238D_normalisedminus_signchats_sub_messages_Create.Bundle",
      "providerName": "CustomEntities",
      "key": {
        "name": "UiPath.IntegrationService.Activities.SWEntities.C82A501238D_normalisedminus_signchats_sub_messages_Create",
        "hash": "QVVkeEdLWkpFekRuMHprdWw3dGxJT2FVYWZKcWdJZFRzRWFmcFIxNmMzcW5RVkEzem0veFFYbHE3RUE3ZUhpd3NNQjVBYUpCaHUrNk9sWUFCbFRXZ0E9PQ",
        "assemblyName": "C82A501238D_normalis.XasezduRFF1YEqvr2fFYEq1"
      }
    }
  }
}