{
  "exportedBy": null,
  "bundleHash": null,
  "version": "1.0.0.0",
  "jitAssemblyCompilerCommands": [
    {
      "providerName": "CustomEntities",
      "bundleOptions": {
        "hash": "-1761416583",
        "bundleName": "CustomGptDocumentTypeFdd44Be8F7D941499168469B34547Db9",
        "entitiesBundle": {
          "Types": {
            "CustomGptDocumentTypeFdd44Be8F7D941499168469B34547Db9": {
              "name": "CustomGptDocumentTypeFdd44Be8F7D941499168469B34547Db9",
              "properties": [
                {
                  "name": "Asgdfh",
                  "type": {
                    "ClrType": "UiPath.IntelligentOCR.StudioWeb.Activities.DataExtraction.ExtractedField`1[[System.String, System.Private.CoreLib]], UiPath.IntelligentOCR.StudioWeb.Activities"
                  }
                },
                {
                  "name": "Sdujytut",
                  "type": {
                    "ClrType": "UiPath.IntelligentOCR.StudioWeb.Activities.DataExtraction.ExtractedField`1[[System.String, System.Private.CoreLib]], UiPath.IntelligentOCR.StudioWeb.Activities"
                  }
                }
              ],
              "baseType": {
                "ClrType": "UiPath.IntelligentOCR.StudioWeb.Activities.DataExtraction.ExtendedExtractionResultsForDocumentData, UiPath.IntelligentOCR.StudioWeb.Activities"
              }
            }
          },
          "version": 1
        }
      },
      "entityAssemblyKey": {
        "name": "UiPath.IntelligentOCR.StudioWeb.Activities.SWEntities.CustomGptDocumentTypeFdd44Be8F7D941499168469B34547Db9",
        "hash": "LTE3NjE0MTY1ODM",
        "assemblyName": "CustomGptDocumentTyp.dNq862JGZqH1LFEPl3njI5H1"
      }
    },
    {
      "providerName": "CustomEntities",
      "bundleOptions": {
        "hash": "-1938990389",
        "bundleName": "CustomGptDocumentType4D3B3528Ff4542Cd940FCfe331Eabc56",
        "entitiesBundle": {
          "Types": {
            "CustomGptDocumentType4D3B3528Ff4542Cd940FCfe331Eabc56": {
              "name": "CustomGptDocumentType4D3B3528Ff4542Cd940FCfe331Eabc56",
              "properties": [
                {
                  "name": "Asgdfh",
                  "type": {
                    "ClrType": "UiPath.IntelligentOCR.StudioWeb.Activities.DataExtraction.ExtractedField`1[[System.String, System.Private.CoreLib]], UiPath.IntelligentOCR.StudioWeb.Activities"
                  }
                },
                {
                  "name": "Sdujytut",
                  "type": {
                    "ClrType": "UiPath.IntelligentOCR.StudioWeb.Activities.DataExtraction.ExtractedField`1[[System.String, System.Private.CoreLib]], UiPath.IntelligentOCR.StudioWeb.Activities"
                  }
                },
                {
                  "name": "Are",
                  "type": {
                    "ClrType": "UiPath.IntelligentOCR.StudioWeb.Activities.DataExtraction.ExtractedField`1[[System.String, System.Private.CoreLib]], UiPath.IntelligentOCR.StudioWeb.Activities"
                  }
                }
              ],
              "baseType": {
                "ClrType": "UiPath.IntelligentOCR.StudioWeb.Activities.DataExtraction.ExtendedExtractionResultsForDocumentData, UiPath.IntelligentOCR.StudioWeb.Activities"
              }
            }
          },
          "version": 1
        }
      },
      "entityAssemblyKey": {
        "name": "UiPath.IntelligentOCR.StudioWeb.Activities.SWEntities.CustomGptDocumentType4D3B3528Ff4542Cd940FCfe331Eabc56",
        "hash": "LTE5Mzg5OTAzODk",
        "assemblyName": "CustomGptDocumentTyp.gS7Zz32vgLK1aE8g6tWPCz"
      }
    },
    {
      "providerName": "CustomEntities",
      "bundleOptions": {
        "hash": "-1761416583",
        "bundleName": "CustomGptDocumentTypeC245Eb82Bfaf41B29136592017830Be5",
        "entitiesBundle": {
          "Types": {
            "CustomGptDocumentTypeC245Eb82Bfaf41B29136592017830Be5": {
              "name": "CustomGptDocumentTypeC245Eb82Bfaf41B29136592017830Be5",
              "properties": [
                {
                  "name": "Asgdfh",
                  "type": {
                    "ClrType": "UiPath.IntelligentOCR.StudioWeb.Activities.DataExtraction.ExtractedField`1[[System.String, System.Private.CoreLib]], UiPath.IntelligentOCR.StudioWeb.Activities"
                  }
                },
                {
                  "name": "Sdujytut",
                  "type": {
                    "ClrType": "UiPath.IntelligentOCR.StudioWeb.Activities.DataExtraction.ExtractedField`1[[System.String, System.Private.CoreLib]], UiPath.IntelligentOCR.StudioWeb.Activities"
                  }
                }
              ],
              "baseType": {
                "ClrType": "UiPath.IntelligentOCR.StudioWeb.Activities.DataExtraction.ExtendedExtractionResultsForDocumentData, UiPath.IntelligentOCR.StudioWeb.Activities"
              }
            }
          },
          "version": 1
        }
      },
      "entityAssemblyKey": {
        "name": "UiPath.IntelligentOCR.StudioWeb.Activities.SWEntities.CustomGptDocumentTypeC245Eb82Bfaf41B29136592017830Be5",
        "hash": "LTE3NjE0MTY1ODM",
        "assemblyName": "CustomGptDocumentTyp.D9Dh54cjmhF13uqp54a0e4O2"
      }
    },
    {
      "providerName": "TypedDataTable",
      "typedDataTableDto": {
        "id": 1,
        "idRef": "ReadRangeConnections`1_2",
        "hash": "ReadRangeConnections`1_2|DataTable|mEnpJavbtOVySB1woJgnkuJvLsDANOSMAJqOjEMzsA",
        "dataType": "System.Data.DataTable, System.Data.Common",
        "columns": [
          {
            "columnName": "",
            "dataType": "System.String, System.Private.CoreLib",
            "name": ""
          },
          {
            "columnName": "Test ID",
            "dataType": "System.String, System.Private.CoreLib",
            "name": "Test ID"
          },
          {
            "columnName": "Test Name",
            "dataType": "System.String, System.Private.CoreLib",
            "name": "Test Name"
          },
          {
            "columnName": "JIRA Link",
            "dataType": "System.String, System.Private.CoreLib",
            "name": "JIRA Link"
          },
          {
            "columnName": "Testrail link",
            "dataType": "System.String, System.Private.CoreLib",
            "name": "Testrail link"
          },
          {
            "columnName": "Project in Fwk",
            "dataType": "System.String, System.Private.CoreLib",
            "name": "Project in Fwk"
          },
          {
            "columnName": "Test File in Fwk",
            "dataType": "System.String, System.Private.CoreLib",
            "name": "Test File in Fwk"
          },
          {
            "columnName": "Implementation Status",
            "dataType": "System.String, System.Private.CoreLib",
            "name": "Implementation Status"
          }
        ],
        "rowExtensionProperties": []
      },
      "entityAssemblyKey": {
        "name": "Studio.Generated.TypedDataTable1",
        "hash": "ReadRangeConnections`1_2|DataTable|ZC2FTyIYVc97U0m2g2GOzRQDsyJe5Y78wr4nZ6mswg",
        "assemblyName": "Studio.Generated.TypedDataTable1"
      }
    },
    {
      "providerName": "TypedDataTable",
      "typedDataTableDto": {
        "id": 2,
        "idRef": "ReadRangeConnections`1_2",
        "hash": "ReadRangeConnections`1_2|DataTable|OhTIy6bxxsbII8hMlEZDJbPjKwCkUdfGLRFO0u1Mc",
        "dataType": "System.Data.DataTable, System.Data.Common",
        "columns": [
          {
            "columnName": "",
            "dataType": "System.String, System.Private.CoreLib",
            "name": ""
          }
        ],
        "rowExtensionProperties": []
      },
      "entityAssemblyKey": {
        "name": "Studio.Generated.TypedDataTable2",
        "hash": "ReadRangeConnections`1_2|DataTable|bPCGF7h5eRFQBzlzBDLaWhYuSYvCctufYZkxHH5t8Y",
        "assemblyName": "Studio.Generated.TypedDataTable2"
      }
    },
    {
      "providerName": "TypedDataTable",
      "typedDataTableDto": {
        "id": 3,
        "idRef": "ReadRangeConnections`1_2",
        "hash": "ReadRangeConnections`1_2|DataTable|Z9aqoaoF7TpjS9KAo6ZAJ7I0gG3xZV8PJ6mlt5nUCE",
        "dataType": "System.Data.DataTable, System.Data.Common",
        "columns": [
          {
            "columnName": "",
            "dataType": "System.String, System.Private.CoreLib",
            "name": ""
          },
          {
            "columnName": "Test ID",
            "dataType": "System.String, System.Private.CoreLib",
            "name": "Test ID"
          },
          {
            "columnName": "Test title",
            "dataType": "System.String, System.Private.CoreLib",
            "name": "Test title"
          },
          {
            "columnName": "Test name in project",
            "dataType": "System.String, System.Private.CoreLib",
            "name": "Test name in project"
          },
          {
            "columnName": "Notes",
            "dataType": "System.String, System.Private.CoreLib",
            "name": "Notes"
          }
        ],
        "rowExtensionProperties": []
      },
      "entityAssemblyKey": {
        "name": "Studio.Generated.TypedDataTable3",
        "hash": "ReadRangeConnections`1_2|DataTable|tBfLIw6RHrZaiFSqVrBoNK6bhPhp1aXggApuDlVwE",
        "assemblyName": "Studio.Generated.TypedDataTable3"
      }
    },
    {
      "providerName": "TypedDataTable",
      "typedDataTableDto": {
        "id": 4,
        "idRef": "ReadRangeConnections`1_2",
        "hash": "ReadRangeConnections`1_2|DataTable|rL1H6EH53IE0pN6XKFzGKlAutFc37V8TtrTj2dM9Xg",
        "dataType": "System.Data.DataTable, System.Data.Common",
        "columns": [
          {
            "columnName": "",
            "dataType": "System.String, System.Private.CoreLib",
            "name": ""
          },
          {
            "columnName": "Test ID",
            "dataType": "System.String, System.Private.CoreLib",
            "name": "Test ID"
          },
          {
            "columnName": "Test Name",
            "dataType": "System.String, System.Private.CoreLib",
            "name": "Test Name"
          },
          {
            "columnName": "Test in project",
            "dataType": "System.String, System.Private.CoreLib",
            "name": "Test in project"
          },
          {
            "columnName": "Status",
            "dataType": "System.String, System.Private.CoreLib",
            "name": "Status"
          },
          {
            "columnName": "Notes",
            "dataType": "System.String, System.Private.CoreLib",
            "name": "Notes"
          }
        ],
        "rowExtensionProperties": []
      },
      "entityAssemblyKey": {
        "name": "Studio.Generated.TypedDataTable4",
        "hash": "ReadRangeConnections`1_2|DataTable|bxqjrU6jFIXfq6mKPOb174zeRzCujqcbkqYQo7xYlY",
        "assemblyName": "Studio.Generated.TypedDataTable4"
      }
    },
    {
      "providerName": "CustomEntities",
      "bundleOptions": {
        "hash": "-819283939",
        "bundleName": "CustomGptDocumentType2E0DcdafD0B7427EA9C0928B91Cd0446",
        "entitiesBundle": {
          "Types": {
            "CustomGptDocumentType2E0DcdafD0B7427EA9C0928B91Cd0446": {
              "name": "CustomGptDocumentType2E0DcdafD0B7427EA9C0928B91Cd0446",
              "properties": [
                {
                  "name": "Asgdfh",
                  "type": {
                    "ClrType": "UiPath.IntelligentOCR.StudioWeb.Activities.DataExtraction.ExtractedField`1[[System.String, System.Private.CoreLib]], UiPath.IntelligentOCR.StudioWeb.Activities"
                  }
                },
                {
                  "name": "Sdujytut",
                  "type": {
                    "ClrType": "UiPath.IntelligentOCR.StudioWeb.Activities.DataExtraction.ExtractedField`1[[System.String, System.Private.CoreLib]], UiPath.IntelligentOCR.StudioWeb.Activities"
                  }
                },
                {
                  "name": "Sadf",
                  "type": {
                    "ClrType": "UiPath.IntelligentOCR.StudioWeb.Activities.DataExtraction.ExtractedField`1[[System.String, System.Private.CoreLib]], UiPath.IntelligentOCR.StudioWeb.Activities"
                  }
                }
              ],
              "baseType": {
                "ClrType": "UiPath.IntelligentOCR.StudioWeb.Activities.DataExtraction.ExtendedExtractionResultsForDocumentData, UiPath.IntelligentOCR.StudioWeb.Activities"
              }
            }
          },
          "version": 1
        }
      },
      "entityAssemblyKey": {
        "name": "UiPath.IntelligentOCR.StudioWeb.Activities.SWEntities.CustomGptDocumentType2E0DcdafD0B7427EA9C0928B91Cd0446",
        "hash": "LTgxOTI4MzkzOQ",
        "assemblyName": "CustomGptDocumentTyp.M47dg1aGkK1rnSvH2e22g14"
      }
    },
    {
      "providerName": "CustomEntities",
      "bundleOptions": {
        "hash": "483649079",
        "bundleName": "CustomGptDocumentType7C2Bef4984Ba45B891D0Eb562A17E751",
        "entitiesBundle": {
          "Types": {
            "CustomGptDocumentType7C2Bef4984Ba45B891D0Eb562A17E751": {
              "name": "CustomGptDocumentType7C2Bef4984Ba45B891D0Eb562A17E751",
              "properties": [
                {
                  "name": "Asgdfh",
                  "type": {
                    "ClrType": "UiPath.IntelligentOCR.StudioWeb.Activities.DataExtraction.ExtractedField`1[[System.String, System.Private.CoreLib]], UiPath.IntelligentOCR.StudioWeb.Activities"
                  }
                },
                {
                  "name": "Sdujytut",
                  "type": {
                    "ClrType": "UiPath.IntelligentOCR.StudioWeb.Activities.DataExtraction.ExtractedField`1[[System.String, System.Private.CoreLib]], UiPath.IntelligentOCR.StudioWeb.Activities"
                  }
                },
                {
                  "name": "Sadf",
                  "type": {
                    "ClrType": "UiPath.IntelligentOCR.StudioWeb.Activities.DataExtraction.ExtractedField`1[[System.String, System.Private.CoreLib]], UiPath.IntelligentOCR.StudioWeb.Activities"
                  }
                },
                {
                  "name": "Test",
                  "type": {
                    "ClrType": "UiPath.IntelligentOCR.StudioWeb.Activities.DataExtraction.ExtractedField`1[[System.String, System.Private.CoreLib]], UiPath.IntelligentOCR.StudioWeb.Activities"
                  }
                }
              ],
              "baseType": {
                "ClrType": "UiPath.IntelligentOCR.StudioWeb.Activities.DataExtraction.ExtendedExtractionResultsForDocumentData, UiPath.IntelligentOCR.StudioWeb.Activities"
              }
            }
          },
          "version": 1
        }
      },
      "entityAssemblyKey": {
        "name": "UiPath.IntelligentOCR.StudioWeb.Activities.SWEntities.CustomGptDocumentType7C2Bef4984Ba45B891D0Eb562A17E751",
        "hash": "NDgzNjQ5MDc5",
        "assemblyName": "CustomGptDocumentTyp.3ffk73Ol6nG10WRaC11wgJG"
      }
    },
    {
      "providerName": "CustomEntities",
      "bundleOptions": {
        "hash": "-819283939",
        "bundleName": "CustomGptDocumentType1C26B9Df8Fa948A69B4685E62Ce07055",
        "entitiesBundle": {
          "Types": {
            "CustomGptDocumentType1C26B9Df8Fa948A69B4685E62Ce07055": {
              "name": "CustomGptDocumentType1C26B9Df8Fa948A69B4685E62Ce07055",
              "properties": [
                {
                  "name": "Asgdfh",
                  "type": {
                    "ClrType": "UiPath.IntelligentOCR.StudioWeb.Activities.DataExtraction.ExtractedField`1[[System.String, System.Private.CoreLib]], UiPath.IntelligentOCR.StudioWeb.Activities"
                  }
                },
                {
                  "name": "Sdujytut",
                  "type": {
                    "ClrType": "UiPath.IntelligentOCR.StudioWeb.Activities.DataExtraction.ExtractedField`1[[System.String, System.Private.CoreLib]], UiPath.IntelligentOCR.StudioWeb.Activities"
                  }
                },
                {
                  "name": "Sadf",
                  "type": {
                    "ClrType": "UiPath.IntelligentOCR.StudioWeb.Activities.DataExtraction.ExtractedField`1[[System.String, System.Private.CoreLib]], UiPath.IntelligentOCR.StudioWeb.Activities"
                  }
                }
              ],
              "baseType": {
                "ClrType": "UiPath.IntelligentOCR.StudioWeb.Activities.DataExtraction.ExtendedExtractionResultsForDocumentData, UiPath.IntelligentOCR.StudioWeb.Activities"
              }
            }
          },
          "version": 1
        }
      },
      "entityAssemblyKey": {
        "name": "UiPath.IntelligentOCR.StudioWeb.Activities.SWEntities.CustomGptDocumentType1C26B9Df8Fa948A69B4685E62Ce07055",
        "hash": "LTgxOTI4MzkzOQ",
        "assemblyName": "CustomGptDocumentTyp.nqUyw11jycG1IZaos2qJtli1"
      }
    },
    {
      "providerName": "CustomEntities",
      "bundleOptions": {
        "hash": "-1761416583",
        "bundleName": "CustomGptDocumentTypeAb15Ee7507B94C2AA6C33Bca2Df2149D",
        "entitiesBundle": {
          "Types": {
            "CustomGptDocumentTypeAb15Ee7507B94C2AA6C33Bca2Df2149D": {
              "name": "CustomGptDocumentTypeAb15Ee7507B94C2AA6C33Bca2Df2149D",
              "properties": [
                {
                  "name": "Asgdfh",
                  "type": {
                    "ClrType": "UiPath.IntelligentOCR.StudioWeb.Activities.DataExtraction.ExtractedField`1[[System.String, System.Private.CoreLib]], UiPath.IntelligentOCR.StudioWeb.Activities"
                  }
                },
                {
                  "name": "Sdujytut",
                  "type": {
                    "ClrType": "UiPath.IntelligentOCR.StudioWeb.Activities.DataExtraction.ExtractedField`1[[System.String, System.Private.CoreLib]], UiPath.IntelligentOCR.StudioWeb.Activities"
                  }
                }
              ],
              "baseType": {
                "ClrType": "UiPath.IntelligentOCR.StudioWeb.Activities.DataExtraction.ExtendedExtractionResultsForDocumentData, UiPath.IntelligentOCR.StudioWeb.Activities"
              }
            }
          },
          "version": 1
        }
      },
      "entityAssemblyKey": {
        "name": "UiPath.IntelligentOCR.StudioWeb.Activities.SWEntities.CustomGptDocumentTypeAb15Ee7507B94C2AA6C33Bca2Df2149D",
        "hash": "LTE3NjE0MTY1ODM",
        "assemblyName": "CustomGptDocumentTyp.RQPi04omwlI1AgkcN4miais2"
      }
    },
    {
      "providerName": "CustomEntities",
      "bundleOptions": {
        "hash": "-2034918943",
        "bundleName": "CustomGptDocumentType3C4645D9521049Aa9B3B67B73D83Da4B",
        "entitiesBundle": {
          "Types": {
            "CustomGptDocumentType3C4645D9521049Aa9B3B67B73D83Da4B": {
              "name": "CustomGptDocumentType3C4645D9521049Aa9B3B67B73D83Da4B",
              "properties": [
                {
                  "name": "Asgdfh",
                  "type": {
                    "ClrType": "UiPath.IntelligentOCR.StudioWeb.Activities.DataExtraction.ExtractedField`1[[System.String, System.Private.CoreLib]], UiPath.IntelligentOCR.StudioWeb.Activities"
                  }
                },
                {
                  "name": "Sdujytut",
                  "type": {
                    "ClrType": "UiPath.IntelligentOCR.StudioWeb.Activities.DataExtraction.ExtractedField`1[[System.String, System.Private.CoreLib]], UiPath.IntelligentOCR.StudioWeb.Activities"
                  }
                },
                {
                  "name": "Sadf",
                  "type": {
                    "ClrType": "UiPath.IntelligentOCR.StudioWeb.Activities.DataExtraction.ExtractedField`1[[System.String, System.Private.CoreLib]], UiPath.IntelligentOCR.StudioWeb.Activities"
                  }
                },
                {
                  "name": "Etrhdg",
                  "type": {
                    "ClrType": "UiPath.IntelligentOCR.StudioWeb.Activities.DataExtraction.ExtractedField`1[[System.String, System.Private.CoreLib]], UiPath.IntelligentOCR.StudioWeb.Activities"
                  }
                }
              ],
              "baseType": {
                "ClrType": "UiPath.IntelligentOCR.StudioWeb.Activities.DataExtraction.ExtendedExtractionResultsForDocumentData, UiPath.IntelligentOCR.StudioWeb.Activities"
              }
            }
          },
          "version": 1
        }
      },
      "entityAssemblyKey": {
        "name": "UiPath.IntelligentOCR.StudioWeb.Activities.SWEntities.CustomGptDocumentType3C4645D9521049Aa9B3B67B73D83Da4B",
        "hash": "LTIwMzQ5MTg5NDM",
        "assemblyName": "CustomGptDocumentTyp.dzG8Z4fm4LQ18LeCK2vrd74"
      }
    },
    {
      "providerName": "CustomEntities",
      "bundleOptions": {
        "hash": "-1087637134",
        "bundleName": "CustomGptDocumentTypeDfb539E0166D468AA3Db01D01580Bb0F",
        "entitiesBundle": {
          "Types": {
            "CustomGptDocumentTypeDfb539E0166D468AA3Db01D01580Bb0F": {
              "name": "CustomGptDocumentTypeDfb539E0166D468AA3Db01D01580Bb0F",
              "properties": [
                {
                  "name": "Sdujytut",
                  "type": {
                    "ClrType": "UiPath.IntelligentOCR.StudioWeb.Activities.DataExtraction.ExtractedField`1[[System.String, System.Private.CoreLib]], UiPath.IntelligentOCR.StudioWeb.Activities"
                  }
                },
                {
                  "name": "Sadf",
                  "type": {
                    "ClrType": "UiPath.IntelligentOCR.StudioWeb.Activities.DataExtraction.ExtractedField`1[[System.String, System.Private.CoreLib]], UiPath.IntelligentOCR.StudioWeb.Activities"
                  }
                },
                {
                  "name": "Etrhdg",
                  "type": {
                    "ClrType": "UiPath.IntelligentOCR.StudioWeb.Activities.DataExtraction.ExtractedField`1[[System.String, System.Private.CoreLib]], UiPath.IntelligentOCR.StudioWeb.Activities"
                  }
                }
              ],
              "baseType": {
                "ClrType": "UiPath.IntelligentOCR.StudioWeb.Activities.DataExtraction.ExtendedExtractionResultsForDocumentData, UiPath.IntelligentOCR.StudioWeb.Activities"
              }
            }
          },
          "version": 1
        }
      },
      "entityAssemblyKey": {
        "name": "UiPath.IntelligentOCR.StudioWeb.Activities.SWEntities.CustomGptDocumentTypeDfb539E0166D468AA3Db01D01580Bb0F",
        "hash": "LTEwODc2MzcxMzQ",
        "assemblyName": "CustomGptDocumentTyp.kfe9Y3LZzKD1nAkQ72cnloU"
      }
    },
    {
      "providerName": "CustomEntities",
      "bundleOptions": {
        "hash": "-1748660756",
        "bundleName": "CustomGptDocumentType0684Ec5832F04327B06D4C4869A32Ce1",
        "entitiesBundle": {
          "Types": {
            "CustomGptDocumentType0684Ec5832F04327B06D4C4869A32Ce1": {
              "name": "CustomGptDocumentType0684Ec5832F04327B06D4C4869A32Ce1",
              "properties": [
                {
                  "name": "_2134",
                  "type": {
                    "ClrType": "UiPath.IntelligentOCR.StudioWeb.Activities.DataExtraction.ExtractedField`1[[System.String, System.Private.CoreLib]], UiPath.IntelligentOCR.StudioWeb.Activities"
                  }
                },
                {
                  "name": "Q23Wer",
                  "type": {
                    "ClrType": "UiPath.IntelligentOCR.StudioWeb.Activities.DataExtraction.ExtractedField`1[[System.String, System.Private.CoreLib]], UiPath.IntelligentOCR.StudioWeb.Activities"
                  }
                }
              ],
              "baseType": {
                "ClrType": "UiPath.IntelligentOCR.StudioWeb.Activities.DataExtraction.ExtendedExtractionResultsForDocumentData, UiPath.IntelligentOCR.StudioWeb.Activities"
              }
            }
          },
          "version": 1
        }
      },
      "entityAssemblyKey": {
        "name": "UiPath.IntelligentOCR.StudioWeb.Activities.SWEntities.CustomGptDocumentType0684Ec5832F04327B06D4C4869A32Ce1",
        "hash": "LTE3NDg2NjA3NTY",
        "assemblyName": "CustomGptDocumentTyp.FbDkU3kAggM1JvyQi13NXeB2"
      }
    }
  ]
}