{"ProjectBreakpoints":"{\"CodeBreakpoints\":{},\"Value\":{\"data/lists.xaml\":[{\"ConditionalExpression\":null,\"ActionExpression\":null,\"ExpectedHitCounter\":null,\"ShouldContinueAfterAction\":false,\"IsTransient\":false,\"BreakpointType\":1,\"LocationIdentifier\":\"Append item to list\",\"IsEnabled\":true,\"Id\":\"20bf5cf1-cb95-4657-af7a-f4f574a70913\",\"ActivityIdRef\":\"AppendItemToList`1_3\",\"ActivityId\":\"1.47\",\"ActivityName\":\"Append item to list\"},{\"ConditionalExpression\":null,\"ActionExpression\":null,\"ExpectedHitCounter\":null,\"ShouldContinueAfterAction\":false,\"IsTransient\":false,\"BreakpointType\":1,\"LocationIdentifier\":\"Update list item\",\"IsEnabled\":true,\"Id\":\"1f39655b-dab5-4dac-a934-a492a4f6db36\",\"ActivityIdRef\":\"UpdateListItem`1_1\",\"ActivityId\":\"1.35\",\"ActivityName\":\"Update list item\"},{\"ConditionalExpression\":\"3<2\",\"ActionExpression\":\"\\\"test\\\"\",\"ExpectedHitCounter\":null,\"ShouldContinueAfterAction\":false,\"IsTransient\":false,\"BreakpointType\":1,\"LocationIdentifier\":\"Read list item\",\"IsEnabled\":true,\"Id\":\"353278b5-d65e-4d05-821b-7fe72acde761\",\"ActivityIdRef\":\"ReadListItem`1_1\",\"ActivityId\":\"1.23\",\"ActivityName\":\"Read list item\"},{\"ConditionalExpression\":\"\",\"ActionExpression\":\"\\\"test - should not stop execution\\\"\",\"ExpectedHitCounter\":null,\"ShouldContinueAfterAction\":true,\"IsTransient\":false,\"BreakpointType\":1,\"LocationIdentifier\":\"Log Message\",\"IsEnabled\":true,\"Id\":\"d1a3649d-7288-476b-9def-4d0c011dac89\",\"ActivityIdRef\":\"LogMessage_1\",\"ActivityId\":\"1.17\",\"ActivityName\":\"Log Message\"},{\"ConditionalExpression\":\"\",\"ActionExpression\":\"\",\"ExpectedHitCounter\":3,\"ShouldContinueAfterAction\":false,\"IsTransient\":false,\"BreakpointType\":1,\"LocationIdentifier\":\"Log Message\",\"IsEnabled\":false,\"Id\":\"872ae65b-0e93-4690-a88e-4be1c79fa5fb\",\"ActivityIdRef\":\"LogMessage_2\",\"ActivityId\":\"1.4\",\"ActivityName\":\"Log Message\"}],\"randomfiletoinvoke.xaml\":[{\"ConditionalExpression\":null,\"ActionExpression\":null,\"ExpectedHitCounter\":null,\"ShouldContinueAfterAction\":false,\"IsTransient\":false,\"BreakpointType\":1,\"LocationIdentifier\":\"Log Message\",\"IsEnabled\":false,\"Id\":\"2d4521ea-069f-4a15-ac74-5b875ed922f3\",\"ActivityIdRef\":\"LogMessage_1\",\"ActivityId\":\"1.2\",\"ActivityName\":\"Log Message\"}],\"programming/debug.xaml\":[{\"ConditionalExpression\":null,\"ActionExpression\":null,\"ExpectedHitCounter\":null,\"ShouldContinueAfterAction\":false,\"IsTransient\":false,\"BreakpointType\":1,\"LocationIdentifier\":\"Comment\",\"IsEnabled\":true,\"Id\":\"b2008a3e-13f9-4a8a-b782-7b6883d09bba\",\"ActivityIdRef\":\"Comment_1\",\"ActivityId\":\"1.18\",\"ActivityName\":\"Comment\"},{\"ConditionalExpression\":null,\"ActionExpression\":null,\"ExpectedHitCounter\":null,\"ShouldContinueAfterAction\":false,\"IsTransient\":false,\"BreakpointType\":1,\"LocationIdentifier\":\"Log Message\",\"IsEnabled\":false,\"Id\":\"b1f41f7c-4ebe-41a2-ac0f-fb892eba38a3\",\"ActivityIdRef\":\"LogMessage_1\",\"ActivityId\":\"1.12\",\"ActivityName\":\"Log Message\"},{\"ConditionalExpression\":null,\"ActionExpression\":null,\"ExpectedHitCounter\":null,\"ShouldContinueAfterAction\":false,\"IsTransient\":false,\"BreakpointType\":1,\"LocationIdentifier\":\"Log Message\",\"IsEnabled\":true,\"Id\":\"5cb19384-010f-4a4d-988f-6f77a024c266\",\"ActivityIdRef\":\"LogMessage_2\",\"ActivityId\":\"1.6\",\"ActivityName\":\"Log Message\"}]}}","ProjectWatches":"{\"Value\":[]}","OpenedDocuments":"[\"Orchestrator/Alerts.xaml\",\"Orchestrator/API.xaml\",\"UiPath/Core/Activities.xaml\",\"Orchestrator/Jobs.xaml\",\"Orchestrator/Storage.xaml\",\"Orchestrator/Queues.xaml\",\"Orchestrator/Assets.xaml\",\"System/File.xaml\"]","ProjectActivitiesViewState":"{\"Orchestrator/Queues.xaml\":[{\"ActivityIdRef\":\"AddQueueItem_1\",\"IsAdvancedOptionsExpanded\":false,\"Categories\":{\"Input\":true,\"Misc\":true},\"Widgets\":{}},{\"ActivityIdRef\":\"AddTransactionItem_1\",\"IsAdvancedOptionsExpanded\":false,\"Categories\":{\"Input\":true,\"Misc\":true},\"Widgets\":{}},{\"ActivityIdRef\":\"CommentOut_1\",\"IsAdvancedOptionsExpanded\":false,\"Widgets\":{}},{\"ActivityIdRef\":\"BulkAddQueueItems_1\",\"IsAdvancedOptionsExpanded\":false,\"Categories\":{\"Options\":true,\"Output\":true},\"Widgets\":{}},{\"ActivityIdRef\":\"DeleteQueueItems_2\",\"IsAdvancedOptionsExpanded\":true,\"Categories\":{\"Misc\":true},\"Widgets\":{}},{\"ActivityIdRef\":\"GetQueueItems_1\",\"IsAdvancedOptionsExpanded\":true,\"Categories\":{\"Options\":true,\"Output\":true},\"Widgets\":{}},{\"ActivityIdRef\":\"GetQueueItem_2\",\"IsAdvancedOptionsExpanded\":true,\"Categories\":{\"Options\":true,\"Output\":true},\"Widgets\":{\"FolderPath\":{\"ShowExpressionEditor\":true}}},{\"ActivityIdRef\":\"PostponeTransactionItem_2\",\"IsAdvancedOptionsExpanded\":false,\"Categories\":{\"\":true,\"Others\":true},\"Widgets\":{}},{\"ActivityIdRef\":\"SetTransactionProgress_1\",\"IsAdvancedOptionsExpanded\":false,\"Categories\":{\"Others\":true},\"Widgets\":{}},{\"ActivityIdRef\":\"SetTransactionStatus_1\",\"IsAdvancedOptionsExpanded\":false,\"Categories\":{\"Input\":true,\"Transaction Error\":true,\"Others\":true},\"Widgets\":{\"FolderPath\":{\"ShowExpressionEditor\":true}}},{\"ActivityIdRef\":\"WaitQueueItem_1\",\"IsAdvancedOptionsExpanded\":true,\"Categories\":{\"Options\":true,\"Output\":true},\"Widgets\":{}},{\"ActivityIdRef\":\"GetQueueItems_2\",\"IsAdvancedOptionsExpanded\":true,\"Categories\":{\"Options\":true,\"Output\":true},\"Widgets\":{}},{\"ActivityIdRef\":\"LogMessage_1\",\"IsAdvancedOptionsExpanded\":false,\"Widgets\":{}},{\"ActivityIdRef\":\"LogMessage_2\",\"IsAdvancedOptionsExpanded\":false,\"Widgets\":{}},{\"ActivityIdRef\":\"AddTransactionItem_2\",\"IsAdvancedOptionsExpanded\":true,\"Categories\":{\"Input\":true,\"Misc\":true},\"Widgets\":{\"FolderPath\":{\"ShowExpressionEditor\":true},\"QueueType\":{\"ShowExpressionEditor\":true}}},{\"ActivityIdRef\":\"LogMessage_4\",\"IsAdvancedOptionsExpanded\":false,\"Widgets\":{}},{\"ActivityIdRef\":\"LogMessage_5\",\"IsAdvancedOptionsExpanded\":false,\"Widgets\":{}},{\"ActivityIdRef\":\"InterruptibleDoWhile_1\",\"IsAdvancedOptionsExpanded\":false,\"Categories\":{\"\":true},\"Widgets\":{}},{\"ActivityIdRef\":\"LogMessage_6\",\"IsAdvancedOptionsExpanded\":false,\"Widgets\":{}},{\"ActivityIdRef\":\"InvokeProcess_1\",\"IsAdvancedOptionsExpanded\":false,\"Categories\":{\"Common\":true,\"Log\":true,\"Execution\":true},\"Widgets\":{\"FolderPath\":{\"ShowExpressionEditor\":false}}},{\"ActivityIdRef\":\"InvokeProcess_2\",\"IsAdvancedOptionsExpanded\":false,\"Categories\":{\"Common\":true,\"Log\":true,\"Execution\":true},\"Widgets\":{}}],\"Orchestrator/Assets.xaml\":[{\"ActivityIdRef\":\"GetRobotAsset_1\",\"IsAdvancedOptionsExpanded\":true,\"Categories\":{\"Misc\":true,\"Output\":true,\"\":true},\"Widgets\":{\"FolderPath\":{\"ShowExpressionEditor\":true}}},{\"ActivityIdRef\":\"GetRobotCredential_1\",\"IsAdvancedOptionsExpanded\":true,\"Categories\":{\"Misc\":true,\"Output\":true},\"Widgets\":{\"FolderPath\":{\"ShowExpressionEditor\":true}}},{\"ActivityIdRef\":\"SetAsset_1\",\"IsAdvancedOptionsExpanded\":true,\"Categories\":{\"Others\":true},\"Widgets\":{\"FolderPath\":{\"ShowExpressionEditor\":true}}},{\"ActivityIdRef\":\"SetCredential_1\",\"IsAdvancedOptionsExpanded\":false,\"Categories\":{\"Others\":true},\"Widgets\":{}},{\"ActivityIdRef\":\"LogMessage_1\",\"IsAdvancedOptionsExpanded\":false,\"Widgets\":{}},{\"ActivityIdRef\":\"LogMessage_2\",\"IsAdvancedOptionsExpanded\":false,\"Widgets\":{}}],\"System/File.xaml\":[{\"ActivityIdRef\":\"PathExists_1\",\"IsAdvancedOptionsExpanded\":false,\"Categories\":{\"Output\":true},\"Widgets\":{}},{\"ActivityIdRef\":\"If_1\",\"IsAdvancedOptionsExpanded\":false,\"Widgets\":{}},{\"ActivityIdRef\":\"LogMessage_1\",\"IsAdvancedOptionsExpanded\":false,\"Widgets\":{}},{\"ActivityIdRef\":\"Delete_1\",\"IsAdvancedOptionsExpanded\":false,\"Categories\":{\"Common\":true},\"Widgets\":{}},{\"ActivityIdRef\":\"CreateDirectory_1\",\"IsAdvancedOptionsExpanded\":false,\"Categories\":{\"Common\":true,\"Output\":true},\"Widgets\":{}},{\"ActivityIdRef\":\"CreateFile_1\",\"IsAdvancedOptionsExpanded\":false,\"Categories\":{\"Common\":true,\"Output\":true},\"Widgets\":{}},{\"ActivityIdRef\":\"PathExists_2\",\"IsAdvancedOptionsExpanded\":true,\"Categories\":{\"Output\":true},\"Widgets\":{}},{\"ActivityIdRef\":\"If_2\",\"IsAdvancedOptionsExpanded\":false,\"Widgets\":{}},{\"ActivityIdRef\":\"WriteTextFile_1\",\"IsAdvancedOptionsExpanded\":false,\"Categories\":{\"Common\":true,\"File\":true},\"Widgets\":{}},{\"ActivityIdRef\":\"ReadTextFile_1\",\"IsAdvancedOptionsExpanded\":false,\"Categories\":{\"Common\":true,\"File\":true,\"Output\":true},\"Widgets\":{}},{\"ActivityIdRef\":\"AppendLine_1\",\"IsAdvancedOptionsExpanded\":false,\"Categories\":{\"Common\":true,\"File\":true},\"Widgets\":{}},{\"ActivityIdRef\":\"Delete_2\",\"IsAdvancedOptionsExpanded\":false,\"Categories\":{\"Common\":true},\"Widgets\":{}},{\"ActivityIdRef\":\"MoveFile_1\",\"IsAdvancedOptionsExpanded\":false,\"Categories\":{\"Common\":true},\"Widgets\":{}},{\"ActivityIdRef\":\"CreateDirectory_2\",\"IsAdvancedOptionsExpanded\":false,\"Categories\":{\"Common\":true,\"Output\":true},\"Widgets\":{}},{\"ActivityIdRef\":\"ReadTextFile_2\",\"IsAdvancedOptionsExpanded\":false,\"Categories\":{\"Common\":true,\"File\":true,\"Output\":true},\"Widgets\":{}},{\"ActivityIdRef\":\"LogMessage_2\",\"IsAdvancedOptionsExpanded\":false,\"Widgets\":{}},{\"ActivityIdRef\":\"CompressFiles_1\",\"IsAdvancedOptionsExpanded\":true,\"Categories\":{\"Options\":true,\"Output\":true},\"Widgets\":{}},{\"ActivityIdRef\":\"AppendItemToCollection`1_1\",\"IsAdvancedOptionsExpanded\":true,\"Categories\":{\"Output\":true},\"Widgets\":{}},{\"ActivityIdRef\":\"PathExists_3\",\"IsAdvancedOptionsExpanded\":true,\"Categories\":{\"Output\":true},\"Widgets\":{}},{\"ActivityIdRef\":\"Throw_1\",\"IsAdvancedOptionsExpanded\":false,\"Widgets\":{}},{\"ActivityIdRef\":\"WriteTextFile_3\",\"IsAdvancedOptionsExpanded\":false,\"Categories\":{\"Common\":true,\"File\":true},\"Widgets\":{}},{\"ActivityIdRef\":\"ExtractFiles_1\",\"IsAdvancedOptionsExpanded\":true,\"Categories\":{\"Options\":true,\"Output\":true},\"Widgets\":{}}]}","ProjectSettings":"{\"CompileExpressions\":true,\"ReadyToRun\":false,\"DefaultActivitiesRootCategories\":[null],\"IncludeSourcesByDefault\":true,\"RemoveUnusedDependencies\":false}"}