{
  "Workflows": [
    {
      "Path": null,
      "SortBy": 0,
      "VariablesSectionElementsOrder": [],
      "ArgumentsSectionElementsOrder": null,
      "ConstantsSectionElementsOrder": null,
      "AddedNamespaces": null
    },
    {
      "Path": "GetTransactionItem_PW_Json_Schema_Persoana.xaml",
      "SortBy": 0,
      "VariablesSectionElementsOrder": [
        "_out_ForEach_Generic_1_1__CurrentIndex&Sequence_1"
      ],
      "ArgumentsSectionElementsOrder": [
        "out_SpecificData",
        "in_QueueName",
        "out_TransactionItem"
      ],
      "ConstantsSectionElementsOrder": null,
      "AddedNamespaces": null
    },
    {
      "Path": "Invoke_GetTransactionItem_PW_Json_Schema_Persoana.xaml",
      "SortBy": 0,
      "VariablesSectionElementsOrder": [
        "specificData&Sequence_1",
        "transactionItem&Sequence_1"
      ],
      "ArgumentsSectionElementsOrder": [],
      "ConstantsSectionElementsOrder": null,
      "AddedNamespaces": null
    },
    {
      "Path": "Invoke_AutoGenerated_GetTransactionItem_PW_Json_Schema_Persoana.xaml",
      "SortBy": 0,
      "VariablesSectionElementsOrder": [
        "_out_InvokeWorkflowFile_1__out_SpecificData&Sequence_1",
        "_out_InvokeWorkflowFile_1__out_TransactionItem&Sequence_1"
      ],
      "ArgumentsSectionElementsOrder": [],
      "ConstantsSectionElementsOrder": null,
      "AddedNamespaces": null
    }
  ]
}