{
  "Workflows": [
    {
      "Path": null,
      "SortBy": 0,
      "VariablesSectionElementsOrder": [
        "dataTable&",
        "jsonOutput&",
        "_out_PathExists_1__Resource&",
        "_out_ReadTextFile_1__Content&",
        "myFile&",
        "abcde&",
        "askhfberw&",
        "my_Dt1&",
        "myRangeInfo&",
        "_out_ReadRangeConnections_Generic_1_1__Result&",
        "my_Dt2&"
      ],
      "ArgumentsSectionElementsOrder": null,
      "ConstantsSectionElementsOrder": null,
      "AddedNamespaces": null
    },
    {
      "Path": "NewActivity.xaml",
      "SortBy": 0,
      "VariablesSectionElementsOrder": [],
      "ArgumentsSectionElementsOrder": [],
      "ConstantsSectionElementsOrder": null,
      "AddedNamespaces": null
    },
    {
      "Path": "Sequence.xaml",
      "SortBy": 0,
      "VariablesSectionElementsOrder": [
        "myFile&Sequence_1",
        "abcde&Sequence_1",
        "askhfberw&Sequence_1",
        "my_Dt1&Sequence_1",
        "myRangeInfo&Sequence_1",
        "_out_ReadRangeConnections_Generic_1_1__Result&Sequence_1",
        "my_Dt2&Sequence_1",
        "jsonOutput&Sequence_1",
        "_out_PathExists_1__Resource&Sequence_1",
        "_out_ReadTextFile_1__Content&Sequence_1",
        "dataTable&Sequence_1"
      ],
      "ArgumentsSectionElementsOrder": [],
      "ConstantsSectionElementsOrder": null,
      "AddedNamespaces": null
    }
  ]
}