{"Compiler":"2","ProjectWatches":"{\"Value\":[]}","ProjectSettings":"{\"CompileExpressions\":true,\"ReadyToRun\":false,\"DefaultActivitiesRootCategories\":[null],\"IncludeSourcesByDefault\":true,\"RemoveUnusedDependencies\":false}","OpenedDocuments":"[{\"DocumentPath\":\".storage/.runtime/MyResources/activity/with/storage/_runtime.txt\",\"FactoryId\":\"{60B41405-7549-4783-88DD-C084BCE062E7}\"},{\"DocumentPath\":\".storage/.design/MyResources/activity/with/storage/_design.txt\",\"FactoryId\":\"{60B41405-7549-4783-88DD-C084BCE062E7}\"},{\"DocumentPath\":\"CustomActivity_StorageAPI.xaml\",\"FactoryId\":\"{ACB8E7BA-F093-44C1-9B50-33ECA51AAE16}\"},{\"DocumentPath\":\"CustomActivity_InvokeStorageAPIActivity.xaml\",\"FactoryId\":\"{ACB8E7BA-F093-44C1-9B50-33ECA51AAE16}\"}]","ProjectBreakpoints":"{\"CodeBreakpoints\":{},\"Value\":{}}","ProjectActivitiesViewState":"{\"CustomActivity_InvokeStorageAPIActivity.xaml\":[{\"ActivityIdRef\":\"InvokeWorkflowFile_1\",\"IsAdvancedOptionsExpanded\":false,\"Categories\":{\"Options\":true,\"Log\":true},\"Widgets\":{}},{\"ActivityIdRef\":\"LogMessage_1\",\"IsAdvancedOptionsExpanded\":false,\"Widgets\":{}}],\"CustomActivity_StorageAPI.xaml\":[]}"}