{"ProjectBreakpoints":"{\"CodeBreakpoints\":{},\"Value\":{}}","Compiler":"2","ProjectWatches":"{\"Value\":[]}","OpenedDocuments":"[{\"DocumentPath\":\".local/generated/Triggers.Generated.xaml\",\"FactoryId\":\"{ACB8E7BA-F093-44C1-9B50-33ECA51AAE16}\"},{\"DocumentPath\":\"Main.xaml\",\"FactoryId\":\"{ACB8E7BA-F093-44C1-9B50-33ECA51AAE16}\"}]","ProjectActivitiesViewState":"{\"Triggers/Time_Minutes.xaml\":[{\"ActivityIdRef\":\"TimeTrigger_1\",\"IsAdvancedOptionsExpanded\":true,\"Categories\":{\"Options\":true,\"Output\":true},\"Widgets\":{}},{\"ActivityIdRef\":\"LogMessage_1\",\"IsAdvancedOptionsExpanded\":false,\"Widgets\":{}}],\"Triggers/Time_Hours.xaml\":[{\"ActivityIdRef\":\"TimeTrigger_1\",\"IsAdvancedOptionsExpanded\":true,\"Categories\":{\"Options\":true,\"Output\":true},\"Widgets\":{}},{\"ActivityIdRef\":\"LogMessage_1\",\"IsAdvancedOptionsExpanded\":false,\"Widgets\":{}}],\"Triggers/Time_Days.xaml\":[{\"ActivityIdRef\":\"TimeTrigger_1\",\"IsAdvancedOptionsExpanded\":true,\"Categories\":{\"Options\":true,\"Output\":true},\"Widgets\":{}},{\"ActivityIdRef\":\"LogMessage_1\",\"IsAdvancedOptionsExpanded\":false,\"Widgets\":{}}],\"Triggers/Time_Week.xaml\":[{\"ActivityIdRef\":\"TimeTrigger_1\",\"IsAdvancedOptionsExpanded\":true,\"Categories\":{\"Options\":true,\"Output\":true},\"Widgets\":{}},{\"ActivityIdRef\":\"LogMessage_1\",\"IsAdvancedOptionsExpanded\":false,\"Widgets\":{}}],\"Triggers/Time_Months.xaml\":[{\"ActivityIdRef\":\"TimeTrigger_1\",\"IsAdvancedOptionsExpanded\":true,\"Categories\":{\"Options\":true,\"Output\":true},\"Widgets\":{}},{\"ActivityIdRef\":\"LogMessage_1\",\"IsAdvancedOptionsExpanded\":false,\"Widgets\":{}}],\"Triggers/Time_Cron.xaml\":[{\"ActivityIdRef\":\"TimeTrigger_1\",\"IsAdvancedOptionsExpanded\":true,\"Categories\":{\"Options\":true,\"Output\":true},\"Widgets\":{}},{\"ActivityIdRef\":\"LogMessage_1\",\"IsAdvancedOptionsExpanded\":false,\"Widgets\":{}}],\"Main.xaml\":[{\"ActivityIdRef\":\"StartTriggers_1\",\"IsAdvancedOptionsExpanded\":false,\"Widgets\":{}},{\"ActivityIdRef\":\"ShowCalloutActivity_1\",\"IsAdvancedOptionsExpanded\":false,\"Categories\":{\"Display\":true,\"\":true},\"Widgets\":{}},{\"ActivityIdRef\":\"ShowCalloutActivity_2\",\"IsAdvancedOptionsExpanded\":true,\"Categories\":{\"Display\":true,\"\":true},\"Widgets\":{}}],\".local/generated/Triggers.Generated.xaml\":[{\"ActivityIdRef\":\"Generated_101\",\"IsAdvancedOptionsExpanded\":false,\"Widgets\":{}},{\"ActivityIdRef\":\"Generated_134\",\"IsAdvancedOptionsExpanded\":false,\"Widgets\":{}},{\"ActivityIdRef\":\"Generated_323\",\"IsAdvancedOptionsExpanded\":false,\"Widgets\":{}},{\"ActivityIdRef\":\"Generated_373\",\"IsAdvancedOptionsExpanded\":false,\"Widgets\":{}}]}"}