{
  "UiPath.UIAutomationNext.Activities.Generic.CaptureScreenshots": "True",
  "UiPath.UIAutomationNext.Activities.SearchStepsWnd.InteractionMode": "HardwareEvents",
  "UiPath.UIAutomationNext.Activities.SearchStepsWnd.FullSelector": "True",
  "UiPath.UIAutomationNext.Activities.SearchStepsWnd.FuzzySelector": "True",
  "UiPath.UIAutomationNext.Activities.SearchStepsWnd.Image": "True",
  "UiPath.UIAutomationNext.Activities.SearchStepsWnd.IgnoreSelectorsWithIdx": "True",
  "UiPath.UIAutomationNext.Activities.SearchStepsWeb.EdgeInteractionMode": "DebuggerApi",
  "UiPath.UIAutomationNext.Activities.SearchStepsWeb.InteractionMode": "Simulate",
  "UiPath.UIAutomationNext.Activities.SearchStepsWeb.FullSelector": "False",
  "UiPath.UIAutomationNext.Activities.SearchStepsWeb.FuzzySelector": "True",
  "UiPath.UIAutomationNext.Activities.SearchStepsWeb.Image": "True",
  "UiPath.UIAutomationNext.Activities.SearchStepsWeb.IgnoreSelectorsWithIdx": "True",
  "UiPath.UIAutomationNext.Activities.SearchStepsJava.InteractionMode": "HardwareEvents",
  "UiPath.UIAutomationNext.Activities.SearchStepsJava.FullSelector": "True",
  "UiPath.UIAutomationNext.Activities.SearchStepsJava.FuzzySelector": "True",
  "UiPath.UIAutomationNext.Activities.SearchStepsJava.Image": "True",
  "UiPath.UIAutomationNext.Activities.SearchStepsJava.IgnoreSelectorsWithIdx": "True",
  "UiPath.UIAutomationNext.Activities.SearchStepsSAP.InteractionMode": "HardwareEvents",
  "UiPath.UIAutomationNext.Activities.SearchStepsSAP.FullSelector": "True",
  "UiPath.UIAutomationNext.Activities.SearchStepsSAP.FuzzySelector": "False",
  "UiPath.UIAutomationNext.Activities.SearchStepsSAP.Image": "False",
  "UiPath.UIAutomationNext.Activities.SearchStepsSAP.IgnoreSelectorsWithIdx": "True",
  "UiPath.UIAutomationNext.Activities.VerifyExecution.VerifyTypedText": "False",
  "UiPath.UIAutomationNext.Activities.VerifyExecution.VerifyActivities": "False",
  "UiPath.UIAutomationNext.Activities.ApplicationCard.ResizeWindow": "None",
  "UiPath.UIAutomationNext.Activities.Generic.ComputerVision": "False",
  "UiPath.UIAutomationNext.Activities.SearchStepsWnd.ComputerVision": "True",
  "UiPath.UIAutomationNext.Activities.SearchStepsWeb.ComputerVision": "True",
  "UiPath.UIAutomationNext.Activities.SearchStepsJava.ComputerVision": "True",
  "UiPath.UIAutomationNext.Activities.SearchStepsSAP.ComputerVision": "False"
}