{
  "Workflows": [
    {
      "Path": null,
      "SortBy": 0,
      "VariablesSectionElementsOrder": [],
      "ArgumentsSectionElementsOrder": null,
      "ConstantsSectionElementsOrder": [],
      "AddedNamespaces": null
    },
    {
      "Path": "Main.xaml",
      "SortBy": 0,
      "VariablesSectionElementsOrder": [],
      "ArgumentsSectionElementsOrder": [
        "out_Main_IntArray_Arg",
        "inOut_Main_StringArray_Arg",
        "in_Main_DataTable_Arg",
        "in_Main_ListOfComplexType_Arg",
        "in_Main_Bool_Arg",
        "in_Main_Int_Arg",
        "in_Main_String_Arg"
      ],
      "ConstantsSectionElementsOrder": [],
      "AddedNamespaces": null
    },
    {
      "Path": "Entry Points/EP1_Sequence.xaml",
      "SortBy": 0,
      "VariablesSectionElementsOrder": [],
      "ArgumentsSectionElementsOrder": [
        "out_EP1_Dictionary",
        "inOut_EP1_StringArray",
        "in_EP1_ListOfComplexType",
        "in_EP1_DataTable",
        "in_EP1_Bool",
        "in_EP1_Int",
        "in_EP1_String"
      ],
      "ConstantsSectionElementsOrder": [],
      "AddedNamespaces": null
    },
    {
      "Path": "Entry Points/EP2_Flowchart.xaml",
      "SortBy": 0,
      "VariablesSectionElementsOrder": [],
      "ArgumentsSectionElementsOrder": [
        "out_EP2_StringArray_Arg",
        "inOut_EP2_Dictionary_Arg",
        "in_EP2_ListOfComplexType_Arg",
        "in_EP2_DataTable_Arg",
        "in_EP2_Bool_Arg",
        "in_EP2_Int_Arg",
        "in_EP2_String_Arg"
      ],
      "ConstantsSectionElementsOrder": [],
      "AddedNamespaces": null
    },
    {
      "Path": "Entry Points/EP3_StateMachine.xaml",
      "SortBy": 0,
      "VariablesSectionElementsOrder": [],
      "ArgumentsSectionElementsOrder": [
        "out_EP3_Int_Arg",
        "inOut_EP3_ListOfComplexType",
        "in_EP3_Dictionary_Arg",
        "in_EP3_DataTable_Arg",
        "in_EP3_Sring_Arg"
      ],
      "ConstantsSectionElementsOrder": [],
      "AddedNamespaces": null
    },
    {
      "Path": "Entry Points/EP4_Workflow.xaml",
      "SortBy": 0,
      "VariablesSectionElementsOrder": [],
      "ArgumentsSectionElementsOrder": [
        "out_DataTable_Arg",
        "inOut_EP4_StringArray_Arg",
        "in_EP4_Dictionary_Arg",
        "in_EP4_Bool_Arg"
      ],
      "ConstantsSectionElementsOrder": [],
      "AddedNamespaces": null
    },
    {
      "Path": "Non Entry Points/NEP1_Sequence.xaml",
      "SortBy": 0,
      "VariablesSectionElementsOrder": [],
      "ArgumentsSectionElementsOrder": [
        "argument2",
        "argument1"
      ],
      "ConstantsSectionElementsOrder": [],
      "AddedNamespaces": null
    },
    {
      "Path": "Non Entry Points/NEP2_Flowchart.xaml",
      "SortBy": 0,
      "VariablesSectionElementsOrder": [],
      "ArgumentsSectionElementsOrder": [],
      "ConstantsSectionElementsOrder": [],
      "AddedNamespaces": null
    },
    {
      "Path": "Non Entry Points/NEP3_StateMachine.xaml",
      "SortBy": 0,
      "VariablesSectionElementsOrder": [],
      "ArgumentsSectionElementsOrder": [],
      "ConstantsSectionElementsOrder": [],
      "AddedNamespaces": null
    },
    {
      "Path": "Non Entry Points/NEP5_Workflow.xaml",
      "SortBy": 0,
      "VariablesSectionElementsOrder": [],
      "ArgumentsSectionElementsOrder": [
        "out_NEP5_Dictionary",
        "inOut_NEP5_StringArray",
        "in_NEP5_ListOfComplexType",
        "in_NEP5_DataTable",
        "in_NEP5_Bool",
        "in_NEP5_Int",
        "in_NEP5_String"
      ],
      "ConstantsSectionElementsOrder": [],
      "AddedNamespaces": null
    },
    {
      "Path": "Non Entry Points/NEP9_GlobalHandler.xaml",
      "SortBy": 0,
      "VariablesSectionElementsOrder": [
        "answer&Sequence_1",
        "retry&Sequence_1"
      ],
      "ArgumentsSectionElementsOrder": [
        "errorInfo",
        "result"
      ],
      "ConstantsSectionElementsOrder": [],
      "AddedNamespaces": null
    }
  ]
}