{
  "DisplayName": "MultipleConnections activity 1",
  "Tooltip": null,
  "HelpLink": null,
  "Color": null,
  "OriginalIconFileName": null,
  "Arguments": [
    {
      "Name": "GetFileListConnections_1_Connection0_Property0_Metadata",
      "DisplayName": "In location",
      "Category": "Drive",
      "Tooltip": "Get File/Folder List",
      "Placeholder": null,
      "Widget": "TextComposer",
      "IsRequired": true,
      "IsPrincipal": true,
      "ArgumentType": 2,
      "DataSourceItems": null
    },
    {
      "Name": "GetFileListConnections_1_Connection0",
      "DisplayName": "Connection",
      "Category": "Drive",
      "Tooltip": "Get File/Folder List",
      "Placeholder": null,
      "Widget": "Connection",
      "IsRequired": true,
      "IsPrincipal": true,
      "ArgumentType": 1,
      "DataSourceItems": null
    },
    {
      "Name": "ListAllUsers_1_Connection2",
      "DisplayName": "uipath-salesforce-slack",
      "Category": "Slack",
      "Tooltip": "List All Users",
      "Placeholder": null,
      "Widget": "Connection",
      "IsRequired": true,
      "IsPrincipal": true,
      "ArgumentType": 1,
      "DataSourceItems": null
    },
    {
      "Name": "GetNewestEmailConnections_1_Connection1_Property0_Metadata",
      "DisplayName": "Email Folder",
      "Category": "GMail",
      "Tooltip": "Get Newest Email",
      "Placeholder": null,
      "Widget": "TextComposer",
      "IsRequired": true,
      "IsPrincipal": true,
      "ArgumentType": 2,
      "DataSourceItems": null
    },
    {
      "Name": "GetNewestEmailConnections_1_Connection1",
      "DisplayName": "Connection",
      "Category": "GMail",
      "Tooltip": "Get Newest Email",
      "Placeholder": null,
      "Widget": "Connection",
      "IsRequired": true,
      "IsPrincipal": true,
      "ArgumentType": 1,
      "DataSourceItems": null
    }
  ]
}