{
  "Workflows": [
    {
      "Path": null,
      "SortBy": 0,
      "VariablesSectionElementsOrder": [
        "GV1&"
      ],
      "ArgumentsSectionElementsOrder": null,
      "ConstantsSectionElementsOrder": [],
      "AddedNamespaces": null
    },
    {
      "Path": "Browser.xaml",
      "SortBy": 0,
      "VariablesSectionElementsOrder": [
        "account&Sequence_1",
        "appName&Sequence_1",
        "feedName&Sequence_1"
      ],
      "ArgumentsSectionElementsOrder": [
        "useNotepad",
        "notepadAppArg",
        "appFolder"
      ],
      "ConstantsSectionElementsOrder": null,
      "AddedNamespaces": null
    },
    {
      "Path": "Main.xaml",
      "SortBy": 0,
      "VariablesSectionElementsOrder": [
        "GV1&Sequence_3",
        "appExeFile&Sequence_2",
        "appTitle&Sequence_2",
        "appId&Sequence_2",
        "GV1&Sequence_4",
        "appId&Sequence_1",
        "appTitle&Sequence_1",
        "appExeFile&Sequence_1"
      ],
      "ArgumentsSectionElementsOrder": [
        "appName"
      ],
      "ConstantsSectionElementsOrder": [],
      "AddedNamespaces": null
    },
    {
      "Path": "Browser2.xaml",
      "SortBy": 0,
      "VariablesSectionElementsOrder": null,
      "ArgumentsSectionElementsOrder": [
        "vendor",
        "myUrl",
        "myFilePath",
        "myAppSelector",
        "projectName",
        "contactInfo",
        "appLocation"
      ],
      "ConstantsSectionElementsOrder": null,
      "AddedNamespaces": null
    },
    {
      "Path": "Triggers/GlobalVariable.xaml",
      "SortBy": 0,
      "VariablesSectionElementsOrder": null,
      "ArgumentsSectionElementsOrder": null,
      "ConstantsSectionElementsOrder": null,
      "AddedNamespaces": null
    },
    {
      "Path": "Triggers/FileChangeTrigger.xaml",
      "SortBy": 0,
      "VariablesSectionElementsOrder": null,
      "ArgumentsSectionElementsOrder": null,
      "ConstantsSectionElementsOrder": null,
      "AddedNamespaces": null
    },
    {
      "Path": "Triggers/ProcessStart.xaml",
      "SortBy": 0,
      "VariablesSectionElementsOrder": null,
      "ArgumentsSectionElementsOrder": null,
      "ConstantsSectionElementsOrder": null,
      "AddedNamespaces": null
    },
    {
      "Path": "Triggers/ProcessEnd.xaml",
      "SortBy": 0,
      "VariablesSectionElementsOrder": [
        "GV1&Sequence_4",
        "myAttachment&Sequence_1"
      ],
      "ArgumentsSectionElementsOrder": [
        "in_Timeout",
        "in_CertificatePass",
        "in_CertificateClient",
        "TriggerEventArgs",
        "in_Endpoint"
      ],
      "ConstantsSectionElementsOrder": null,
      "AddedNamespaces": null
    }
  ]
}