{
  "ActivityBindings": {
    "UiPath.Mail.Activities.Business.ExchangeApplicationCard": [
      {
        "Type": "Connection",
        "Key": {
          "Value": "BindingsKey",
          "ValueSource": "Property"
        },
        "Values": {
          "ConnectionId": {
            "Value": "ConnectionId",
            "ValueSource": "Property"
          }
        },
        "Arguments": {
          "UseConnectionService": {
            "Value": "UseConnectionService",
            "ValueSource": "Property"
          },
          "Connector": {
            "Value": "Connector",
            "ValueSource": "Property"
          }
        }
      }
    ],
    "UiPath.Mail.Activities.Business.GmailApplicationCard": [
      {
        "Type": "Connection",
        "Key": {
          "Value": "BindingsKey",
          "ValueSource": "Property"
        },
        "Values": {
          "ConnectionId": {
            "Value": "ConnectionId",
            "ValueSource": "Property"
          }
        },
        "Arguments": {
          "UseConnectionService": {
            "Value": "UseConnectionService",
            "ValueSource": "Property"
          },
          "Connector": {
            "Value": "Connector",
            "ValueSource": "Property"
          }
        }
      }
    ],
    "UiPath.Mail.Activities.Business.NewGmailTrigger": [
      {
        "Type": "EventTrigger",
        "Key": {
          "Value": "BindingsKey",
          "ValueSource": "Property"
        },
        "Values": {
          "ConnectionId": {
            "Value": "ConnectionId",
            "ValueSource": "Property"
          }
        },
        "Arguments": {
          "Connector": {
            "Value": "Connector",
            "ValueSource": "Property"
          },
          "Operation": {
            "Value": "Operation",
            "ValueSource": "Property"
          },
          "ObjectName": {
            "Value": "ObjectName",
            "ValueSource": "Property"
          }
        }
      }
    ],
    "UiPath.Mail.Activities.Business.NewO365EmailTrigger": [
      {
        "Type": "EventTrigger",
        "Key": {
          "Value": "BindingsKey",
          "ValueSource": "Property"
        },
        "Values": {
          "ConnectionId": {
            "Value": "ConnectionId",
            "ValueSource": "Property"
          }
        },
        "Arguments": {
          "Connector": {
            "Value": "Connector",
            "ValueSource": "Property"
          },
          "Operation": {
            "Value": "Operation",
            "ValueSource": "Property"
          },
          "ObjectName": {
            "Value": "ObjectName",
            "ValueSource": "Property"
          }
        }
      }
    ]
  }
}