{
  "Workflows": [
    {
      "Path": null,
      "SortBy": 0,
      "VariablesSectionElementsOrder": [],
      "ArgumentsSectionElementsOrder": null,
      "ConstantsSectionElementsOrder": [],
      "AddedNamespaces": null
    },
    {
      "Path": "Files to Use For Invoke/UIA actions.xaml",
      "SortBy": 0,
      "VariablesSectionElementsOrder": [],
      "ArgumentsSectionElementsOrder": [
        "out_CalculatorResult"
      ],
      "ConstantsSectionElementsOrder": [],
      "AddedNamespaces": null
    },
    {
      "Path": "Entry Points/Entry Point 1.xaml",
      "SortBy": 0,
      "VariablesSectionElementsOrder": [
        "calculatorResult&Sequence_1"
      ],
      "ArgumentsSectionElementsOrder": [
        "in_ErrorCodes"
      ],
      "ConstantsSectionElementsOrder": [],
      "AddedNamespaces": null
    },
    {
      "Path": "Files to Use For Invoke/Orchestrator actions.xaml",
      "SortBy": 0,
      "VariablesSectionElementsOrder": [
        "index&Sequence_2",
        "queueItemReference&Sequence_1",
        "integerAssetValue&Sequence_1",
        "stringAssetValue&Sequence_1"
      ],
      "ArgumentsSectionElementsOrder": [
        "out_QueueItems"
      ],
      "ConstantsSectionElementsOrder": [],
      "AddedNamespaces": null
    },
    {
      "Path": "Global Handlers/GlobalHandler-Ignore.xaml",
      "SortBy": 0,
      "VariablesSectionElementsOrder": [
        "answer&Sequence_1",
        "retry&Sequence_1"
      ],
      "ArgumentsSectionElementsOrder": [
        "errorInfo",
        "result"
      ],
      "ConstantsSectionElementsOrder": [],
      "AddedNamespaces": null
    },
    {
      "Path": "Global Handlers/GlobalHandler-Retry.xaml",
      "SortBy": 0,
      "VariablesSectionElementsOrder": [
        "answer&Sequence_1",
        "retry&Sequence_1"
      ],
      "ArgumentsSectionElementsOrder": [
        "errorInfo",
        "result"
      ],
      "ConstantsSectionElementsOrder": [],
      "AddedNamespaces": null
    },
    {
      "Path": "Files to Use For Invoke/Errors.xaml",
      "SortBy": 0,
      "VariablesSectionElementsOrder": [
        "nullArray&Sequence_2"
      ],
      "ArgumentsSectionElementsOrder": [
        "in_ErrorCode"
      ],
      "ConstantsSectionElementsOrder": [],
      "AddedNamespaces": null
    },
    {
      "Path": "Files to Use For Invoke/File actions.xaml",
      "SortBy": 0,
      "VariablesSectionElementsOrder": [
        "orchFiles&Sequence_1",
        "orchFileNames&Sequence_1",
        "fileExists&Sequence_1",
        "orchText&Sequence_1",
        "textFromLocalFile&Sequence_6",
        "textToAppendToLocalFile&Sequence_6"
      ],
      "ArgumentsSectionElementsOrder": [
        "in_LocalFile",
        "in_Filename",
        "in_OrchFolder",
        "in_OrchStorageBucketName",
        "in_TextForFile"
      ],
      "ConstantsSectionElementsOrder": [],
      "AddedNamespaces": null
    },
    {
      "Path": "Files to Use For Invoke/ConditionalBreakpoints-Test.xaml",
      "SortBy": 0,
      "VariablesSectionElementsOrder": [],
      "ArgumentsSectionElementsOrder": [],
      "ConstantsSectionElementsOrder": [],
      "AddedNamespaces": null
    },
    {
      "Path": ".local/ActivityTestBench/Bench_0.xaml",
      "SortBy": 0,
      "VariablesSectionElementsOrder": [
        "textFromOrch&Sequence_1"
      ],
      "ArgumentsSectionElementsOrder": [],
      "ConstantsSectionElementsOrder": [],
      "AddedNamespaces": null
    },
    {
      "Path": "Global Handlers/GlobalHandler-Continue.xaml",
      "SortBy": 0,
      "VariablesSectionElementsOrder": [
        "answer&Sequence_1",
        "retry&Sequence_1"
      ],
      "ArgumentsSectionElementsOrder": [
        "errorInfo",
        "result"
      ],
      "ConstantsSectionElementsOrder": [],
      "AddedNamespaces": null
    },
    {
      "Path": "TestCase.xaml",
      "SortBy": 0,
      "VariablesSectionElementsOrder": [],
      "ArgumentsSectionElementsOrder": [
        "in_Message"
      ],
      "ConstantsSectionElementsOrder": [],
      "AddedNamespaces": null
    }
  ]
}