{"ProjectWatches":"{\"Value\":[{\"Id\":\"b92ee408-dd17-4634-8f64-d1bc0fa74360\",\"Expression\":\"calculatorResult\",\"Type\":0},{\"Id\":\"d5983df5-3791-4705-8e7e-190737e7a7ad\",\"Expression\":\"in_ErrorCodes\",\"Type\":0},{\"Id\":\"09743d94-f8e0-467c-aa28-1dd2edba7b81\",\"Expression\":\"in_OrchFolder\",\"Type\":0},{\"Id\":\"e80a1456-9e3b-4a3b-9076-5b56c29e3bd5\",\"Expression\":\"dogSize\",\"Type\":0},{\"Id\":\"8b32e6ff-1af4-4f16-b69b-6e797c029715\",\"Expression\":\"currentItem.Id\",\"Type\":0},{\"Id\":\"463b2f67-13e5-478c-86ad-e7b97fb0f530\",\"Expression\":\"calculatorResult\",\"Type\":0}]}","ProjectBreakpoints":"{\"CodeBreakpoints\":{\"Coded/Coded Wfs/PetActivity.cs\":[{\"Location\":{\"StartLine\":37,\"EndLine\":37,\"StartOffset\":1242,\"EndOffset\":1307,\"Source\":\"C:\\\\Git\\\\Repos\\\\workRepo\\\\Master\\\\Debug\\\\Debug_Master_Windows_CS_TAP\\\\Coded\\\\Coded Wfs\\\\PetActivity.cs\"},\"BreakpointType\":2,\"LocationIdentifier\":\"Line: 37\",\"ConditionalExpression\":\"counter > 2\",\"ActionExpression\":\"\",\"ExpectedHitCounter\":null,\"ShouldContinueAfterAction\":false,\"IsTransient\":false,\"IsEnabled\":true,\"Id\":\"4c51b7d7-6302-432b-9f0c-9aa9b3e3b8e6\",\"ActivityIdRef\":null,\"ActivityId\":null,\"ActivityName\":null},{\"Location\":{\"StartLine\":76,\"EndLine\":76,\"StartOffset\":3189,\"EndOffset\":3224,\"Source\":\"C:\\\\Git\\\\Repos\\\\workRepo\\\\Master\\\\Debug\\\\Debug_Master_Windows_CS_TAP\\\\Coded\\\\Coded Wfs\\\\PetActivity.cs\"},\"BreakpointType\":2,\"LocationIdentifier\":\"Line: 76\",\"ConditionalExpression\":\"name.Length != 5\",\"ActionExpression\":\"\",\"ExpectedHitCounter\":null,\"ShouldContinueAfterAction\":false,\"IsTransient\":false,\"IsEnabled\":true,\"Id\":\"1a18cc8c-80a6-4753-977b-14f5f7805d79\",\"ActivityIdRef\":null,\"ActivityId\":null,\"ActivityName\":null},{\"Location\":{\"StartLine\":29,\"EndLine\":29,\"StartOffset\":890,\"EndOffset\":966,\"Source\":\"C:\\\\Git\\\\Repos\\\\workRepo\\\\Master\\\\Debug\\\\Debug_Master_Windows_CS_TAP\\\\Coded\\\\Coded Wfs\\\\PetActivity.cs\"},\"BreakpointType\":2,\"LocationIdentifier\":\"Line: 29\",\"ConditionalExpression\":null,\"ActionExpression\":null,\"ExpectedHitCounter\":null,\"ShouldContinueAfterAction\":false,\"IsTransient\":false,\"IsEnabled\":true,\"Id\":\"3e0c1ce3-041c-4696-9934-c88cd1cb91f6\",\"ActivityIdRef\":null,\"ActivityId\":null,\"ActivityName\":null},{\"Location\":{\"StartLine\":98,\"EndLine\":98,\"StartOffset\":4231,\"EndOffset\":4283,\"Source\":\"C:\\\\Git\\\\Repos\\\\workRepo\\\\Master\\\\Debug\\\\Debug_Master_Windows_CS_TAP\\\\Coded\\\\Coded Wfs\\\\PetActivity.cs\"},\"BreakpointType\":2,\"LocationIdentifier\":\"Line: 98\",\"ConditionalExpression\":null,\"ActionExpression\":null,\"ExpectedHitCounter\":null,\"ShouldContinueAfterAction\":false,\"IsTransient\":false,\"IsEnabled\":true,\"Id\":\"181e106e-8c87-41a6-a32f-19eec09eab1f\",\"ActivityIdRef\":null,\"ActivityId\":null,\"ActivityName\":null}],\"Coded/Source Files/Pet/Pets/Dog.cs\":[{\"Location\":{\"StartLine\":45,\"EndLine\":45,\"StartOffset\":2073,\"EndOffset\":2115,\"Source\":\"C:\\\\Git\\\\Repos\\\\workRepo\\\\Master\\\\Debug\\\\Debug_Master_Windows_CS_TAP\\\\Coded/Source Files/Pet/Pets/Dog.cs\"},\"BreakpointType\":2,\"LocationIdentifier\":\"Line: 45\",\"ConditionalExpression\":null,\"ActionExpression\":null,\"ExpectedHitCounter\":null,\"ShouldContinueAfterAction\":false,\"IsTransient\":false,\"IsEnabled\":false,\"Id\":\"98a0383a-3e38-41e2-b7cc-f805cad75a61\",\"ActivityIdRef\":null,\"ActivityId\":null,\"ActivityName\":null},{\"Location\":{\"StartLine\":108,\"EndLine\":108,\"StartOffset\":4053,\"EndOffset\":4076,\"Source\":\"C:\\\\Git\\\\Repos\\\\workRepo\\\\Master\\\\Debug\\\\Debug_Master_Windows_CS_TAP\\\\Coded/Source Files/Pet/Pets/Dog.cs\"},\"BreakpointType\":2,\"LocationIdentifier\":\"Line: 108\",\"ConditionalExpression\":null,\"ActionExpression\":null,\"ExpectedHitCounter\":null,\"ShouldContinueAfterAction\":false,\"IsTransient\":false,\"IsEnabled\":true,\"Id\":\"8617e7f8-55f2-48ff-afc5-f386dd787ef2\",\"ActivityIdRef\":null,\"ActivityId\":null,\"ActivityName\":null}],\"Coded/Source Files/Pet/Pets/Cat.cs\":[{\"Location\":{\"StartLine\":130,\"EndLine\":130,\"StartOffset\":4706,\"EndOffset\":4707,\"Source\":\"C:\\\\Git\\\\Repos\\\\workRepo\\\\Master\\\\Debug\\\\Debug_Master_Windows_CS_TAP\\\\Coded\\\\Source Files\\\\Pet\\\\Pets\\\\Cat.cs\"},\"BreakpointType\":2,\"LocationIdentifier\":\"Line: 130\",\"ConditionalExpression\":null,\"ActionExpression\":null,\"ExpectedHitCounter\":null,\"ShouldContinueAfterAction\":false,\"IsTransient\":false,\"IsEnabled\":false,\"Id\":\"9d8131db-f796-496f-8709-f18cdefd526a\",\"ActivityIdRef\":null,\"ActivityId\":null,\"ActivityName\":null}]},\"Value\":{\"Entry Points/Entry Point 1.xaml\":[{\"ConditionalExpression\":null,\"ActionExpression\":null,\"ExpectedHitCounter\":null,\"ShouldContinueAfterAction\":false,\"IsTransient\":false,\"BreakpointType\":1,\"LocationIdentifier\":\"PetActivity.cs - Invoke Workflow File\",\"IsEnabled\":false,\"Id\":\"760b2c01-2f08-4816-88f1-28fff7a3157c\",\"ActivityIdRef\":\"InvokeWorkflowFile_5\",\"ActivityId\":\"1.70\",\"ActivityName\":\"PetActivity.cs - Invoke Workflow File\"},{\"ConditionalExpression\":\"\",\"ActionExpression\":\"\\\"Conditional tracepoint - Hit count 2 - should break execution\\\"\",\"ExpectedHitCounter\":2,\"ShouldContinueAfterAction\":false,\"IsTransient\":false,\"BreakpointType\":1,\"LocationIdentifier\":\"Files to Use For Invoke\\\\\\\\Errors.xaml - Invoke Workflow File\",\"IsEnabled\":true,\"Id\":\"10df2073-92f8-4895-a2eb-fe7d4fef43e7\",\"ActivityIdRef\":\"InvokeWorkflowFile_2\",\"ActivityId\":\"1.49\",\"ActivityName\":\"Files to Use For Invoke\\\\\\\\Errors.xaml - Invoke Workflow File\"},{\"ConditionalExpression\":\"\",\"ActionExpression\":\"\\\"Tracepoint - should just log and continue execution\\\"\",\"ExpectedHitCounter\":null,\"ShouldContinueAfterAction\":true,\"IsTransient\":false,\"BreakpointType\":1,\"LocationIdentifier\":\"Log Message\",\"IsEnabled\":true,\"Id\":\"cd0c9e6e-2edb-4089-91a6-3555b8234cb2\",\"ActivityIdRef\":\"LogMessage_3\",\"ActivityId\":\"1.29\",\"ActivityName\":\"Log Message\"},{\"ConditionalExpression\":null,\"ActionExpression\":null,\"ExpectedHitCounter\":null,\"ShouldContinueAfterAction\":false,\"IsTransient\":false,\"BreakpointType\":1,\"LocationIdentifier\":\"Files to Use For Invoke\\\\\\\\File actions.xaml - Invoke Workflow File\",\"IsEnabled\":true,\"Id\":\"749f8727-52db-4f73-9033-c825bb94c866\",\"ActivityIdRef\":\"InvokeWorkflowFile_1\",\"ActivityId\":\"1.72\",\"ActivityName\":\"Files to Use For Invoke\\\\\\\\File actions.xaml - Invoke Workflow File\"}],\"Files to Use For Invoke/Errors.xaml\":[{\"ConditionalExpression\":null,\"ActionExpression\":null,\"ExpectedHitCounter\":null,\"ShouldContinueAfterAction\":false,\"IsTransient\":false,\"BreakpointType\":1,\"LocationIdentifier\":\"Throw\",\"IsEnabled\":true,\"Id\":\"d4f61c3c-af70-407c-83b9-e5563678a408\",\"ActivityIdRef\":\"Throw_2\",\"ActivityId\":\"1.24\",\"ActivityName\":\"Throw\"}],\"Files to Use For Invoke/Orchestrator actions.xaml\":[{\"ConditionalExpression\":\"! stringAssetValue is null\",\"ActionExpression\":\"\",\"ExpectedHitCounter\":null,\"ShouldContinueAfterAction\":false,\"IsTransient\":false,\"BreakpointType\":1,\"LocationIdentifier\":\"Get Asset\",\"IsEnabled\":true,\"Id\":\"1278ac94-0859-498d-b405-d11d4f8b417a\",\"ActivityIdRef\":\"GetRobotAsset_2\",\"ActivityId\":\"1.96\",\"ActivityName\":\"Get Asset\"},{\"ConditionalExpression\":\"\",\"ActionExpression\":\"\\\"tracepoint hit - continue execution\\\"\",\"ExpectedHitCounter\":null,\"ShouldContinueAfterAction\":true,\"IsTransient\":false,\"BreakpointType\":1,\"LocationIdentifier\":\"Get Queue Items\",\"IsEnabled\":true,\"Id\":\"906c52cd-0ff1-4182-a0b4-2202b146957a\",\"ActivityIdRef\":\"GetQueueItems_1\",\"ActivityId\":\"1.54\",\"ActivityName\":\"Get Queue Items\"},{\"ConditionalExpression\":\"\",\"ActionExpression\":\"\\\"tracepoint was hit\\\"\",\"ExpectedHitCounter\":null,\"ShouldContinueAfterAction\":false,\"IsTransient\":false,\"BreakpointType\":1,\"LocationIdentifier\":\"Log Message\",\"IsEnabled\":true,\"Id\":\"5c5dd37b-165c-4e76-9829-58c7032a09cc\",\"ActivityIdRef\":\"LogMessage_1\",\"ActivityId\":\"1.48\",\"ActivityName\":\"Log Message\"},{\"ConditionalExpression\":\"\",\"ActionExpression\":\"\\\"tracepoint - disabled - should not log\\\"\",\"ExpectedHitCounter\":null,\"ShouldContinueAfterAction\":false,\"IsTransient\":false,\"BreakpointType\":1,\"LocationIdentifier\":\"Log Message\",\"IsEnabled\":true,\"Id\":\"1a79119c-71c3-4a42-bbe6-f465a7cd875c\",\"ActivityIdRef\":\"LogMessage_2\",\"ActivityId\":\"1.12\",\"ActivityName\":\"Log Message\"},{\"ConditionalExpression\":\"\",\"ActionExpression\":\"\\\"Add Queue Item - tracepoint - continue execution\\\"\",\"ExpectedHitCounter\":1,\"ShouldContinueAfterAction\":true,\"IsTransient\":false,\"BreakpointType\":1,\"LocationIdentifier\":\"Add Queue Item\",\"IsEnabled\":true,\"Id\":\"60054d3f-0594-422a-9c51-8739eb63ef6e\",\"ActivityIdRef\":\"AddQueueItem_1\",\"ActivityId\":\"1.67\",\"ActivityName\":\"Add Queue Item\"}],\"Files to Use For Invoke/ConditionalBreakpoints-Test.xaml\":[{\"ConditionalExpression\":\"\\\"test\\\" is null\",\"ActionExpression\":\"\",\"ExpectedHitCounter\":null,\"ShouldContinueAfterAction\":false,\"IsTransient\":false,\"BreakpointType\":1,\"LocationIdentifier\":\"Log Message\",\"IsEnabled\":false,\"Id\":\"56edad44-0e3f-4511-bd39-85d0954addca\",\"ActivityIdRef\":\"LogMessage_2\",\"ActivityId\":\"1.4\",\"ActivityName\":\"Log Message\"},{\"ConditionalExpression\":\"3>2\",\"ActionExpression\":\"\",\"ExpectedHitCounter\":null,\"ShouldContinueAfterAction\":false,\"IsTransient\":false,\"BreakpointType\":1,\"LocationIdentifier\":\"Log Message\",\"IsEnabled\":true,\"Id\":\"95bca778-c256-4580-9ed8-3c8189dd5d52\",\"ActivityIdRef\":\"LogMessage_1\",\"ActivityId\":\"1.6\",\"ActivityName\":\"Log Message\"}],\"TestCase.xaml\":[{\"ConditionalExpression\":null,\"ActionExpression\":null,\"ExpectedHitCounter\":null,\"ShouldContinueAfterAction\":false,\"IsTransient\":false,\"BreakpointType\":1,\"LocationIdentifier\":\"Log Message\",\"IsEnabled\":true,\"Id\":\"be9b32d2-2f53-434a-9a5e-e8bee62c2569\",\"ActivityIdRef\":\"LogMessage_1\",\"ActivityId\":\"1.2\",\"ActivityName\":\"Log Message\"}]}}","OpenedDocuments":"[{\"DocumentPath\":\"Files to Use For Invoke/File actions.xaml\",\"FactoryId\":\"{ACB8E7BA-F093-44C1-9B50-33ECA51AAE16}\"},{\"DocumentPath\":\"Coded/Source Files/Pet/Pets/Dog.cs\",\"FactoryId\":\"{2823AC5E-E0CC-457D-95AE-6A67B27DC2B1}\"},{\"DocumentPath\":\"TestCase.xaml\",\"FactoryId\":\"{ACB8E7BA-F093-44C1-9B50-33ECA51AAE18}\"},{\"DocumentPath\":\"Files to Use For Invoke/Orchestrator actions.xaml\",\"FactoryId\":\"{ACB8E7BA-F093-44C1-9B50-33ECA51AAE16}\"},{\"DocumentPath\":\"Files to Use For Invoke/UIA actions.xaml\",\"FactoryId\":\"{ACB8E7BA-F093-44C1-9B50-33ECA51AAE16}\"},{\"DocumentPath\":\"Global Handlers/GlobalHandler-Ignore.xaml\",\"FactoryId\":\"{ACB8E7BA-F093-44C1-9B50-33ECA51AAE16}\"},{\"DocumentPath\":\"Files to Use For Invoke/Errors.xaml\",\"FactoryId\":\"{ACB8E7BA-F093-44C1-9B50-33ECA51AAE16}\"},{\"DocumentPath\":\"Entry Points/Entry Point 1.xaml\",\"FactoryId\":\"{ACB8E7BA-F093-44C1-9B50-33ECA51AAE16}\"},{\"DocumentPath\":\"Coded/Coded Wfs/PetActivity.cs\",\"FactoryId\":\"{2823AC5E-E0CC-457D-95AE-6A67B27DC2B1}\"}]","ProjectActivitiesViewState":"{\"Entry Points/Entry Point 1.xaml\":[{\"ActivityIdRef\":\"LogMessage_8\",\"IsAdvancedOptionsExpanded\":false,\"Widgets\":{}},{\"ActivityIdRef\":\"ForEach`1_2\",\"IsAdvancedOptionsExpanded\":false,\"Categories\":{\"\":true},\"Widgets\":{\"Body\":{\"ShowExpanded\":true}}},{\"ActivityIdRef\":\"LogMessage_1\",\"IsAdvancedOptionsExpanded\":false,\"Widgets\":{}},{\"ActivityIdRef\":\"LogMessage_5\",\"IsAdvancedOptionsExpanded\":false,\"Widgets\":{}},{\"ActivityIdRef\":\"LogMessage_3\",\"IsAdvancedOptionsExpanded\":false,\"Widgets\":{}},{\"ActivityIdRef\":\"LogMessage_4\",\"IsAdvancedOptionsExpanded\":false,\"Widgets\":{}},{\"ActivityIdRef\":\"LogMessage_6\",\"IsAdvancedOptionsExpanded\":false,\"Widgets\":{}},{\"ActivityIdRef\":\"LogMessage_7\",\"IsAdvancedOptionsExpanded\":false,\"Widgets\":{}}],\"Files to Use For Invoke/File actions.xaml\":[{\"ActivityIdRef\":\"ListStorageFiles_1\",\"IsAdvancedOptionsExpanded\":false,\"Widgets\":{}},{\"ActivityIdRef\":\"ForEach`1_2\",\"IsAdvancedOptionsExpanded\":false,\"Categories\":{\"\":true},\"Widgets\":{\"Body\":{\"ShowExpanded\":true}}},{\"ActivityIdRef\":\"ReadStorageText_2\",\"IsAdvancedOptionsExpanded\":false,\"Widgets\":{}},{\"ActivityIdRef\":\"If_2\",\"IsAdvancedOptionsExpanded\":false,\"Widgets\":{\"Then\":{\"ShowExpanded\":true},\"Else\":{\"ShowExpanded\":true}}},{\"ActivityIdRef\":\"ExistsInCollection`1_2\",\"IsAdvancedOptionsExpanded\":false,\"Categories\":{\"Output\":true},\"Widgets\":{}},{\"ActivityIdRef\":\"AppendItemToCollection`1_2\",\"IsAdvancedOptionsExpanded\":false,\"Categories\":{\"Output\":true},\"Widgets\":{}},{\"ActivityIdRef\":\"If_1\",\"IsAdvancedOptionsExpanded\":false,\"Widgets\":{\"Then\":{\"ShowExpanded\":true},\"Else\":{\"ShowExpanded\":false}}},{\"ActivityIdRef\":\"WriteStorageText_1\",\"IsAdvancedOptionsExpanded\":false,\"Widgets\":{}},{\"ActivityIdRef\":\"RandomString_1\",\"IsAdvancedOptionsExpanded\":false,\"Widgets\":{}},{\"ActivityIdRef\":\"WriteStorageText_2\",\"IsAdvancedOptionsExpanded\":false,\"Widgets\":{}},{\"ActivityIdRef\":\"Throw_1\",\"IsAdvancedOptionsExpanded\":false,\"Widgets\":{}},{\"ActivityIdRef\":\"ReadStorageText_5\",\"IsAdvancedOptionsExpanded\":false,\"Widgets\":{}}],\"Files to Use For Invoke/Orchestrator actions.xaml\":[{\"ActivityIdRef\":\"GetRobotAsset_1\",\"IsAdvancedOptionsExpanded\":false,\"Categories\":{\"Misc\":true,\"Output\":true},\"Widgets\":{}},{\"ActivityIdRef\":\"GetRobotAsset_2\",\"IsAdvancedOptionsExpanded\":false,\"Categories\":{\"Misc\":true,\"Output\":true},\"Widgets\":{}},{\"ActivityIdRef\":\"AddQueueItem_1\",\"IsAdvancedOptionsExpanded\":false,\"Categories\":{\"Input\":true,\"Misc\":true},\"Widgets\":{}},{\"ActivityIdRef\":\"GetQueueItems_1\",\"IsAdvancedOptionsExpanded\":false,\"Categories\":{\"Options\":true,\"Output\":true},\"Widgets\":{}},{\"ActivityIdRef\":\"LogMessage_1\",\"IsAdvancedOptionsExpanded\":false,\"Widgets\":{}},{\"ActivityIdRef\":\"If_1\",\"IsAdvancedOptionsExpanded\":false,\"Widgets\":{\"Then\":{\"ShowExpanded\":true},\"Else\":{\"ShowExpanded\":false}}},{\"ActivityIdRef\":\"ForEach`1_2\",\"IsAdvancedOptionsExpanded\":false,\"Categories\":{\"\":true},\"Widgets\":{\"Body\":{\"ShowExpanded\":true}}},{\"ActivityIdRef\":\"LogMessage_2\",\"IsAdvancedOptionsExpanded\":false,\"Widgets\":{}}],\"Files to Use For Invoke/Errors.xaml\":[{\"ActivityIdRef\":\"LogMessage_1\",\"IsAdvancedOptionsExpanded\":false,\"Widgets\":{}},{\"ActivityIdRef\":\"LogMessage_2\",\"IsAdvancedOptionsExpanded\":false,\"Widgets\":{}},{\"ActivityIdRef\":\"Throw_2\",\"IsAdvancedOptionsExpanded\":false,\"Widgets\":{}},{\"ActivityIdRef\":\"Throw_3\",\"IsAdvancedOptionsExpanded\":false,\"Widgets\":{}},{\"ActivityIdRef\":\"LogMessage_3\",\"IsAdvancedOptionsExpanded\":false,\"Widgets\":{}},{\"ActivityIdRef\":\"Throw_4\",\"IsAdvancedOptionsExpanded\":false,\"Widgets\":{}},{\"ActivityIdRef\":\"Throw_1\",\"IsAdvancedOptionsExpanded\":false,\"Widgets\":{}}],\"Global Handlers/GlobalHandler-Ignore.xaml\":[{\"ActivityIdRef\":\"LogMessage_2\",\"IsAdvancedOptionsExpanded\":false,\"Widgets\":{}},{\"ActivityIdRef\":\"If_1\",\"IsAdvancedOptionsExpanded\":false,\"Widgets\":{\"Then\":{\"ShowExpanded\":true},\"Else\":{\"ShowExpanded\":true}}},{\"ActivityIdRef\":\"LogMessage_1\",\"IsAdvancedOptionsExpanded\":false,\"Widgets\":{}}],\"TestCase.xaml\":[{\"ActivityIdRef\":\"LogMessage_1\",\"IsAdvancedOptionsExpanded\":false,\"Widgets\":{}}]}","Compiler":"2","ProjectSettings":"{\"IncludeSourcesByDefault\":true,\"RemoveUnusedDependencies\":false}"}