{
  "assemblyStates": {
    "DeserializeJSON_91c2.JbK0Y2QbHiF128xv8iYjPT2": {
      "namespace": "UiPath.Web.Activities.ViewModels.SWEntities.DeserializeJSON_91c2a7.Bundle",
      "providerName": "CustomEntities",
      "key": {
        "name": "UiPath.Web.Activities.ViewModels.SWEntities.DeserializeJSON_91c2a7",
        "hash": "MTM0Mjc2Mzg3Nw",
        "assemblyName": "DeserializeJSON_91c2.JbK0Y2QbHiF128xv8iYjPT2"
      }
    },
    "DeserializeJsonJObje.NMAOm2HZ1cR12Kret1Ygku74": {
      "namespace": "UiPath.Web.Activities.ViewModels.SWEntities.DeserializeJsonJObject_36ba6e.Bundle",
      "providerName": "CustomEntities",
      "key": {
        "name": "UiPath.Web.Activities.ViewModels.SWEntities.DeserializeJsonJObject_36ba6e",
        "hash": "LTk3MzM3OTQ0",
        "assemblyName": "DeserializeJsonJObje.NMAOm2HZ1cR12Kret1Ygku74"
      }
    },
    "DeserializeJSON_b800.AbywB22oIHC1kVJ7F1XZYUm": {
      "namespace": "UiPath.Web.Activities.ViewModels.SWEntities.DeserializeJSON_b800c7.Bundle",
      "providerName": "CustomEntities",
      "key": {
        "name": "UiPath.Web.Activities.ViewModels.SWEntities.DeserializeJSON_b800c7",
        "hash": "LTE1MTQ4OTYyNTg",
        "assemblyName": "DeserializeJSON_b800.AbywB22oIHC1kVJ7F1XZYUm"
      }
    },
    "DeserializeJSON_f077.rfe1X28g6ZH154U99kbIMY1": {
      "namespace": "UiPath.Web.Activities.ViewModels.SWEntities.DeserializeJSON_f07783.Bundle",
      "providerName": "CustomEntities",
      "key": {
        "name": "UiPath.Web.Activities.ViewModels.SWEntities.DeserializeJSON_f07783",
        "hash": "MTA2MzMxMDE2Ng",
        "assemblyName": "DeserializeJSON_f077.rfe1X28g6ZH154U99kbIMY1"
      }
    },
    "DeserializeJSON_e2f6.FWJFNGjF3L175zXg17R8U44": {
      "namespace": "UiPath.Web.Activities.ViewModels.SWEntities.DeserializeJSON_e2f642.Bundle",
      "providerName": "CustomEntities",
      "key": {
        "name": "UiPath.Web.Activities.ViewModels.SWEntities.DeserializeJSON_e2f642",
        "hash": "LTM0MzI0NDYwMQ",
        "assemblyName": "DeserializeJSON_e2f6.FWJFNGjF3L175zXg17R8U44"
      }
    },
    "DeserializeJSON_fe21.RwdUm1ItEaI11HhQy1pOWfQ4": {
      "namespace": "UiPath.Web.Activities.ViewModels.SWEntities.DeserializeJSON_fe21e9.Bundle",
      "providerName": "CustomEntities",
      "key": {
        "name": "UiPath.Web.Activities.ViewModels.SWEntities.DeserializeJSON_fe21e9",
        "hash": "LTk0ODUzNTcwMA",
        "assemblyName": "DeserializeJSON_fe21.RwdUm1ItEaI11HhQy1pOWfQ4"
      }
    },
    "DeserializeJSON_05a6.sXXTb4aaEOM1OeArg3VM1vl1": {
      "namespace": "UiPath.Web.Activities.ViewModels.SWEntities.DeserializeJSON_05a6bb.Bundle",
      "providerName": "CustomEntities",
      "key": {
        "name": "UiPath.Web.Activities.ViewModels.SWEntities.DeserializeJSON_05a6bb",
        "hash": "LTE2MDY2NzQyODg",
        "assemblyName": "DeserializeJSON_05a6.sXXTb4aaEOM1OeArg3VM1vl1"
      }
    },
    "DeserializeJSON_1f99.cwJ3KKZX7O12qj292RQmIB2": {
      "namespace": "UiPath.Web.Activities.ViewModels.SWEntities.DeserializeJSON_1f99f3.Bundle",
      "providerName": "CustomEntities",
      "key": {
        "name": "UiPath.Web.Activities.ViewModels.SWEntities.DeserializeJSON_1f99f3",
        "hash": "MTgyODY4NDU3OQ",
        "assemblyName": "DeserializeJSON_1f99.cwJ3KKZX7O12qj292RQmIB2"
      }
    }
  }
}