{
  "assemblyStates": {
    "DeserializeJsonJObje.NMAOm2HZ1cR12Kret1Ygku74": {
      "namespace": "UiPath.Web.Activities.ViewModels.SWEntities.DeserializeJsonJObject_36ba6e.Bundle",
      "providerName": "CustomEntities",
      "key": {
        "name": "UiPath.Web.Activities.ViewModels.SWEntities.DeserializeJsonJObject_36ba6e",
        "hash": "LTk3MzM3OTQ0",
        "assemblyName": "DeserializeJsonJObje.NMAOm2HZ1cR12Kret1Ygku74"
      }
    },
    "DeserializeJSON_acbb.9Yli43XoIHH1WsMp442JijX": {
      "namespace": "UiPath.Web.Activities.ViewModels.SWEntities.DeserializeJSON_acbb7e.Bundle",
      "providerName": "CustomEntities",
      "key": {
        "name": "UiPath.Web.Activities.ViewModels.SWEntities.DeserializeJSON_acbb7e",
        "hash": "NjgxMjU3Njg1",
        "assemblyName": "DeserializeJSON_acbb.9Yli43XoIHH1WsMp442JijX"
      }
    },
    "DeserializeJSON_f077.rfe1X28g6ZH154U99kbIMY1": {
      "namespace": "UiPath.Web.Activities.ViewModels.SWEntities.DeserializeJSON_f07783.Bundle",
      "providerName": "CustomEntities",
      "key": {
        "name": "UiPath.Web.Activities.ViewModels.SWEntities.DeserializeJSON_f07783",
        "hash": "MTA2MzMxMDE2Ng",
        "assemblyName": "DeserializeJSON_f077.rfe1X28g6ZH154U99kbIMY1"
      }
    },
    "DeserializeJSON_e2f6.FWJFNGjF3L175zXg17R8U44": {
      "namespace": "UiPath.Web.Activities.ViewModels.SWEntities.DeserializeJSON_e2f642.Bundle",
      "providerName": "CustomEntities",
      "key": {
        "name": "UiPath.Web.Activities.ViewModels.SWEntities.DeserializeJSON_e2f642",
        "hash": "LTM0MzI0NDYwMQ",
        "assemblyName": "DeserializeJSON_e2f6.FWJFNGjF3L175zXg17R8U44"
      }
    },
    "DeserializeJSON_d55f.6OJlv3HLwEN1IGI8y5mYCA4": {
      "namespace": "UiPath.Web.Activities.ViewModels.SWEntities.DeserializeJSON_d55f38.Bundle",
      "providerName": "CustomEntities",
      "key": {
        "name": "UiPath.Web.Activities.ViewModels.SWEntities.DeserializeJSON_d55f38",
        "hash": "LTI1OTc2NjAz",
        "assemblyName": "DeserializeJSON_d55f.6OJlv3HLwEN1IGI8y5mYCA4"
      }
    },
    "DeserializeJsonJObje.EjlQY3E5uBI1MXoQW3uje9s3": {
      "namespace": "UiPath.Web.Activities.ViewModels.SWEntities.DeserializeJsonJObject_4b71f8.Bundle",
      "providerName": "CustomEntities",
      "key": {
        "name": "UiPath.Web.Activities.ViewModels.SWEntities.DeserializeJsonJObject_4b71f8",
        "hash": "NjI5NTg2Mzk",
        "assemblyName": "DeserializeJsonJObje.EjlQY3E5uBI1MXoQW3uje9s3"
      }
    },
    "DeserializeJSON_6802.knvya4XdDZK1KVWNKARAiL2": {
      "namespace": "UiPath.Web.Activities.ViewModels.SWEntities.DeserializeJSON_680215.Bundle",
      "providerName": "CustomEntities",
      "key": {
        "name": "UiPath.Web.Activities.ViewModels.SWEntities.DeserializeJSON_680215",
        "hash": "LTEwMDQ3NjEzNTM",
        "assemblyName": "DeserializeJSON_6802.knvya4XdDZK1KVWNKARAiL2"
      }
    },
    "DeserializeJSON_05a6.sXXTb4aaEOM1OeArg3VM1vl1": {
      "namespace": "UiPath.Web.Activities.ViewModels.SWEntities.DeserializeJSON_05a6bb.Bundle",
      "providerName": "CustomEntities",
      "key": {
        "name": "UiPath.Web.Activities.ViewModels.SWEntities.DeserializeJSON_05a6bb",
        "hash": "LTE2MDY2NzQyODg",
        "assemblyName": "DeserializeJSON_05a6.sXXTb4aaEOM1OeArg3VM1vl1"
      }
    },
    "DeserializeJSON_1f99.cwJ3KKZX7O12qj292RQmIB2": {
      "namespace": "UiPath.Web.Activities.ViewModels.SWEntities.DeserializeJSON_1f99f3.Bundle",
      "providerName": "CustomEntities",
      "key": {
        "name": "UiPath.Web.Activities.ViewModels.SWEntities.DeserializeJSON_1f99f3",
        "hash": "MTgyODY4NDU3OQ",
        "assemblyName": "DeserializeJSON_1f99.cwJ3KKZX7O12qj292RQmIB2"
      }
    },
    "DeserializeJSON_fe21.RwdUm1ItEaI11HhQy1pOWfQ4": {
      "namespace": "UiPath.Web.Activities.ViewModels.SWEntities.DeserializeJSON_fe21e9.Bundle",
      "providerName": "CustomEntities",
      "key": {
        "name": "UiPath.Web.Activities.ViewModels.SWEntities.DeserializeJSON_fe21e9",
        "hash": "LTk0ODUzNTcwMA",
        "assemblyName": "DeserializeJSON_fe21.RwdUm1ItEaI11HhQy1pOWfQ4"
      }
    },
    "DeserializeJSON_5b9d.cgXEm229uH1IpZvg1U44eK4": {
      "namespace": "UiPath.Web.Activities.ViewModels.SWEntities.DeserializeJSON_5b9d4d.Bundle",
      "providerName": "CustomEntities",
      "key": {
        "name": "UiPath.Web.Activities.ViewModels.SWEntities.DeserializeJSON_5b9d4d",
        "hash": "LTExOTAwMDQ0NTc",
        "assemblyName": "DeserializeJSON_5b9d.cgXEm229uH1IpZvg1U44eK4"
      }
    },
    "DeserializeJSON_6f90.J7h85XF43L1xHWUJ4Q3dAT": {
      "namespace": "UiPath.Web.Activities.ViewModels.SWEntities.DeserializeJSON_6f905f.Bundle",
      "providerName": "CustomEntities",
      "key": {
        "name": "UiPath.Web.Activities.ViewModels.SWEntities.DeserializeJSON_6f905f",
        "hash": "NDM0MTAzNjI3",
        "assemblyName": "DeserializeJSON_6f90.J7h85XF43L1xHWUJ4Q3dAT"
      }
    },
    "DeserializeJSON_5596.W1SPT451EdD1UFDCg4Vgeib1": {
      "namespace": "UiPath.Web.Activities.ViewModels.SWEntities.DeserializeJSON_559682.Bundle",
      "providerName": "CustomEntities",
      "key": {
        "name": "UiPath.Web.Activities.ViewModels.SWEntities.DeserializeJSON_559682",
        "hash": "LTg0NTI4OTU0OA",
        "assemblyName": "DeserializeJSON_5596.W1SPT451EdD1UFDCg4Vgeib1"
      }
    },
    "DeserializeJSON_4767.rNYWwLyfMF1borLx3DwSFg": {
      "namespace": "UiPath.Web.Activities.ViewModels.SWEntities.DeserializeJSON_476748.Bundle",
      "providerName": "CustomEntities",
      "key": {
        "name": "UiPath.Web.Activities.ViewModels.SWEntities.DeserializeJSON_476748",
        "hash": "MTA4Mzc0OTM0",
        "assemblyName": "DeserializeJSON_4767.rNYWwLyfMF1borLx3DwSFg"
      }
    },
    "DeserializeJSON_27a7.sSAGB4jYuOJ1mXeE61bCuGP2": {
      "namespace": "UiPath.Web.Activities.ViewModels.SWEntities.DeserializeJSON_27a77b.Bundle",
      "providerName": "CustomEntities",
      "key": {
        "name": "UiPath.Web.Activities.ViewModels.SWEntities.DeserializeJSON_27a77b",
        "hash": "Njc3NjI3MzYz",
        "assemblyName": "DeserializeJSON_27a7.sSAGB4jYuOJ1mXeE61bCuGP2"
      }
    },
    "DeserializeJSON_1558.FVFP33MhXpD1FS0Lg2Y5W0K4": {
      "namespace": "UiPath.Web.Activities.ViewModels.SWEntities.DeserializeJSON_155834.Bundle",
      "providerName": "CustomEntities",
      "key": {
        "name": "UiPath.Web.Activities.ViewModels.SWEntities.DeserializeJSON_155834",
        "hash": "ODU0NTM4MDQy",
        "assemblyName": "DeserializeJSON_1558.FVFP33MhXpD1FS0Lg2Y5W0K4"
      }
    },
    "DeserializeJSON_b800.AbywB22oIHC1kVJ7F1XZYUm": {
      "namespace": "UiPath.Web.Activities.ViewModels.SWEntities.DeserializeJSON_b800c7.Bundle",
      "providerName": "CustomEntities",
      "key": {
        "name": "UiPath.Web.Activities.ViewModels.SWEntities.DeserializeJSON_b800c7",
        "hash": "LTE1MTQ4OTYyNTg",
        "assemblyName": "DeserializeJSON_b800.AbywB22oIHC1kVJ7F1XZYUm"
      }
    },
    "DeserializeJSON_91c2.JbK0Y2QbHiF128xv8iYjPT2": {
      "namespace": "UiPath.Web.Activities.ViewModels.SWEntities.DeserializeJSON_91c2a7.Bundle",
      "providerName": "CustomEntities",
      "key": {
        "name": "UiPath.Web.Activities.ViewModels.SWEntities.DeserializeJSON_91c2a7",
        "hash": "MTM0Mjc2Mzg3Nw",
        "assemblyName": "DeserializeJSON_91c2.JbK0Y2QbHiF128xv8iYjPT2"
      }
    },
    "DeserializeJSON_c614.HF2PY1Nb4JK14sbQyGpVep2": {
      "namespace": "UiPath.Web.Activities.ViewModels.SWEntities.DeserializeJSON_c6145a.Bundle",
      "providerName": "CustomEntities",
      "key": {
        "name": "UiPath.Web.Activities.ViewModels.SWEntities.DeserializeJSON_c6145a",
        "hash": "MTc5NjMzOTIxOA",
        "assemblyName": "DeserializeJSON_c614.HF2PY1Nb4JK14sbQyGpVep2"
      }
    }
  }
}