{
  "assemblyStates": {
    "C6c4bc33b7c7f4c018bf.wNdoBJErJJ1Hq0GehXiZT3": {
      "namespace": "UiPath.Jira.IntegrationService.Activities.SWEntities.C6c4bc33b7c7f4c018bf3d77768257aaa_salesforceCaseStatus_Customfield14171.Bundle",
      "providerName": "CustomEntities",
      "key": {
        "name": "UiPath.Jira.IntegrationService.Activities.SWEntities.C6c4bc33b7c7f4c018bf3d77768257aaa_salesforceCaseStatus_Customfield14171",
        "hash": "L2d5bmNJSUg0Z2ZDQmJ1ZGZ1WU9jT0FwS0tBSGRvcEMybmFwR3RtaW96d2xianQ4NzhPaXh2OHdXUUYvcjlNcnhjRHF0RXN2K1FDc1E3aGxRbG9ic2c9PQ",
        "assemblyName": "C6c4bc33b7c7f4c018bf.wNdoBJErJJ1Hq0GehXiZT3"
      }
    },
    "C6c4bc33b7c7f4c018bf.zKiHkjeaQP1Q5MLRvnfgH4": {
      "namespace": "UiPath.Jira.IntegrationService.Activities.SWEntities.C6c4bc33b7c7f4c018bf3d77768257aaa_releaseVehicle_Customfield14157.Bundle",
      "providerName": "CustomEntities",
      "key": {
        "name": "UiPath.Jira.IntegrationService.Activities.SWEntities.C6c4bc33b7c7f4c018bf3d77768257aaa_releaseVehicle_Customfield14157",
        "hash": "MXhQZkJMNkhHUGNUZ0tscHZKNEN5amIvNmU3N3duQnR5VUdrS2VHbCtFR0FZNjZqTmtBSDhSVVBGWkdscFZYYVhLSm9FNFZ0QzAyL1lEVUxXYW5DYlE9PQ",
        "assemblyName": "C6c4bc33b7c7f4c018bf.zKiHkjeaQP1Q5MLRvnfgH4"
      }
    }
  }
}