{
  "exportedBy": null,
  "bundleHash": null,
  "version": "1.0.0.0",
  "jitAssemblyCompilerCommands": [
    {
      "providerName": "CustomEntities",
      "bundleOptions": {
        "hash": "-97337944",
        "bundleName": "DeserializeJsonJObject_36ba6e",
        "entitiesBundle": {
          "Types": {
            "DeserializeJsonJObject_36ba6e": {
              "name": "DeserializeJsonJObject_36ba6e",
              "properties": [
                {
                  "name": "object1",
                  "type": {
                    "definitionName": "object1"
                  }
                }
              ],
              "baseType": null
            },
            "object1": {
              "name": "object1",
              "properties": [
                {
                  "name": "Name",
                  "type": {
                    "ClrType": "System.String, System.Private.CoreLib"
                  }
                }
              ],
              "baseType": null
            }
          },
          "version": 1
        }
      },
      "entityAssemblyKey": {
        "name": "UiPath.Web.Activities.ViewModels.SWEntities.DeserializeJsonJObject_36ba6e",
        "hash": "LTk3MzM3OTQ0",
        "assemblyName": "DeserializeJsonJObje.NMAOm2HZ1cR12Kret1Ygku74"
      }
    },
    {
      "providerName": "CustomEntities",
      "bundleOptions": {
        "hash": "1063310166",
        "bundleName": "DeserializeJSON_f07783",
        "entitiesBundle": {
          "Types": {
            "DeserializeJSON_f07783": {
              "name": "DeserializeJSON_f07783",
              "properties": [
                {
                  "name": "object1",
                  "type": {
                    "definitionName": "object1"
                  }
                }
              ],
              "baseType": null
            },
            "object1": {
              "name": "object1",
              "properties": [
                {
                  "name": "Person",
                  "type": {
                    "definitionName": "Person"
                  }
                }
              ],
              "baseType": null
            },
            "Person": {
              "name": "Person",
              "properties": [
                {
                  "name": "Name",
                  "type": {
                    "ClrType": "System.String, System.Private.CoreLib"
                  }
                }
              ],
              "baseType": null
            }
          },
          "version": 1
        }
      },
      "entityAssemblyKey": {
        "name": "UiPath.Web.Activities.ViewModels.SWEntities.DeserializeJSON_f07783",
        "hash": "MTA2MzMxMDE2Ng",
        "assemblyName": "DeserializeJSON_f077.rfe1X28g6ZH154U99kbIMY1"
      }
    },
    {
      "providerName": "CustomEntities",
      "bundleOptions": {
        "hash": "-343244601",
        "bundleName": "DeserializeJSON_e2f642",
        "entitiesBundle": {
          "Types": {
            "DeserializeJSON_e2f642": {
              "name": "DeserializeJSON_e2f642",
              "properties": [
                {
                  "name": "object1",
                  "type": {
                    "definitionName": "object1"
                  }
                },
                {
                  "name": "object2",
                  "type": {
                    "definitionName": "object2"
                  }
                }
              ],
              "baseType": null
            },
            "object1": {
              "name": "object1",
              "properties": [
                {
                  "name": "Person",
                  "type": {
                    "definitionName": "Person"
                  }
                }
              ],
              "baseType": null
            },
            "Person": {
              "name": "Person",
              "properties": [
                {
                  "name": "Name",
                  "type": {
                    "ClrType": "System.String, System.Private.CoreLib"
                  }
                },
                {
                  "name": "Nume",
                  "type": {
                    "ClrType": "System.Nullable`1[[System.Int32, System.Private.CoreLib]], System.Private.CoreLib"
                  }
                }
              ],
              "baseType": null
            },
            "object2": {
              "name": "object2",
              "properties": [
                {
                  "name": "Person",
                  "type": {
                    "definitionName": "Person"
                  }
                }
              ],
              "baseType": null
            }
          },
          "version": 1
        }
      },
      "entityAssemblyKey": {
        "name": "UiPath.Web.Activities.ViewModels.SWEntities.DeserializeJSON_e2f642",
        "hash": "LTM0MzI0NDYwMQ",
        "assemblyName": "DeserializeJSON_e2f6.FWJFNGjF3L175zXg17R8U44"
      }
    },
    {
      "providerName": "CustomEntities",
      "bundleOptions": {
        "hash": "-1514896258",
        "bundleName": "DeserializeJSON_b800c7",
        "entitiesBundle": {
          "Types": {
            "DeserializeJSON_b800c7": {
              "name": "DeserializeJSON_b800c7",
              "properties": [
                {
                  "name": "object1",
                  "type": {
                    "definitionName": "object1"
                  }
                },
                {
                  "name": "object2",
                  "type": {
                    "definitionName": "object2"
                  }
                },
                {
                  "name": "test",
                  "type": {
                    "ClrType": "System.Nullable`1[[System.Int32, System.Private.CoreLib]], System.Private.CoreLib"
                  }
                }
              ],
              "baseType": null
            },
            "object1": {
              "name": "object1",
              "properties": [
                {
                  "name": "Person",
                  "type": {
                    "definitionName": "Person"
                  }
                }
              ],
              "baseType": null
            },
            "Person": {
              "name": "Person",
              "properties": [
                {
                  "name": "Name",
                  "type": {
                    "ClrType": "System.String, System.Private.CoreLib"
                  }
                },
                {
                  "name": "Nume",
                  "type": {
                    "ClrType": "System.Nullable`1[[System.Int32, System.Private.CoreLib]], System.Private.CoreLib"
                  }
                }
              ],
              "baseType": null
            },
            "object2": {
              "name": "object2",
              "properties": [
                {
                  "name": "Person",
                  "type": {
                    "definitionName": "Person"
                  }
                }
              ],
              "baseType": null
            }
          },
          "version": 1
        }
      },
      "entityAssemblyKey": {
        "name": "UiPath.Web.Activities.ViewModels.SWEntities.DeserializeJSON_b800c7",
        "hash": "LTE1MTQ4OTYyNTg",
        "assemblyName": "DeserializeJSON_b800.AbywB22oIHC1kVJ7F1XZYUm"
      }
    },
    {
      "providerName": "CustomEntities",
      "bundleOptions": {
        "hash": "-1606674288",
        "bundleName": "DeserializeJSON_05a6bb",
        "entitiesBundle": {
          "Types": {
            "DeserializeJSON_05a6bb": {
              "name": "DeserializeJSON_05a6bb",
              "properties": [
                {
                  "name": "object1",
                  "type": {
                    "definitionName": "object1"
                  }
                },
                {
                  "name": "object2",
                  "type": {
                    "definitionName": "object2"
                  }
                }
              ],
              "baseType": null
            },
            "object1": {
              "name": "object1",
              "properties": [
                {
                  "name": "Person",
                  "type": {
                    "definitionName": "Person"
                  }
                }
              ],
              "baseType": null
            },
            "Person": {
              "name": "Person",
              "properties": [
                {
                  "name": "Name",
                  "type": {
                    "ClrType": "System.String, System.Private.CoreLib"
                  }
                },
                {
                  "name": "Nume",
                  "type": {
                    "ClrType": "System.Nullable`1[[System.Int32, System.Private.CoreLib]], System.Private.CoreLib"
                  }
                }
              ],
              "baseType": null
            },
            "object2": {
              "name": "object2",
              "properties": [
                {
                  "name": "Person",
                  "type": {
                    "definitionName": "Person"
                  }
                }
              ],
              "baseType": null
            }
          },
          "version": 1
        }
      },
      "entityAssemblyKey": {
        "name": "UiPath.Web.Activities.ViewModels.SWEntities.DeserializeJSON_05a6bb",
        "hash": "LTE2MDY2NzQyODg",
        "assemblyName": "DeserializeJSON_05a6.sXXTb4aaEOM1OeArg3VM1vl1"
      }
    },
    {
      "providerName": "CustomEntities",
      "bundleOptions": {
        "hash": "1342763877",
        "bundleName": "DeserializeJSON_91c2a7",
        "entitiesBundle": {
          "Types": {
            "DeserializeJSON_91c2a7": {
              "name": "DeserializeJSON_91c2a7",
              "properties": [
                {
                  "name": "object1",
                  "type": {
                    "definitionName": "object1"
                  }
                },
                {
                  "name": "object2",
                  "type": {
                    "definitionName": "object2"
                  }
                }
              ],
              "baseType": null
            },
            "object1": {
              "name": "object1",
              "properties": [
                {
                  "name": "Person",
                  "type": {
                    "definitionName": "Person"
                  }
                }
              ],
              "baseType": null
            },
            "Person": {
              "name": "Person",
              "properties": [
                {
                  "name": "Name",
                  "type": {
                    "ClrType": "System.String, System.Private.CoreLib"
                  }
                },
                {
                  "name": "Nume",
                  "type": {
                    "ClrType": "System.Nullable`1[[System.Int32, System.Private.CoreLib]], System.Private.CoreLib"
                  }
                }
              ],
              "baseType": null
            },
            "object2": {
              "name": "object2",
              "properties": [
                {
                  "name": "Person",
                  "type": {
                    "definitionName": "Person"
                  }
                }
              ],
              "baseType": null
            }
          },
          "version": 1
        }
      },
      "entityAssemblyKey": {
        "name": "UiPath.Web.Activities.ViewModels.SWEntities.DeserializeJSON_91c2a7",
        "hash": "MTM0Mjc2Mzg3Nw",
        "assemblyName": "DeserializeJSON_91c2.JbK0Y2QbHiF128xv8iYjPT2"
      }
    },
    {
      "providerName": "CustomEntities",
      "bundleOptions": {
        "hash": "-948535700",
        "bundleName": "DeserializeJSON_fe21e9",
        "entitiesBundle": {
          "Types": {
            "DeserializeJSON_fe21e9": {
              "name": "DeserializeJSON_fe21e9",
              "properties": [
                {
                  "name": "object1",
                  "type": {
                    "definitionName": "object1"
                  }
                }
              ],
              "baseType": null
            },
            "object1": {
              "name": "object1",
              "properties": [
                {
                  "name": "Person",
                  "type": {
                    "definitionName": "Person"
                  }
                }
              ],
              "baseType": null
            },
            "Person": {
              "name": "Person",
              "properties": [
                {
                  "name": "Name",
                  "type": {
                    "ClrType": "System.String, System.Private.CoreLib"
                  }
                }
              ],
              "baseType": null
            }
          },
          "version": 1
        }
      },
      "entityAssemblyKey": {
        "name": "UiPath.Web.Activities.ViewModels.SWEntities.DeserializeJSON_fe21e9",
        "hash": "LTk0ODUzNTcwMA",
        "assemblyName": "DeserializeJSON_fe21.RwdUm1ItEaI11HhQy1pOWfQ4"
      }
    },
    {
      "providerName": "CustomEntities",
      "bundleOptions": {
        "hash": "1828684579",
        "bundleName": "DeserializeJSON_1f99f3",
        "entitiesBundle": {
          "Types": {
            "DeserializeJSON_1f99f3": {
              "name": "DeserializeJSON_1f99f3",
              "properties": [
                {
                  "name": "object1",
                  "type": {
                    "definitionName": "object1"
                  }
                }
              ],
              "baseType": null
            },
            "object1": {
              "name": "object1",
              "properties": [
                {
                  "name": "Person",
                  "type": {
                    "definitionName": "Person"
                  }
                }
              ],
              "baseType": null
            },
            "Person": {
              "name": "Person",
              "properties": [
                {
                  "name": "Name",
                  "type": {
                    "ClrType": "System.String, System.Private.CoreLib"
                  }
                }
              ],
              "baseType": null
            }
          },
          "version": 1
        }
      },
      "entityAssemblyKey": {
        "name": "UiPath.Web.Activities.ViewModels.SWEntities.DeserializeJSON_1f99f3",
        "hash": "MTgyODY4NDU3OQ",
        "assemblyName": "DeserializeJSON_1f99.cwJ3KKZX7O12qj292RQmIB2"
      }
    },
    {
      "providerName": "CustomEntities",
      "bundleOptions": {
        "hash": "-25976603",
        "bundleName": "DeserializeJSON_d55f38",
        "entitiesBundle": {
          "Types": {
            "DeserializeJSON_d55f38": {
              "name": "DeserializeJSON_d55f38",
              "properties": [
                {
                  "name": "object1",
                  "type": {
                    "definitionName": "object1"
                  }
                },
                {
                  "name": "test",
                  "type": {
                    "ClrType": "System.Nullable`1[[System.Int32, System.Private.CoreLib]], System.Private.CoreLib"
                  }
                }
              ],
              "baseType": null
            },
            "object1": {
              "name": "object1",
              "properties": [
                {
                  "name": "Person",
                  "type": {
                    "definitionName": "Person"
                  }
                }
              ],
              "baseType": null
            },
            "Person": {
              "name": "Person",
              "properties": [
                {
                  "name": "Name",
                  "type": {
                    "ClrType": "System.String, System.Private.CoreLib"
                  }
                }
              ],
              "baseType": null
            }
          },
          "version": 1
        }
      },
      "entityAssemblyKey": {
        "name": "UiPath.Web.Activities.ViewModels.SWEntities.DeserializeJSON_d55f38",
        "hash": "LTI1OTc2NjAz",
        "assemblyName": "DeserializeJSON_d55f.6OJlv3HLwEN1IGI8y5mYCA4"
      }
    },
    {
      "providerName": "CustomEntities",
      "bundleOptions": {
        "hash": "677627363",
        "bundleName": "DeserializeJSON_27a77b",
        "entitiesBundle": {
          "Types": {
            "DeserializeJSON_27a77b": {
              "name": "DeserializeJSON_27a77b",
              "properties": [
                {
                  "name": "object1",
                  "type": {
                    "definitionName": "object1"
                  }
                },
                {
                  "name": "object2",
                  "type": {
                    "definitionName": "object2"
                  }
                }
              ],
              "baseType": null
            },
            "object1": {
              "name": "object1",
              "properties": [
                {
                  "name": "Person",
                  "type": {
                    "definitionName": "Person"
                  }
                }
              ],
              "baseType": null
            },
            "Person": {
              "name": "Person",
              "properties": [
                {
                  "name": "Name",
                  "type": {
                    "ClrType": "System.String, System.Private.CoreLib"
                  }
                },
                {
                  "name": "Nume",
                  "type": {
                    "ClrType": "System.Nullable`1[[System.Int32, System.Private.CoreLib]], System.Private.CoreLib"
                  }
                }
              ],
              "baseType": null
            },
            "object2": {
              "name": "object2",
              "properties": [
                {
                  "name": "Person",
                  "type": {
                    "definitionName": "Person"
                  }
                }
              ],
              "baseType": null
            }
          },
          "version": 1
        }
      },
      "entityAssemblyKey": {
        "name": "UiPath.Web.Activities.ViewModels.SWEntities.DeserializeJSON_27a77b",
        "hash": "Njc3NjI3MzYz",
        "assemblyName": "DeserializeJSON_27a7.sSAGB4jYuOJ1mXeE61bCuGP2"
      }
    },
    {
      "providerName": "CustomEntities",
      "bundleOptions": {
        "hash": "-1004761353",
        "bundleName": "DeserializeJSON_680215",
        "entitiesBundle": {
          "Types": {
            "DeserializeJSON_680215": {
              "name": "DeserializeJSON_680215",
              "properties": [
                {
                  "name": "object1",
                  "type": {
                    "definitionName": "object1"
                  }
                },
                {
                  "name": "object2",
                  "type": {
                    "definitionName": "object2"
                  }
                },
                {
                  "name": "test",
                  "type": {
                    "ClrType": "System.Nullable`1[[System.Int32, System.Private.CoreLib]], System.Private.CoreLib"
                  }
                }
              ],
              "baseType": null
            },
            "object1": {
              "name": "object1",
              "properties": [
                {
                  "name": "Person",
                  "type": {
                    "definitionName": "Person"
                  }
                }
              ],
              "baseType": null
            },
            "Person": {
              "name": "Person",
              "properties": [
                {
                  "name": "Name",
                  "type": {
                    "ClrType": "System.String, System.Private.CoreLib"
                  }
                },
                {
                  "name": "Nume",
                  "type": {
                    "ClrType": "System.Nullable`1[[System.Int32, System.Private.CoreLib]], System.Private.CoreLib"
                  }
                }
              ],
              "baseType": null
            },
            "object2": {
              "name": "object2",
              "properties": [
                {
                  "name": "Person",
                  "type": {
                    "definitionName": "Person"
                  }
                }
              ],
              "baseType": null
            }
          },
          "version": 1
        }
      },
      "entityAssemblyKey": {
        "name": "UiPath.Web.Activities.ViewModels.SWEntities.DeserializeJSON_680215",
        "hash": "LTEwMDQ3NjEzNTM",
        "assemblyName": "DeserializeJSON_6802.knvya4XdDZK1KVWNKARAiL2"
      }
    },
    {
      "providerName": "CustomEntities",
      "bundleOptions": {
        "hash": "-1190004457",
        "bundleName": "DeserializeJSON_5b9d4d",
        "entitiesBundle": {
          "Types": {
            "DeserializeJSON_5b9d4d": {
              "name": "DeserializeJSON_5b9d4d",
              "properties": [
                {
                  "name": "object1",
                  "type": {
                    "definitionName": "object1"
                  }
                },
                {
                  "name": "object2",
                  "type": {
                    "definitionName": "object2"
                  }
                },
                {
                  "name": "test",
                  "type": {
                    "ClrType": "System.Nullable`1[[System.Int32, System.Private.CoreLib]], System.Private.CoreLib"
                  }
                }
              ],
              "baseType": null
            },
            "object1": {
              "name": "object1",
              "properties": [
                {
                  "name": "Person",
                  "type": {
                    "definitionName": "Person"
                  }
                }
              ],
              "baseType": null
            },
            "Person": {
              "name": "Person",
              "properties": [
                {
                  "name": "Name",
                  "type": {
                    "ClrType": "System.String, System.Private.CoreLib"
                  }
                },
                {
                  "name": "Nume",
                  "type": {
                    "ClrType": "System.Nullable`1[[System.Int32, System.Private.CoreLib]], System.Private.CoreLib"
                  }
                }
              ],
              "baseType": null
            },
            "object2": {
              "name": "object2",
              "properties": [
                {
                  "name": "Person",
                  "type": {
                    "definitionName": "Person"
                  }
                }
              ],
              "baseType": null
            }
          },
          "version": 1
        }
      },
      "entityAssemblyKey": {
        "name": "UiPath.Web.Activities.ViewModels.SWEntities.DeserializeJSON_5b9d4d",
        "hash": "LTExOTAwMDQ0NTc",
        "assemblyName": "DeserializeJSON_5b9d.cgXEm229uH1IpZvg1U44eK4"
      }
    },
    {
      "providerName": "CustomEntities",
      "bundleOptions": {
        "hash": "854538042",
        "bundleName": "DeserializeJSON_155834",
        "entitiesBundle": {
          "Types": {
            "DeserializeJSON_155834": {
              "name": "DeserializeJSON_155834",
              "properties": [
                {
                  "name": "object1",
                  "type": {
                    "definitionName": "object1"
                  }
                },
                {
                  "name": "object2",
                  "type": {
                    "definitionName": "object2"
                  }
                }
              ],
              "baseType": null
            },
            "object1": {
              "name": "object1",
              "properties": [
                {
                  "name": "Person",
                  "type": {
                    "definitionName": "Person"
                  }
                }
              ],
              "baseType": null
            },
            "Person": {
              "name": "Person",
              "properties": [
                {
                  "name": "Name",
                  "type": {
                    "ClrType": "System.String, System.Private.CoreLib"
                  }
                },
                {
                  "name": "Nume",
                  "type": {
                    "ClrType": "System.Nullable`1[[System.Int32, System.Private.CoreLib]], System.Private.CoreLib"
                  }
                }
              ],
              "baseType": null
            },
            "object2": {
              "name": "object2",
              "properties": [
                {
                  "name": "Person",
                  "type": {
                    "definitionName": "Person"
                  }
                }
              ],
              "baseType": null
            }
          },
          "version": 1
        }
      },
      "entityAssemblyKey": {
        "name": "UiPath.Web.Activities.ViewModels.SWEntities.DeserializeJSON_155834",
        "hash": "ODU0NTM4MDQy",
        "assemblyName": "DeserializeJSON_1558.FVFP33MhXpD1FS0Lg2Y5W0K4"
      }
    },
    {
      "providerName": "CustomEntities",
      "bundleOptions": {
        "hash": "62958639",
        "bundleName": "DeserializeJsonJObject_4b71f8",
        "entitiesBundle": {
          "Types": {
            "DeserializeJsonJObject_4b71f8": {
              "name": "DeserializeJsonJObject_4b71f8",
              "properties": [
                {
                  "name": "object1",
                  "type": {
                    "definitionName": "object1"
                  }
                },
                {
                  "name": "object2",
                  "type": {
                    "definitionName": "object2"
                  }
                }
              ],
              "baseType": null
            },
            "object1": {
              "name": "object1",
              "properties": [
                {
                  "name": "Person",
                  "type": {
                    "definitionName": "Person"
                  }
                }
              ],
              "baseType": null
            },
            "Person": {
              "name": "Person",
              "properties": [
                {
                  "name": "Name",
                  "type": {
                    "ClrType": "System.String, System.Private.CoreLib"
                  }
                },
                {
                  "name": "Nume",
                  "type": {
                    "ClrType": "System.Nullable`1[[System.Int32, System.Private.CoreLib]], System.Private.CoreLib"
                  }
                }
              ],
              "baseType": null
            },
            "object2": {
              "name": "object2",
              "properties": [
                {
                  "name": "Person",
                  "type": {
                    "definitionName": "Person"
                  }
                }
              ],
              "baseType": null
            }
          },
          "version": 1
        }
      },
      "entityAssemblyKey": {
        "name": "UiPath.Web.Activities.ViewModels.SWEntities.DeserializeJsonJObject_4b71f8",
        "hash": "NjI5NTg2Mzk",
        "assemblyName": "DeserializeJsonJObje.EjlQY3E5uBI1MXoQW3uje9s3"
      }
    },
    {
      "providerName": "CustomEntities",
      "bundleOptions": {
        "hash": "108374934",
        "bundleName": "DeserializeJSON_476748",
        "entitiesBundle": {
          "Types": {
            "DeserializeJSON_476748": {
              "name": "DeserializeJSON_476748",
              "properties": [
                {
                  "name": "object1",
                  "type": {
                    "definitionName": "object1"
                  }
                },
                {
                  "name": "object2",
                  "type": {
                    "definitionName": "object2"
                  }
                },
                {
                  "name": "test",
                  "type": {
                    "ClrType": "System.Nullable`1[[System.Int32, System.Private.CoreLib]], System.Private.CoreLib"
                  }
                }
              ],
              "baseType": null
            },
            "object1": {
              "name": "object1",
              "properties": [
                {
                  "name": "Person",
                  "type": {
                    "definitionName": "Person"
                  }
                }
              ],
              "baseType": null
            },
            "Person": {
              "name": "Person",
              "properties": [
                {
                  "name": "Name",
                  "type": {
                    "ClrType": "System.String, System.Private.CoreLib"
                  }
                },
                {
                  "name": "Nume",
                  "type": {
                    "ClrType": "System.Nullable`1[[System.Int32, System.Private.CoreLib]], System.Private.CoreLib"
                  }
                }
              ],
              "baseType": null
            },
            "object2": {
              "name": "object2",
              "properties": [
                {
                  "name": "Person",
                  "type": {
                    "definitionName": "Person"
                  }
                }
              ],
              "baseType": null
            }
          },
          "version": 1
        }
      },
      "entityAssemblyKey": {
        "name": "UiPath.Web.Activities.ViewModels.SWEntities.DeserializeJSON_476748",
        "hash": "MTA4Mzc0OTM0",
        "assemblyName": "DeserializeJSON_4767.rNYWwLyfMF1borLx3DwSFg"
      }
    },
    {
      "providerName": "CustomEntities",
      "bundleOptions": {
        "hash": "-845289548",
        "bundleName": "DeserializeJSON_559682",
        "entitiesBundle": {
          "Types": {
            "DeserializeJSON_559682": {
              "name": "DeserializeJSON_559682",
              "properties": [
                {
                  "name": "object1",
                  "type": {
                    "definitionName": "object1"
                  }
                },
                {
                  "name": "object2",
                  "type": {
                    "definitionName": "object2"
                  }
                }
              ],
              "baseType": null
            },
            "object1": {
              "name": "object1",
              "properties": [
                {
                  "name": "Person",
                  "type": {
                    "definitionName": "Person"
                  }
                }
              ],
              "baseType": null
            },
            "Person": {
              "name": "Person",
              "properties": [
                {
                  "name": "Name",
                  "type": {
                    "ClrType": "System.String, System.Private.CoreLib"
                  }
                },
                {
                  "name": "Nume",
                  "type": {
                    "ClrType": "System.Nullable`1[[System.Int32, System.Private.CoreLib]], System.Private.CoreLib"
                  }
                }
              ],
              "baseType": null
            },
            "object2": {
              "name": "object2",
              "properties": [
                {
                  "name": "Person",
                  "type": {
                    "definitionName": "Person"
                  }
                }
              ],
              "baseType": null
            }
          },
          "version": 1
        }
      },
      "entityAssemblyKey": {
        "name": "UiPath.Web.Activities.ViewModels.SWEntities.DeserializeJSON_559682",
        "hash": "LTg0NTI4OTU0OA",
        "assemblyName": "DeserializeJSON_5596.W1SPT451EdD1UFDCg4Vgeib1"
      }
    },
    {
      "providerName": "CustomEntities",
      "bundleOptions": {
        "hash": "434103627",
        "bundleName": "DeserializeJSON_6f905f",
        "entitiesBundle": {
          "Types": {
            "DeserializeJSON_6f905f": {
              "name": "DeserializeJSON_6f905f",
              "properties": [
                {
                  "name": "object1",
                  "type": {
                    "definitionName": "object1"
                  }
                },
                {
                  "name": "object2",
                  "type": {
                    "definitionName": "object2"
                  }
                }
              ],
              "baseType": null
            },
            "object1": {
              "name": "object1",
              "properties": [
                {
                  "name": "Person",
                  "type": {
                    "definitionName": "Person"
                  }
                }
              ],
              "baseType": null
            },
            "Person": {
              "name": "Person",
              "properties": [
                {
                  "name": "Name",
                  "type": {
                    "ClrType": "System.String, System.Private.CoreLib"
                  }
                },
                {
                  "name": "Nume",
                  "type": {
                    "ClrType": "System.Nullable`1[[System.Int32, System.Private.CoreLib]], System.Private.CoreLib"
                  }
                }
              ],
              "baseType": null
            },
            "object2": {
              "name": "object2",
              "properties": [
                {
                  "name": "Person",
                  "type": {
                    "definitionName": "Person"
                  }
                }
              ],
              "baseType": null
            }
          },
          "version": 1
        }
      },
      "entityAssemblyKey": {
        "name": "UiPath.Web.Activities.ViewModels.SWEntities.DeserializeJSON_6f905f",
        "hash": "NDM0MTAzNjI3",
        "assemblyName": "DeserializeJSON_6f90.J7h85XF43L1xHWUJ4Q3dAT"
      }
    },
    {
      "providerName": "CustomEntities",
      "bundleOptions": {
        "hash": "681257685",
        "bundleName": "DeserializeJSON_acbb7e",
        "entitiesBundle": {
          "Types": {
            "DeserializeJSON_acbb7e": {
              "name": "DeserializeJSON_acbb7e",
              "properties": [
                {
                  "name": "object1",
                  "type": {
                    "definitionName": "object1"
                  }
                },
                {
                  "name": "object2",
                  "type": {
                    "definitionName": "object2"
                  }
                }
              ],
              "baseType": null
            },
            "object1": {
              "name": "object1",
              "properties": [
                {
                  "name": "Person",
                  "type": {
                    "definitionName": "Person"
                  }
                }
              ],
              "baseType": null
            },
            "Person": {
              "name": "Person",
              "properties": [
                {
                  "name": "Name",
                  "type": {
                    "ClrType": "System.String, System.Private.CoreLib"
                  }
                },
                {
                  "name": "Nume",
                  "type": {
                    "ClrType": "System.Nullable`1[[System.Int32, System.Private.CoreLib]], System.Private.CoreLib"
                  }
                }
              ],
              "baseType": null
            },
            "object2": {
              "name": "object2",
              "properties": [
                {
                  "name": "Person",
                  "type": {
                    "definitionName": "Person"
                  }
                }
              ],
              "baseType": null
            }
          },
          "version": 1
        }
      },
      "entityAssemblyKey": {
        "name": "UiPath.Web.Activities.ViewModels.SWEntities.DeserializeJSON_acbb7e",
        "hash": "NjgxMjU3Njg1",
        "assemblyName": "DeserializeJSON_acbb.9Yli43XoIHH1WsMp442JijX"
      }
    },
    {
      "providerName": "CustomEntities",
      "bundleOptions": {
        "hash": "1796339218",
        "bundleName": "DeserializeJSON_c6145a",
        "entitiesBundle": {
          "Types": {
            "DeserializeJSON_c6145a": {
              "name": "DeserializeJSON_c6145a",
              "properties": [
                {
                  "name": "object1",
                  "type": {
                    "definitionName": "object1"
                  }
                },
                {
                  "name": "object2",
                  "type": {
                    "definitionName": "object2"
                  }
                }
              ],
              "baseType": null
            },
            "object1": {
              "name": "object1",
              "properties": [
                {
                  "name": "Person",
                  "type": {
                    "definitionName": "Person"
                  }
                }
              ],
              "baseType": null
            },
            "Person": {
              "name": "Person",
              "properties": [
                {
                  "name": "Name",
                  "type": {
                    "ClrType": "System.String, System.Private.CoreLib"
                  }
                },
                {
                  "name": "Nume",
                  "type": {
                    "ClrType": "System.Nullable`1[[System.Int32, System.Private.CoreLib]], System.Private.CoreLib"
                  }
                },
                {
                  "name": "Varsta",
                  "type": {
                    "ClrType": "System.Nullable`1[[System.Int32, System.Private.CoreLib]], System.Private.CoreLib"
                  }
                }
              ],
              "baseType": null
            },
            "object2": {
              "name": "object2",
              "properties": [
                {
                  "name": "Person",
                  "type": {
                    "definitionName": "Person"
                  }
                }
              ],
              "baseType": null
            }
          },
          "version": 1
        }
      },
      "entityAssemblyKey": {
        "name": "UiPath.Web.Activities.ViewModels.SWEntities.DeserializeJSON_c6145a",
        "hash": "MTc5NjMzOTIxOA",
        "assemblyName": "DeserializeJSON_c614.HF2PY1Nb4JK14sbQyGpVep2"
      }
    },
    {
      "providerName": "CustomEntities",
      "bundleOptions": {
        "hash": "-881461459",
        "bundleName": "DeserializeJSON_b3d856",
        "entitiesBundle": {
          "Types": {
            "DeserializeJSON_b3d856": {
              "name": "DeserializeJSON_b3d856",
              "properties": [
                {
                  "name": "object1",
                  "type": {
                    "definitionName": "object1"
                  }
                },
                {
                  "name": "object2",
                  "type": {
                    "definitionName": "object2"
                  }
                }
              ],
              "baseType": null
            },
            "object1": {
              "name": "object1",
              "properties": [
                {
                  "name": "Person",
                  "type": {
                    "definitionName": "Person"
                  }
                }
              ],
              "baseType": null
            },
            "Person": {
              "name": "Person",
              "properties": [
                {
                  "name": "Name",
                  "type": {
                    "ClrType": "System.String, System.Private.CoreLib"
                  }
                },
                {
                  "name": "Nume",
                  "type": {
                    "ClrType": "System.Nullable`1[[System.Int32, System.Private.CoreLib]], System.Private.CoreLib"
                  }
                },
                {
                  "name": "varsta",
                  "type": {
                    "ClrType": "System.Nullable`1[[System.Int32, System.Private.CoreLib]], System.Private.CoreLib"
                  }
                }
              ],
              "baseType": null
            },
            "object2": {
              "name": "object2",
              "properties": [
                {
                  "name": "Person",
                  "type": {
                    "definitionName": "Person"
                  }
                }
              ],
              "baseType": null
            }
          },
          "version": 1
        }
      },
      "entityAssemblyKey": {
        "name": "UiPath.Web.Activities.ViewModels.SWEntities.DeserializeJSON_b3d856",
        "hash": "LTg4MTQ2MTQ1OQ",
        "assemblyName": "DeserializeJSON_b3d8.eRVVq3wOd1D1hSBzA1HNlp23"
      }
    },
    {
      "providerName": "CustomEntities",
      "bundleOptions": {
        "hash": "-33441031",
        "bundleName": "DeserializeJSON_672670",
        "entitiesBundle": {
          "Types": {
            "DeserializeJSON_672670": {
              "name": "DeserializeJSON_672670",
              "properties": [
                {
                  "name": "object1",
                  "type": {
                    "definitionName": "object1"
                  }
                },
                {
                  "name": "test",
                  "type": {
                    "ClrType": "System.Nullable`1[[System.Int32, System.Private.CoreLib]], System.Private.CoreLib"
                  }
                }
              ],
              "baseType": null
            },
            "object1": {
              "name": "object1",
              "properties": [
                {
                  "name": "Person",
                  "type": {
                    "definitionName": "Person"
                  }
                }
              ],
              "baseType": null
            },
            "Person": {
              "name": "Person",
              "properties": [
                {
                  "name": "Name",
                  "type": {
                    "ClrType": "System.String, System.Private.CoreLib"
                  }
                },
                {
                  "name": "varsta",
                  "type": {
                    "ClrType": "System.Nullable`1[[System.Int32, System.Private.CoreLib]], System.Private.CoreLib"
                  }
                }
              ],
              "baseType": null
            }
          },
          "version": 1
        }
      },
      "entityAssemblyKey": {
        "name": "UiPath.Web.Activities.ViewModels.SWEntities.DeserializeJSON_672670",
        "hash": "LTMzNDQxMDMx",
        "assemblyName": "DeserializeJSON_6726.UYwXX3YJWxQ1HmlG54jZx5U4"
      }
    },
    {
      "providerName": "CustomEntities",
      "bundleOptions": {
        "hash": "-1367335793",
        "bundleName": "DeserializeJSON_b76e8e",
        "entitiesBundle": {
          "Types": {
            "DeserializeJSON_b76e8e": {
              "name": "DeserializeJSON_b76e8e",
              "properties": [
                {
                  "name": "object1",
                  "type": {
                    "definitionName": "object1"
                  }
                },
                {
                  "name": "test",
                  "type": {
                    "ClrType": "System.Nullable`1[[System.Int32, System.Private.CoreLib]], System.Private.CoreLib"
                  }
                }
              ],
              "baseType": null
            },
            "object1": {
              "name": "object1",
              "properties": [
                {
                  "name": "Person",
                  "type": {
                    "definitionName": "Person"
                  }
                }
              ],
              "baseType": null
            },
            "Person": {
              "name": "Person",
              "properties": [
                {
                  "name": "Name",
                  "type": {
                    "ClrType": "System.String, System.Private.CoreLib"
                  }
                }
              ],
              "baseType": null
            }
          },
          "version": 1
        }
      },
      "entityAssemblyKey": {
        "name": "UiPath.Web.Activities.ViewModels.SWEntities.DeserializeJSON_b76e8e",
        "hash": "LTEzNjczMzU3OTM",
        "assemblyName": "DeserializeJSON_b76e.Bgfx51BvEiB1EPcW53QARGm2"
      }
    },
    {
      "providerName": "CustomEntities",
      "bundleOptions": {
        "hash": "-1534243656",
        "bundleName": "DeserializeJSON_9005b2",
        "entitiesBundle": {
          "Types": {
            "DeserializeJSON_9005b2": {
              "name": "DeserializeJSON_9005b2",
              "properties": [
                {
                  "name": "object1",
                  "type": {
                    "definitionName": "object1"
                  }
                },
                {
                  "name": "test",
                  "type": {
                    "ClrType": "System.Nullable`1[[System.Int32, System.Private.CoreLib]], System.Private.CoreLib"
                  }
                }
              ],
              "baseType": null
            },
            "object1": {
              "name": "object1",
              "properties": [
                {
                  "name": "Person",
                  "type": {
                    "definitionName": "Person"
                  }
                }
              ],
              "baseType": null
            },
            "Person": {
              "name": "Person",
              "properties": [
                {
                  "name": "Name",
                  "type": {
                    "ClrType": "System.String, System.Private.CoreLib"
                  }
                },
                {
                  "name": "Age",
                  "type": {
                    "ClrType": "System.Nullable`1[[System.Int32, System.Private.CoreLib]], System.Private.CoreLib"
                  }
                }
              ],
              "baseType": null
            }
          },
          "version": 1
        }
      },
      "entityAssemblyKey": {
        "name": "UiPath.Web.Activities.ViewModels.SWEntities.DeserializeJSON_9005b2",
        "hash": "LTE1MzQyNDM2NTY",
        "assemblyName": "DeserializeJSON_9005.62vBB1h8DyK1F8HPK1RF9i2"
      }
    }
  ]
}