{
  "namespace": "Calculator",
  "webDocumentUri": "http://www.dneonline.com/calculator.asmx?wsdl",
  "serviceType": "Soap",
  "operations": [
    "CalculatorSoapAdd",
    "CalculatorSoapSubtract",
    "CalculatorSoapMultiply",
    "CalculatorSoapDivide"
  ],
  "rawDocument": "<?xml version=\"1.0\" encoding=\"utf-8\"?>\r\n<wsdl:definitions xmlns:soap=\"http://schemas.xmlsoap.org/wsdl/soap/\" xmlns:tm=\"http://microsoft.com/wsdl/mime/textMatching/\" xmlns:soapenc=\"http://schemas.xmlsoap.org/soap/encoding/\" xmlns:mime=\"http://schemas.xmlsoap.org/wsdl/mime/\" xmlns:tns=\"http://tempuri.org/\" xmlns:s=\"http://www.w3.org/2001/XMLSchema\" xmlns:soap12=\"http://schemas.xmlsoap.org/wsdl/soap12/\" xmlns:http=\"http://schemas.xmlsoap.org/wsdl/http/\" targetNamespace=\"http://tempuri.org/\" xmlns:wsdl=\"http://schemas.xmlsoap.org/wsdl/\">\r\n  <wsdl:types>\r\n    <s:schema elementFormDefault=\"qualified\" targetNamespace=\"http://tempuri.org/\">\r\n      <s:element name=\"Add\">\r\n        <s:complexType>\r\n          <s:sequence>\r\n            <s:element minOccurs=\"1\" maxOccurs=\"1\" name=\"intA\" type=\"s:int\" />\r\n            <s:element minOccurs=\"1\" maxOccurs=\"1\" name=\"intB\" type=\"s:int\" />\r\n          </s:sequence>\r\n        </s:complexType>\r\n      </s:element>\r\n      <s:element name=\"AddResponse\">\r\n        <s:complexType>\r\n          <s:sequence>\r\n            <s:element minOccurs=\"1\" maxOccurs=\"1\" name=\"AddResult\" type=\"s:int\" />\r\n          </s:sequence>\r\n        </s:complexType>\r\n      </s:element>\r\n      <s:element name=\"Subtract\">\r\n        <s:complexType>\r\n          <s:sequence>\r\n            <s:element minOccurs=\"1\" maxOccurs=\"1\" name=\"intA\" type=\"s:int\" />\r\n            <s:element minOccurs=\"1\" maxOccurs=\"1\" name=\"intB\" type=\"s:int\" />\r\n          </s:sequence>\r\n        </s:complexType>\r\n      </s:element>\r\n      <s:element name=\"SubtractResponse\">\r\n        <s:complexType>\r\n          <s:sequence>\r\n            <s:element minOccurs=\"1\" maxOccurs=\"1\" name=\"SubtractResult\" type=\"s:int\" />\r\n          </s:sequence>\r\n        </s:complexType>\r\n      </s:element>\r\n      <s:element name=\"Multiply\">\r\n        <s:complexType>\r\n          <s:sequence>\r\n            <s:element minOccurs=\"1\" maxOccurs=\"1\" name=\"intA\" type=\"s:int\" />\r\n            <s:element minOccurs=\"1\" maxOccurs=\"1\" name=\"intB\" type=\"s:int\" />\r\n          </s:sequence>\r\n        </s:complexType>\r\n      </s:element>\r\n      <s:element name=\"MultiplyResponse\">\r\n        <s:complexType>\r\n          <s:sequence>\r\n            <s:element minOccurs=\"1\" maxOccurs=\"1\" name=\"MultiplyResult\" type=\"s:int\" />\r\n          </s:sequence>\r\n        </s:complexType>\r\n      </s:element>\r\n      <s:element name=\"Divide\">\r\n        <s:complexType>\r\n          <s:sequence>\r\n            <s:element minOccurs=\"1\" maxOccurs=\"1\" name=\"intA\" type=\"s:int\" />\r\n            <s:element minOccurs=\"1\" maxOccurs=\"1\" name=\"intB\" type=\"s:int\" />\r\n          </s:sequence>\r\n        </s:complexType>\r\n      </s:element>\r\n      <s:element name=\"DivideResponse\">\r\n        <s:complexType>\r\n          <s:sequence>\r\n            <s:element minOccurs=\"1\" maxOccurs=\"1\" name=\"DivideResult\" type=\"s:int\" />\r\n          </s:sequence>\r\n        </s:complexType>\r\n      </s:element>\r\n    </s:schema>\r\n  </wsdl:types>\r\n  <wsdl:message name=\"AddSoapIn\">\r\n    <wsdl:part name=\"parameters\" element=\"tns:Add\" />\r\n  </wsdl:message>\r\n  <wsdl:message name=\"AddSoapOut\">\r\n    <wsdl:part name=\"parameters\" element=\"tns:AddResponse\" />\r\n  </wsdl:message>\r\n  <wsdl:message name=\"SubtractSoapIn\">\r\n    <wsdl:part name=\"parameters\" element=\"tns:Subtract\" />\r\n  </wsdl:message>\r\n  <wsdl:message name=\"SubtractSoapOut\">\r\n    <wsdl:part name=\"parameters\" element=\"tns:SubtractResponse\" />\r\n  </wsdl:message>\r\n  <wsdl:message name=\"MultiplySoapIn\">\r\n    <wsdl:part name=\"parameters\" element=\"tns:Multiply\" />\r\n  </wsdl:message>\r\n  <wsdl:message name=\"MultiplySoapOut\">\r\n    <wsdl:part name=\"parameters\" element=\"tns:MultiplyResponse\" />\r\n  </wsdl:message>\r\n  <wsdl:message name=\"DivideSoapIn\">\r\n    <wsdl:part name=\"parameters\" element=\"tns:Divide\" />\r\n  </wsdl:message>\r\n  <wsdl:message name=\"DivideSoapOut\">\r\n    <wsdl:part name=\"parameters\" element=\"tns:DivideResponse\" />\r\n  </wsdl:message>\r\n  <wsdl:portType name=\"CalculatorSoap\">\r\n    <wsdl:operation name=\"Add\">\r\n      <wsdl:documentation xmlns:wsdl=\"http://schemas.xmlsoap.org/wsdl/\">Adds two integers. This is a test WebService. ©DNE Online</wsdl:documentation>\r\n      <wsdl:input message=\"tns:AddSoapIn\" />\r\n      <wsdl:output message=\"tns:AddSoapOut\" />\r\n    </wsdl:operation>\r\n    <wsdl:operation name=\"Subtract\">\r\n      <wsdl:input message=\"tns:SubtractSoapIn\" />\r\n      <wsdl:output message=\"tns:SubtractSoapOut\" />\r\n    </wsdl:operation>\r\n    <wsdl:operation name=\"Multiply\">\r\n      <wsdl:input message=\"tns:MultiplySoapIn\" />\r\n      <wsdl:output message=\"tns:MultiplySoapOut\" />\r\n    </wsdl:operation>\r\n    <wsdl:operation name=\"Divide\">\r\n      <wsdl:input message=\"tns:DivideSoapIn\" />\r\n      <wsdl:output message=\"tns:DivideSoapOut\" />\r\n    </wsdl:operation>\r\n  </wsdl:portType>\r\n  <wsdl:binding name=\"CalculatorSoap\" type=\"tns:CalculatorSoap\">\r\n    <soap:binding transport=\"http://schemas.xmlsoap.org/soap/http\" />\r\n    <wsdl:operation name=\"Add\">\r\n      <soap:operation soapAction=\"http://tempuri.org/Add\" style=\"document\" />\r\n      <wsdl:input>\r\n        <soap:body use=\"literal\" />\r\n      </wsdl:input>\r\n      <wsdl:output>\r\n        <soap:body use=\"literal\" />\r\n      </wsdl:output>\r\n    </wsdl:operation>\r\n    <wsdl:operation name=\"Subtract\">\r\n      <soap:operation soapAction=\"http://tempuri.org/Subtract\" style=\"document\" />\r\n      <wsdl:input>\r\n        <soap:body use=\"literal\" />\r\n      </wsdl:input>\r\n      <wsdl:output>\r\n        <soap:body use=\"literal\" />\r\n      </wsdl:output>\r\n    </wsdl:operation>\r\n    <wsdl:operation name=\"Multiply\">\r\n      <soap:operation soapAction=\"http://tempuri.org/Multiply\" style=\"document\" />\r\n      <wsdl:input>\r\n        <soap:body use=\"literal\" />\r\n      </wsdl:input>\r\n      <wsdl:output>\r\n        <soap:body use=\"literal\" />\r\n      </wsdl:output>\r\n    </wsdl:operation>\r\n    <wsdl:operation name=\"Divide\">\r\n      <soap:operation soapAction=\"http://tempuri.org/Divide\" style=\"document\" />\r\n      <wsdl:input>\r\n        <soap:body use=\"literal\" />\r\n      </wsdl:input>\r\n      <wsdl:output>\r\n        <soap:body use=\"literal\" />\r\n      </wsdl:output>\r\n    </wsdl:operation>\r\n  </wsdl:binding>\r\n  <wsdl:binding name=\"CalculatorSoap12\" type=\"tns:CalculatorSoap\">\r\n    <soap12:binding transport=\"http://schemas.xmlsoap.org/soap/http\" />\r\n    <wsdl:operation name=\"Add\">\r\n      <soap12:operation soapAction=\"http://tempuri.org/Add\" style=\"document\" />\r\n      <wsdl:input>\r\n        <soap12:body use=\"literal\" />\r\n      </wsdl:input>\r\n      <wsdl:output>\r\n        <soap12:body use=\"literal\" />\r\n      </wsdl:output>\r\n    </wsdl:operation>\r\n    <wsdl:operation name=\"Subtract\">\r\n      <soap12:operation soapAction=\"http://tempuri.org/Subtract\" style=\"document\" />\r\n      <wsdl:input>\r\n        <soap12:body use=\"literal\" />\r\n      </wsdl:input>\r\n      <wsdl:output>\r\n        <soap12:body use=\"literal\" />\r\n      </wsdl:output>\r\n    </wsdl:operation>\r\n    <wsdl:operation name=\"Multiply\">\r\n      <soap12:operation soapAction=\"http://tempuri.org/Multiply\" style=\"document\" />\r\n      <wsdl:input>\r\n        <soap12:body use=\"literal\" />\r\n      </wsdl:input>\r\n      <wsdl:output>\r\n        <soap12:body use=\"literal\" />\r\n      </wsdl:output>\r\n    </wsdl:operation>\r\n    <wsdl:operation name=\"Divide\">\r\n      <soap12:operation soapAction=\"http://tempuri.org/Divide\" style=\"document\" />\r\n      <wsdl:input>\r\n        <soap12:body use=\"literal\" />\r\n      </wsdl:input>\r\n      <wsdl:output>\r\n        <soap12:body use=\"literal\" />\r\n      </wsdl:output>\r\n    </wsdl:operation>\r\n  </wsdl:binding>\r\n  <wsdl:service name=\"Calculator\">\r\n    <wsdl:port name=\"CalculatorSoap\" binding=\"tns:CalculatorSoap\">\r\n      <soap:address location=\"http://www.dneonline.com/calculator.asmx\" />\r\n    </wsdl:port>\r\n    <wsdl:port name=\"CalculatorSoap12\" binding=\"tns:CalculatorSoap12\">\r\n      <soap12:address location=\"http://www.dneonline.com/calculator.asmx\" />\r\n    </wsdl:port>\r\n  </wsdl:service>\r\n</wsdl:definitions>",
  "linkedResources": false,
  "version": 0
}