{
  "Packages": [
    {
      "Package": {
        "Id": "UiPath.System.Activities",
        "Version": "24.2.0-alpha.5123626"
      },
      "Assemblies": [
        "C:\\Users\\Liviu.Ponova\\.nuget\\packages\\csvhelper\\16.0.0\\lib/netstandard2.1/CsvHelper.dll",
        "C:\\Users\\Liviu.Ponova\\.nuget\\packages\\microsoft.aspnet.signalr.client\\2.4.0\\lib/netstandard2.0/Microsoft.AspNet.SignalR.Client.dll",
        "C:\\Users\\Liviu.Ponova\\.nuget\\packages\\microsoft.aspnetcore.connections.abstractions\\3.1.6\\lib/netcoreapp3.1/Microsoft.AspNetCore.Connections.Abstractions.dll",
        "C:\\Users\\Liviu.Ponova\\.nuget\\packages\\microsoft.aspnetcore.http.connections.client\\3.1.6\\lib/netstandard2.1/Microsoft.AspNetCore.Http.Connections.Client.dll",
        "C:\\Users\\Liviu.Ponova\\.nuget\\packages\\microsoft.aspnetcore.http.connections.common\\3.1.6\\lib/netcoreapp3.1/Microsoft.AspNetCore.Http.Connections.Common.dll",
        "C:\\Users\\Liviu.Ponova\\.nuget\\packages\\microsoft.aspnetcore.http.features\\3.1.6\\lib/netcoreapp3.1/Microsoft.AspNetCore.Http.Features.dll",
        "C:\\Users\\Liviu.Ponova\\.nuget\\packages\\microsoft.aspnetcore.signalr.client\\3.1.6\\lib/netstandard2.0/Microsoft.AspNetCore.SignalR.Client.dll",
        "C:\\Users\\Liviu.Ponova\\.nuget\\packages\\microsoft.aspnetcore.signalr.client.core\\3.1.6\\lib/netstandard2.1/Microsoft.AspNetCore.SignalR.Client.Core.dll",
        "C:\\Users\\Liviu.Ponova\\.nuget\\packages\\microsoft.aspnetcore.signalr.common\\3.1.6\\lib/netcoreapp3.1/Microsoft.AspNetCore.SignalR.Common.dll",
        "C:\\Users\\Liviu.Ponova\\.nuget\\packages\\microsoft.aspnetcore.signalr.protocols.json\\3.1.6\\lib/netcoreapp3.1/Microsoft.AspNetCore.SignalR.Protocols.Json.dll",
        "C:\\Users\\Liviu.Ponova\\.nuget\\packages\\microsoft.codeanalysis.common\\4.5.0-2.22527.10\\lib/netcoreapp3.1/Microsoft.CodeAnalysis.dll",
        "C:\\Users\\Liviu.Ponova\\.nuget\\packages\\microsoft.codeanalysis.csharp\\4.5.0-2.22527.10\\lib/netcoreapp3.1/Microsoft.CodeAnalysis.CSharp.dll",
        "C:\\Users\\Liviu.Ponova\\.nuget\\packages\\microsoft.codeanalysis.visualbasic\\4.5.0-2.22527.10\\lib/netcoreapp3.1/Microsoft.CodeAnalysis.VisualBasic.dll",
        "C:\\Users\\Liviu.Ponova\\.nuget\\packages\\microsoft.extensions.configuration\\3.1.6\\lib/netcoreapp3.1/Microsoft.Extensions.Configuration.dll",
        "C:\\Users\\Liviu.Ponova\\.nuget\\packages\\microsoft.extensions.configuration.abstractions\\3.1.6\\lib/netcoreapp3.1/Microsoft.Extensions.Configuration.Abstractions.dll",
        "C:\\Users\\Liviu.Ponova\\.nuget\\packages\\microsoft.extensions.configuration.binder\\3.1.6\\lib/netcoreapp3.1/Microsoft.Extensions.Configuration.Binder.dll",
        "C:\\Users\\Liviu.Ponova\\.nuget\\packages\\microsoft.extensions.dependencyinjection\\3.1.6\\lib/netcoreapp3.1/Microsoft.Extensions.DependencyInjection.dll",
        "C:\\Users\\Liviu.Ponova\\.nuget\\packages\\microsoft.extensions.dependencyinjection.abstractions\\3.1.6\\lib/netstandard2.0/Microsoft.Extensions.DependencyInjection.Abstractions.dll",
        "C:\\Users\\Liviu.Ponova\\.nuget\\packages\\microsoft.extensions.logging\\3.1.6\\lib/netcoreapp3.1/Microsoft.Extensions.Logging.dll",
        "C:\\Users\\Liviu.Ponova\\.nuget\\packages\\microsoft.extensions.logging.abstractions\\3.1.6\\lib/netstandard2.0/Microsoft.Extensions.Logging.Abstractions.dll",
        "C:\\Users\\Liviu.Ponova\\.nuget\\packages\\microsoft.extensions.options\\3.1.6\\lib/netcoreapp3.1/Microsoft.Extensions.Options.dll",
        "C:\\Users\\Liviu.Ponova\\.nuget\\packages\\microsoft.extensions.primitives\\3.1.6\\lib/netcoreapp3.1/Microsoft.Extensions.Primitives.dll",
        "C:\\Users\\Liviu.Ponova\\.nuget\\packages\\microsoft.rest.clientruntime\\2.3.24\\lib/netstandard2.0/Microsoft.Rest.ClientRuntime.dll",
        "C:\\Users\\Liviu.Ponova\\.nuget\\packages\\newtonsoft.json\\13.0.1\\lib/netstandard2.0/Newtonsoft.Json.dll",
        "C:\\Users\\Liviu.Ponova\\.nuget\\packages\\sharpziplib\\1.3.3\\lib/netstandard2.1/ICSharpCode.SharpZipLib.dll",
        "C:\\Users\\Liviu.Ponova\\.nuget\\packages\\system.activities.viewmodels\\1.0.0-20231124.2\\lib/net6.0/System.Activities.ViewModels.dll",
        "C:\\Users\\Liviu.Ponova\\.nuget\\packages\\system.io.abstractions\\3.0.10\\lib/netstandard2.0/System.IO.Abstractions.dll",
        "C:\\Users\\Liviu.Ponova\\.nuget\\packages\\system.io.pipelines\\4.7.1\\lib/netcoreapp3.0/System.IO.Pipelines.dll",
        "C:\\Users\\Liviu.Ponova\\.nuget\\packages\\uipath.codedworkflows\\24.2.0-alpha.4786647\\lib/net6.0/UiPath.CodedWorkflows.dll",
        "C:\\Users\\Liviu.Ponova\\.nuget\\packages\\uipath.platform\\23.12.0-alpha.5088913\\lib/net6.0/UiPath.Platform.dll",
        "C:\\Users\\Liviu.Ponova\\.nuget\\packages\\uipath.system.activities\\24.2.0-alpha.5123626\\lib/net6.0/UiPath.System.Activities.ViewModels.dll",
        "C:\\Users\\Liviu.Ponova\\.nuget\\packages\\uipath.system.activities.runtime\\24.2.0-alpha.5123626\\lib/net6.0/UiPath.System.Activities.Package.Runtime.dll",
        "C:\\Users\\Liviu.Ponova\\.nuget\\packages\\uipath.system.activities.runtime.portable\\24.2.0-alpha.5123626\\lib/net6.0/UiPath.OrchestratorClient.dll",
        "C:\\Users\\Liviu.Ponova\\.nuget\\packages\\uipath.system.activities.runtime.portable\\24.2.0-alpha.5123626\\lib/net6.0/UiPath.System.Activities.Api.dll",
        "C:\\Users\\Liviu.Ponova\\.nuget\\packages\\uipath.system.activities.runtime.portable\\24.2.0-alpha.5123626\\lib/net6.0/UiPath.System.Activities.dll",
        "C:\\Users\\Liviu.Ponova\\.nuget\\packages\\uipath.telemetry.client\\1.6.69\\lib/netstandard2.0/TelemetryClient.dll"
      ],
      "Path": "C:\\Users\\Liviu.Ponova\\.nuget\\packages\\uipath.system.activities\\24.2.0-alpha.5123626"
    },
    {
      "Package": {
        "Id": "UiPath.Testing.Activities",
        "Version": "23.10.0"
      },
      "Assemblies": [
        "C:\\Users\\Liviu.Ponova\\.nuget\\packages\\automapper\\9.0.0\\lib/netstandard2.0/AutoMapper.dll",
        "C:\\Users\\Liviu.Ponova\\.nuget\\packages\\microsoft.rest.clientruntime\\2.3.24\\lib/netstandard2.0/Microsoft.Rest.ClientRuntime.dll",
        "C:\\Users\\Liviu.Ponova\\.nuget\\packages\\microsoft.win32.systemevents\\5.0.0\\runtimes/win/lib/netcoreapp3.0/Microsoft.Win32.SystemEvents.dll",
        "C:\\Users\\Liviu.Ponova\\.nuget\\packages\\newtonsoft.json\\13.0.1\\lib/netstandard2.0/Newtonsoft.Json.dll",
        "C:\\Users\\Liviu.Ponova\\.nuget\\packages\\system.activities.viewmodels\\1.0.0-20231124.2\\lib/net6.0/System.Activities.ViewModels.dll",
        "C:\\Users\\Liviu.Ponova\\.nuget\\packages\\system.configuration.configurationmanager\\5.0.0\\lib/netstandard2.0/System.Configuration.ConfigurationManager.dll",
        "C:\\Users\\Liviu.Ponova\\.nuget\\packages\\system.drawing.common\\5.0.0\\runtimes/win/lib/netcoreapp3.0/System.Drawing.Common.dll",
        "C:\\Users\\Liviu.Ponova\\.nuget\\packages\\system.io.abstractions\\3.0.10\\lib/netstandard2.0/System.IO.Abstractions.dll",
        "C:\\Users\\Liviu.Ponova\\.nuget\\packages\\system.runtime.caching\\5.0.0\\runtimes/win/lib/netstandard2.0/System.Runtime.Caching.dll",
        "C:\\Users\\Liviu.Ponova\\.nuget\\packages\\system.security.cryptography.protecteddata\\5.0.0\\runtimes/win/lib/netstandard2.0/System.Security.Cryptography.ProtectedData.dll",
        "C:\\Users\\Liviu.Ponova\\.nuget\\packages\\system.security.permissions\\5.0.0\\lib/net5.0/System.Security.Permissions.dll",
        "C:\\Users\\Liviu.Ponova\\.nuget\\packages\\system.windows.extensions\\5.0.0\\runtimes/win/lib/netcoreapp3.0/System.Windows.Extensions.dll",
        "C:\\Users\\Liviu.Ponova\\.nuget\\packages\\uipath.codedworkflows\\24.2.0-alpha.4786647\\lib/net6.0/UiPath.CodedWorkflows.dll",
        "C:\\Users\\Liviu.Ponova\\.nuget\\packages\\uipath.platform\\23.12.0-alpha.5088913\\lib/net6.0/UiPath.Platform.dll",
        "C:\\Users\\Liviu.Ponova\\.nuget\\packages\\uipath.telemetry.client\\1.6.69\\lib/netstandard2.0/TelemetryClient.dll",
        "C:\\Users\\Liviu.Ponova\\.nuget\\packages\\uipath.testing.activities\\23.10.0\\lib/net6.0/UiPath.Testing.Activities.Api.dll",
        "C:\\Users\\Liviu.Ponova\\.nuget\\packages\\uipath.testing.activities\\23.10.0\\lib/net6.0/UiPath.Testing.Activities.dll",
        "C:\\Users\\Liviu.Ponova\\.nuget\\packages\\uipath.testing.activities\\23.10.0\\lib/net6.0/UiPath.Testing.dll",
        "C:\\Users\\Liviu.Ponova\\.nuget\\packages\\uipath.testing.activities\\23.10.0\\lib/net6.0/UiPath.Testing.RulesLibrary.dll"
      ],
      "Path": "C:\\Users\\Liviu.Ponova\\.nuget\\packages\\uipath.testing.activities\\23.10.0"
    },
    {
      "Package": {
        "Id": "UiPath.UIAutomation.Activities",
        "Version": "23.10.7"
      },
      "Assemblies": [
        "C:\\Users\\Liviu.Ponova\\.nuget\\packages\\microsoft.identitymodel.jsonwebtokens\\6.12.2\\lib/netstandard2.0/Microsoft.IdentityModel.JsonWebTokens.dll",
        "C:\\Users\\Liviu.Ponova\\.nuget\\packages\\microsoft.identitymodel.logging\\6.12.2\\lib/netstandard2.0/Microsoft.IdentityModel.Logging.dll",
        "C:\\Users\\Liviu.Ponova\\.nuget\\packages\\microsoft.identitymodel.tokens\\6.12.2\\lib/netstandard2.0/Microsoft.IdentityModel.Tokens.dll",
        "C:\\Users\\Liviu.Ponova\\.nuget\\packages\\newtonsoft.json\\13.0.1\\lib/netstandard2.0/Newtonsoft.Json.dll",
        "C:\\Users\\Liviu.Ponova\\.nuget\\packages\\system.activities.viewmodels\\1.0.0-20231124.2\\lib/net6.0/System.Activities.ViewModels.dll",
        "C:\\Users\\Liviu.Ponova\\.nuget\\packages\\system.identitymodel.tokens.jwt\\6.12.2\\lib/netstandard2.0/System.IdentityModel.Tokens.Jwt.dll",
        "C:\\Users\\Liviu.Ponova\\.nuget\\packages\\system.io.abstractions\\3.0.10\\lib/netstandard2.0/System.IO.Abstractions.dll",
        "C:\\Users\\Liviu.Ponova\\.nuget\\packages\\uipath\\23.10.71.64399\\lib/net6.0/UiPath.Locator.dll",
        "C:\\Users\\Liviu.Ponova\\.nuget\\packages\\uipath.activities.runtimegovernance\\1.1.6\\lib/net5.0/UiPath.Activities.RuntimeGovernance.dll",
        "C:\\Users\\Liviu.Ponova\\.nuget\\packages\\uipath.codedworkflows\\24.2.0-alpha.4786647\\lib/net6.0/UiPath.CodedWorkflows.dll",
        "C:\\Users\\Liviu.Ponova\\.nuget\\packages\\uipath.driver.portable\\23.10.71.64399\\lib/net6.0/Interop.UiPath.dll",
        "C:\\Users\\Liviu.Ponova\\.nuget\\packages\\uipath.driver.portable\\23.10.71.64399\\lib/net6.0/UiPath.Driver.Portable.dll",
        "C:\\Users\\Liviu.Ponova\\.nuget\\packages\\uipath.platform\\23.12.0-alpha.5088913\\lib/net6.0/UiPath.Platform.dll",
        "C:\\Users\\Liviu.Ponova\\.nuget\\packages\\uipath.uiautomation.activities\\23.10.7\\lib/net6.0/UiPath.UIAutomationNext.Activities.Design.dll",
        "C:\\Users\\Liviu.Ponova\\.nuget\\packages\\uipath.uiautomation.activities.runtime.portable\\23.10.7\\lib/net6.0/UiPath.Semantic.Activities.dll",
        "C:\\Users\\Liviu.Ponova\\.nuget\\packages\\uipath.uiautomation.activities.runtime.portable\\23.10.7\\lib/net6.0/UiPath.UIAutomationNext.Activities.dll",
        "C:\\Users\\Liviu.Ponova\\.nuget\\packages\\uipath.uiautomation.activities.runtime.portable\\23.10.7\\lib/net6.0/UiPath.UIAutomationNext.API.dll"
      ],
      "Path": "C:\\Users\\Liviu.Ponova\\.nuget\\packages\\uipath.uiautomation.activities\\23.10.7"
    },
    {
      "Package": {
        "Id": "UiPath.WebAPI.Activities",
        "Version": "1.18.0"
      },
      "Assemblies": [
        "C:\\Users\\Liviu.Ponova\\.nuget\\packages\\newtonsoft.json\\13.0.1\\lib/netstandard2.0/Newtonsoft.Json.dll",
        "C:\\Users\\Liviu.Ponova\\.nuget\\packages\\restsharp\\106.15.0\\lib/netstandard2.0/RestSharp.dll",
        "C:\\Users\\Liviu.Ponova\\.nuget\\packages\\system.activities.viewmodels\\1.0.0-20231124.2\\lib/net6.0/System.Activities.ViewModels.dll",
        "C:\\Users\\Liviu.Ponova\\.nuget\\packages\\system.io.abstractions\\3.0.10\\lib/netstandard2.0/System.IO.Abstractions.dll",
        "C:\\Users\\Liviu.Ponova\\.nuget\\packages\\uipath.platform\\23.12.0-alpha.5088913\\lib/net6.0/UiPath.Platform.dll",
        "C:\\Users\\Liviu.Ponova\\.nuget\\packages\\uipath.webapi.activities\\1.18.0\\lib/net6.0/UiPath.Web.Activities.RulesLibrary.dll",
        "C:\\Users\\Liviu.Ponova\\.nuget\\packages\\uipath.webapi.activities\\1.18.0\\lib/net6.0/UiPath.Web.Activities.ViewModels.dll",
        "C:\\Users\\Liviu.Ponova\\.nuget\\packages\\uipath.webapi.runtime\\1.18.0\\lib/net6.0/UiPath.Web.Activities.dll",
        "C:\\Users\\Liviu.Ponova\\.nuget\\packages\\uipath.webapi.runtime\\1.18.0\\lib/net6.0/UiPath.Web.dll"
      ],
      "Path": "C:\\Users\\Liviu.Ponova\\.nuget\\packages\\uipath.webapi.activities\\1.18.0"
    }
  ],
  "Conflicts": [],
  "ResolvedDependencies": {
    "AutoMapper": {
      "Id": "AutoMapper",
      "Version": "9.0.0",
      "Dependencies": [
        {
          "Item1": "Microsoft.CSharp",
          "Item2": "[4.5.0, )"
        },
        {
          "Item1": "System.Reflection.Emit",
          "Item2": "[4.3.0, )"
        }
      ]
    },
    "CsvHelper": {
      "Id": "CsvHelper",
      "Version": "16.0.0",
      "Dependencies": [
        {
          "Item1": "Microsoft.CSharp",
          "Item2": "[4.5.0, )"
        }
      ]
    },
    "Microsoft.AspNet.SignalR.Client": {
      "Id": "Microsoft.AspNet.SignalR.Client",
      "Version": "2.4.0",
      "Dependencies": [
        {
          "Item1": "Newtonsoft.Json",
          "Item2": "[11.0.2, )"
        }
      ]
    },
    "Microsoft.AspNetCore.Connections.Abstractions": {
      "Id": "Microsoft.AspNetCore.Connections.Abstractions",
      "Version": "3.1.6",
      "Dependencies": [
        {
          "Item1": "Microsoft.AspNetCore.Http.Features",
          "Item2": "[3.1.6, )"
        },
        {
          "Item1": "System.IO.Pipelines",
          "Item2": "[4.7.1, )"
        }
      ]
    },
    "Microsoft.AspNetCore.Http.Connections.Client": {
      "Id": "Microsoft.AspNetCore.Http.Connections.Client",
      "Version": "3.1.6",
      "Dependencies": [
        {
          "Item1": "Microsoft.AspNetCore.Http.Connections.Common",
          "Item2": "[3.1.6, )"
        },
        {
          "Item1": "Microsoft.Extensions.Logging.Abstractions",
          "Item2": "[3.1.6, )"
        },
        {
          "Item1": "Microsoft.Extensions.Options",
          "Item2": "[3.1.6, )"
        }
      ]
    },
    "Microsoft.AspNetCore.Http.Connections.Common": {
      "Id": "Microsoft.AspNetCore.Http.Connections.Common",
      "Version": "3.1.6",
      "Dependencies": [
        {
          "Item1": "Microsoft.AspNetCore.Connections.Abstractions",
          "Item2": "[3.1.6, )"
        }
      ]
    },
    "Microsoft.AspNetCore.Http.Features": {
      "Id": "Microsoft.AspNetCore.Http.Features",
      "Version": "3.1.6",
      "Dependencies": [
        {
          "Item1": "Microsoft.Extensions.Primitives",
          "Item2": "[3.1.6, )"
        },
        {
          "Item1": "System.IO.Pipelines",
          "Item2": "[4.7.1, )"
        }
      ]
    },
    "Microsoft.AspNetCore.SignalR.Client": {
      "Id": "Microsoft.AspNetCore.SignalR.Client",
      "Version": "3.1.6",
      "Dependencies": [
        {
          "Item1": "Microsoft.AspNetCore.SignalR.Client.Core",
          "Item2": "[3.1.6, )"
        },
        {
          "Item1": "Microsoft.AspNetCore.Http.Connections.Client",
          "Item2": "[3.1.6, )"
        }
      ]
    },
    "Microsoft.AspNetCore.SignalR.Client.Core": {
      "Id": "Microsoft.AspNetCore.SignalR.Client.Core",
      "Version": "3.1.6",
      "Dependencies": [
        {
          "Item1": "Microsoft.AspNetCore.SignalR.Protocols.Json",
          "Item2": "[3.1.6, )"
        },
        {
          "Item1": "Microsoft.AspNetCore.SignalR.Common",
          "Item2": "[3.1.6, )"
        },
        {
          "Item1": "Microsoft.Extensions.DependencyInjection",
          "Item2": "[3.1.6, )"
        },
        {
          "Item1": "Microsoft.Extensions.Logging",
          "Item2": "[3.1.6, )"
        },
        {
          "Item1": "System.Threading.Channels",
          "Item2": "[4.7.1, )"
        }
      ]
    },
    "Microsoft.AspNetCore.SignalR.Common": {
      "Id": "Microsoft.AspNetCore.SignalR.Common",
      "Version": "3.1.6",
      "Dependencies": [
        {
          "Item1": "Microsoft.AspNetCore.Connections.Abstractions",
          "Item2": "[3.1.6, )"
        },
        {
          "Item1": "Microsoft.Extensions.Options",
          "Item2": "[3.1.6, )"
        }
      ]
    },
    "Microsoft.AspNetCore.SignalR.Protocols.Json": {
      "Id": "Microsoft.AspNetCore.SignalR.Protocols.Json",
      "Version": "3.1.6",
      "Dependencies": [
        {
          "Item1": "Microsoft.AspNetCore.SignalR.Common",
          "Item2": "[3.1.6, )"
        }
      ]
    },
    "Microsoft.CodeAnalysis.Analyzers": {
      "Id": "Microsoft.CodeAnalysis.Analyzers",
      "Version": "3.3.3",
      "Dependencies": []
    },
    "Microsoft.CodeAnalysis.Common": {
      "Id": "Microsoft.CodeAnalysis.Common",
      "Version": "4.5.0-2.22527.10",
      "Dependencies": [
        {
          "Item1": "Microsoft.CodeAnalysis.Analyzers",
          "Item2": "[3.3.3, )"
        },
        {
          "Item1": "System.Collections.Immutable",
          "Item2": "[6.0.0, )"
        },
        {
          "Item1": "System.Memory",
          "Item2": "[4.5.5, )"
        },
        {
          "Item1": "System.Reflection.Metadata",
          "Item2": "[5.0.0, )"
        },
        {
          "Item1": "System.Runtime.CompilerServices.Unsafe",
          "Item2": "[6.0.0, )"
        },
        {
          "Item1": "System.Text.Encoding.CodePages",
          "Item2": "[6.0.0, )"
        },
        {
          "Item1": "System.Threading.Tasks.Extensions",
          "Item2": "[4.5.4, )"
        }
      ]
    },
    "Microsoft.CodeAnalysis.CSharp": {
      "Id": "Microsoft.CodeAnalysis.CSharp",
      "Version": "4.5.0-2.22527.10",
      "Dependencies": [
        {
          "Item1": "Microsoft.CodeAnalysis.Common",
          "Item2": "[4.5.0-2.22527.10, 4.5.0-2.22527.10]"
        }
      ]
    },
    "Microsoft.CodeAnalysis.VisualBasic": {
      "Id": "Microsoft.CodeAnalysis.VisualBasic",
      "Version": "4.5.0-2.22527.10",
      "Dependencies": [
        {
          "Item1": "Microsoft.CodeAnalysis.Common",
          "Item2": "[4.5.0-2.22527.10, 4.5.0-2.22527.10]"
        }
      ]
    },
    "Microsoft.CSharp": {
      "Id": "Microsoft.CSharp",
      "Version": "4.7.0",
      "Dependencies": []
    },
    "Microsoft.Extensions.Configuration": {
      "Id": "Microsoft.Extensions.Configuration",
      "Version": "3.1.6",
      "Dependencies": [
        {
          "Item1": "Microsoft.Extensions.Configuration.Abstractions",
          "Item2": "[3.1.6, )"
        }
      ]
    },
    "Microsoft.Extensions.Configuration.Abstractions": {
      "Id": "Microsoft.Extensions.Configuration.Abstractions",
      "Version": "3.1.6",
      "Dependencies": [
        {
          "Item1": "Microsoft.Extensions.Primitives",
          "Item2": "[3.1.6, )"
        }
      ]
    },
    "Microsoft.Extensions.Configuration.Binder": {
      "Id": "Microsoft.Extensions.Configuration.Binder",
      "Version": "3.1.6",
      "Dependencies": [
        {
          "Item1": "Microsoft.Extensions.Configuration",
          "Item2": "[3.1.6, )"
        }
      ]
    },
    "Microsoft.Extensions.DependencyInjection": {
      "Id": "Microsoft.Extensions.DependencyInjection",
      "Version": "3.1.6",
      "Dependencies": [
        {
          "Item1": "Microsoft.Extensions.DependencyInjection.Abstractions",
          "Item2": "[3.1.6, )"
        }
      ]
    },
    "Microsoft.Extensions.DependencyInjection.Abstractions": {
      "Id": "Microsoft.Extensions.DependencyInjection.Abstractions",
      "Version": "3.1.6",
      "Dependencies": []
    },
    "Microsoft.Extensions.Logging": {
      "Id": "Microsoft.Extensions.Logging",
      "Version": "3.1.6",
      "Dependencies": [
        {
          "Item1": "Microsoft.Extensions.Configuration.Binder",
          "Item2": "[3.1.6, )"
        },
        {
          "Item1": "Microsoft.Extensions.DependencyInjection",
          "Item2": "[3.1.6, )"
        },
        {
          "Item1": "Microsoft.Extensions.Logging.Abstractions",
          "Item2": "[3.1.6, )"
        },
        {
          "Item1": "Microsoft.Extensions.Options",
          "Item2": "[3.1.6, )"
        }
      ]
    },
    "Microsoft.Extensions.Logging.Abstractions": {
      "Id": "Microsoft.Extensions.Logging.Abstractions",
      "Version": "3.1.6",
      "Dependencies": []
    },
    "Microsoft.Extensions.Options": {
      "Id": "Microsoft.Extensions.Options",
      "Version": "3.1.6",
      "Dependencies": [
        {
          "Item1": "Microsoft.Extensions.DependencyInjection.Abstractions",
          "Item2": "[3.1.6, )"
        },
        {
          "Item1": "Microsoft.Extensions.Primitives",
          "Item2": "[3.1.6, )"
        }
      ]
    },
    "Microsoft.Extensions.Primitives": {
      "Id": "Microsoft.Extensions.Primitives",
      "Version": "3.1.6",
      "Dependencies": []
    },
    "Microsoft.IdentityModel.JsonWebTokens": {
      "Id": "Microsoft.IdentityModel.JsonWebTokens",
      "Version": "6.12.2",
      "Dependencies": [
        {
          "Item1": "Microsoft.IdentityModel.Tokens",
          "Item2": "[6.12.2, )"
        }
      ]
    },
    "Microsoft.IdentityModel.Logging": {
      "Id": "Microsoft.IdentityModel.Logging",
      "Version": "6.12.2",
      "Dependencies": []
    },
    "Microsoft.IdentityModel.Tokens": {
      "Id": "Microsoft.IdentityModel.Tokens",
      "Version": "6.12.2",
      "Dependencies": [
        {
          "Item1": "Microsoft.IdentityModel.Logging",
          "Item2": "[6.12.2, )"
        },
        {
          "Item1": "Microsoft.CSharp",
          "Item2": "[4.5.0, )"
        },
        {
          "Item1": "System.Security.Cryptography.Cng",
          "Item2": "[4.5.0, )"
        }
      ]
    },
    "Microsoft.NETCore.Platforms": {
      "Id": "Microsoft.NETCore.Platforms",
      "Version": "5.0.0",
      "Dependencies": []
    },
    "Microsoft.NETCore.Targets": {
      "Id": "Microsoft.NETCore.Targets",
      "Version": "1.1.0",
      "Dependencies": []
    },
    "Microsoft.Rest.ClientRuntime": {
      "Id": "Microsoft.Rest.ClientRuntime",
      "Version": "2.3.24",
      "Dependencies": [
        {
          "Item1": "Newtonsoft.Json",
          "Item2": "[10.0.3, )"
        }
      ]
    },
    "Microsoft.VisualBasic": {
      "Id": "Microsoft.VisualBasic",
      "Version": "10.3.0",
      "Dependencies": []
    },
    "Microsoft.Win32.SystemEvents": {
      "Id": "Microsoft.Win32.SystemEvents",
      "Version": "5.0.0",
      "Dependencies": [
        {
          "Item1": "Microsoft.NETCore.Platforms",
          "Item2": "[5.0.0, )"
        }
      ]
    },
    "Newtonsoft.Json": {
      "Id": "Newtonsoft.Json",
      "Version": "13.0.1",
      "Dependencies": []
    },
    "RestSharp": {
      "Id": "RestSharp",
      "Version": "106.15.0",
      "Dependencies": []
    },
    "SharpZipLib": {
      "Id": "SharpZipLib",
      "Version": "1.3.3",
      "Dependencies": []
    },
    "System.Activities.ViewModels": {
      "Id": "System.Activities.ViewModels",
      "Version": "1.0.0-20231124.2",
      "Dependencies": []
    },
    "System.Collections.Immutable": {
      "Id": "System.Collections.Immutable",
      "Version": "6.0.0",
      "Dependencies": [
        {
          "Item1": "System.Runtime.CompilerServices.Unsafe",
          "Item2": "[6.0.0, )"
        }
      ]
    },
    "System.Configuration.ConfigurationManager": {
      "Id": "System.Configuration.ConfigurationManager",
      "Version": "5.0.0",
      "Dependencies": [
        {
          "Item1": "System.Security.Cryptography.ProtectedData",
          "Item2": "[5.0.0, )"
        },
        {
          "Item1": "System.Security.Permissions",
          "Item2": "[5.0.0, )"
        }
      ]
    },
    "System.Drawing.Common": {
      "Id": "System.Drawing.Common",
      "Version": "5.0.0",
      "Dependencies": [
        {
          "Item1": "Microsoft.Win32.SystemEvents",
          "Item2": "[5.0.0, )"
        }
      ]
    },
    "System.IdentityModel.Tokens.Jwt": {
      "Id": "System.IdentityModel.Tokens.Jwt",
      "Version": "6.12.2",
      "Dependencies": [
        {
          "Item1": "Microsoft.IdentityModel.JsonWebTokens",
          "Item2": "[6.12.2, )"
        },
        {
          "Item1": "Microsoft.IdentityModel.Tokens",
          "Item2": "[6.12.2, )"
        }
      ]
    },
    "System.IO": {
      "Id": "System.IO",
      "Version": "4.3.0",
      "Dependencies": [
        {
          "Item1": "Microsoft.NETCore.Platforms",
          "Item2": "[1.1.0, )"
        },
        {
          "Item1": "Microsoft.NETCore.Targets",
          "Item2": "[1.1.0, )"
        },
        {
          "Item1": "System.Runtime",
          "Item2": "[4.3.0, )"
        },
        {
          "Item1": "System.Text.Encoding",
          "Item2": "[4.3.0, )"
        },
        {
          "Item1": "System.Threading.Tasks",
          "Item2": "[4.3.0, )"
        }
      ]
    },
    "System.IO.Abstractions": {
      "Id": "System.IO.Abstractions",
      "Version": "3.0.10",
      "Dependencies": [
        {
          "Item1": "System.IO.FileSystem.AccessControl",
          "Item2": "[4.5.0, )"
        }
      ]
    },
    "System.IO.FileSystem.AccessControl": {
      "Id": "System.IO.FileSystem.AccessControl",
      "Version": "4.5.0",
      "Dependencies": [
        {
          "Item1": "System.Security.AccessControl",
          "Item2": "[4.5.0, )"
        },
        {
          "Item1": "System.Security.Principal.Windows",
          "Item2": "[4.5.0, )"
        }
      ]
    },
    "System.IO.Pipelines": {
      "Id": "System.IO.Pipelines",
      "Version": "4.7.1",
      "Dependencies": []
    },
    "System.Memory": {
      "Id": "System.Memory",
      "Version": "4.5.5",
      "Dependencies": []
    },
    "System.Reflection": {
      "Id": "System.Reflection",
      "Version": "4.3.0",
      "Dependencies": [
        {
          "Item1": "Microsoft.NETCore.Platforms",
          "Item2": "[1.1.0, )"
        },
        {
          "Item1": "Microsoft.NETCore.Targets",
          "Item2": "[1.1.0, )"
        },
        {
          "Item1": "System.IO",
          "Item2": "[4.3.0, )"
        },
        {
          "Item1": "System.Reflection.Primitives",
          "Item2": "[4.3.0, )"
        },
        {
          "Item1": "System.Runtime",
          "Item2": "[4.3.0, )"
        }
      ]
    },
    "System.Reflection.Emit": {
      "Id": "System.Reflection.Emit",
      "Version": "4.3.0",
      "Dependencies": [
        {
          "Item1": "System.IO",
          "Item2": "[4.3.0, )"
        },
        {
          "Item1": "System.Reflection",
          "Item2": "[4.3.0, )"
        },
        {
          "Item1": "System.Reflection.Emit.ILGeneration",
          "Item2": "[4.3.0, )"
        },
        {
          "Item1": "System.Reflection.Primitives",
          "Item2": "[4.3.0, )"
        },
        {
          "Item1": "System.Runtime",
          "Item2": "[4.3.0, )"
        }
      ]
    },
    "System.Reflection.Emit.ILGeneration": {
      "Id": "System.Reflection.Emit.ILGeneration",
      "Version": "4.3.0",
      "Dependencies": [
        {
          "Item1": "System.Reflection",
          "Item2": "[4.3.0, )"
        },
        {
          "Item1": "System.Reflection.Primitives",
          "Item2": "[4.3.0, )"
        },
        {
          "Item1": "System.Runtime",
          "Item2": "[4.3.0, )"
        }
      ]
    },
    "System.Reflection.Metadata": {
      "Id": "System.Reflection.Metadata",
      "Version": "5.0.0",
      "Dependencies": []
    },
    "System.Reflection.Primitives": {
      "Id": "System.Reflection.Primitives",
      "Version": "4.3.0",
      "Dependencies": [
        {
          "Item1": "Microsoft.NETCore.Platforms",
          "Item2": "[1.1.0, )"
        },
        {
          "Item1": "Microsoft.NETCore.Targets",
          "Item2": "[1.1.0, )"
        },
        {
          "Item1": "System.Runtime",
          "Item2": "[4.3.0, )"
        }
      ]
    },
    "System.Runtime": {
      "Id": "System.Runtime",
      "Version": "4.3.0",
      "Dependencies": [
        {
          "Item1": "Microsoft.NETCore.Platforms",
          "Item2": "[1.1.0, )"
        },
        {
          "Item1": "Microsoft.NETCore.Targets",
          "Item2": "[1.1.0, )"
        }
      ]
    },
    "System.Runtime.Caching": {
      "Id": "System.Runtime.Caching",
      "Version": "5.0.0",
      "Dependencies": [
        {
          "Item1": "System.Configuration.ConfigurationManager",
          "Item2": "[5.0.0, )"
        }
      ]
    },
    "System.Runtime.CompilerServices.Unsafe": {
      "Id": "System.Runtime.CompilerServices.Unsafe",
      "Version": "6.0.0",
      "Dependencies": []
    },
    "System.Security.AccessControl": {
      "Id": "System.Security.AccessControl",
      "Version": "5.0.0",
      "Dependencies": [
        {
          "Item1": "Microsoft.NETCore.Platforms",
          "Item2": "[5.0.0, )"
        },
        {
          "Item1": "System.Security.Principal.Windows",
          "Item2": "[5.0.0, )"
        }
      ]
    },
    "System.Security.Cryptography.Cng": {
      "Id": "System.Security.Cryptography.Cng",
      "Version": "4.5.0",
      "Dependencies": []
    },
    "System.Security.Cryptography.ProtectedData": {
      "Id": "System.Security.Cryptography.ProtectedData",
      "Version": "5.0.0",
      "Dependencies": []
    },
    "System.Security.Permissions": {
      "Id": "System.Security.Permissions",
      "Version": "5.0.0",
      "Dependencies": [
        {
          "Item1": "System.Security.AccessControl",
          "Item2": "[5.0.0, )"
        },
        {
          "Item1": "System.Windows.Extensions",
          "Item2": "[5.0.0, )"
        }
      ]
    },
    "System.Security.Principal.Windows": {
      "Id": "System.Security.Principal.Windows",
      "Version": "5.0.0",
      "Dependencies": []
    },
    "System.Text.Encoding": {
      "Id": "System.Text.Encoding",
      "Version": "4.3.0",
      "Dependencies": [
        {
          "Item1": "Microsoft.NETCore.Platforms",
          "Item2": "[1.1.0, )"
        },
        {
          "Item1": "Microsoft.NETCore.Targets",
          "Item2": "[1.1.0, )"
        },
        {
          "Item1": "System.Runtime",
          "Item2": "[4.3.0, )"
        }
      ]
    },
    "System.Text.Encoding.CodePages": {
      "Id": "System.Text.Encoding.CodePages",
      "Version": "6.0.0",
      "Dependencies": [
        {
          "Item1": "System.Runtime.CompilerServices.Unsafe",
          "Item2": "[6.0.0, )"
        }
      ]
    },
    "System.Threading.Channels": {
      "Id": "System.Threading.Channels",
      "Version": "4.7.1",
      "Dependencies": []
    },
    "System.Threading.Tasks": {
      "Id": "System.Threading.Tasks",
      "Version": "4.3.0",
      "Dependencies": [
        {
          "Item1": "Microsoft.NETCore.Platforms",
          "Item2": "[1.1.0, )"
        },
        {
          "Item1": "Microsoft.NETCore.Targets",
          "Item2": "[1.1.0, )"
        },
        {
          "Item1": "System.Runtime",
          "Item2": "[4.3.0, )"
        }
      ]
    },
    "System.Threading.Tasks.Dataflow": {
      "Id": "System.Threading.Tasks.Dataflow",
      "Version": "6.0.0",
      "Dependencies": []
    },
    "System.Threading.Tasks.Extensions": {
      "Id": "System.Threading.Tasks.Extensions",
      "Version": "4.5.4",
      "Dependencies": []
    },
    "System.ValueTuple": {
      "Id": "System.ValueTuple",
      "Version": "4.5.0",
      "Dependencies": []
    },
    "System.Windows.Extensions": {
      "Id": "System.Windows.Extensions",
      "Version": "5.0.0",
      "Dependencies": [
        {
          "Item1": "System.Drawing.Common",
          "Item2": "[5.0.0, )"
        }
      ]
    },
    "UiPath": {
      "Id": "UiPath",
      "Version": "23.10.71.64399",
      "Dependencies": []
    },
    "UiPath.Activities.RuntimeGovernance": {
      "Id": "UiPath.Activities.RuntimeGovernance",
      "Version": "1.1.6",
      "Dependencies": [
        {
          "Item1": "Newtonsoft.Json",
          "Item2": "[11.0.2, )"
        }
      ]
    },
    "UiPath.CodedWorkflows": {
      "Id": "UiPath.CodedWorkflows",
      "Version": "24.2.0-alpha.4786647",
      "Dependencies": [
        {
          "Item1": "Newtonsoft.Json",
          "Item2": "[13.0.1, )"
        },
        {
          "Item1": "System.IO.Abstractions",
          "Item2": "[3.0.10, )"
        },
        {
          "Item1": "System.ValueTuple",
          "Item2": "[4.5.0, )"
        }
      ]
    },
    "UiPath.Driver.Portable": {
      "Id": "UiPath.Driver.Portable",
      "Version": "23.10.71.64399",
      "Dependencies": []
    },
    "UiPath.Platform": {
      "Id": "UiPath.Platform",
      "Version": "23.12.0-alpha.5088913",
      "Dependencies": [
        {
          "Item1": "Newtonsoft.Json",
          "Item2": "[13.0.1, )"
        },
        {
          "Item1": "System.IO.Abstractions",
          "Item2": "[3.0.10, )"
        },
        {
          "Item1": "System.Threading.Tasks.Dataflow",
          "Item2": "[6.0.0, )"
        },
        {
          "Item1": "System.ValueTuple",
          "Item2": "[4.5.0, )"
        }
      ]
    },
    "UiPath.System.Activities": {
      "Id": "UiPath.System.Activities",
      "Version": "24.2.0-alpha.5123626",
      "Dependencies": [
        {
          "Item1": "UiPath.System.Activities.Runtime",
          "Item2": "[24.2.0-alpha.5123626, )"
        },
        {
          "Item1": "CsvHelper",
          "Item2": "[16.0.0, )"
        },
        {
          "Item1": "Microsoft.AspNet.SignalR.Client",
          "Item2": "[2.4.0, )"
        },
        {
          "Item1": "Microsoft.AspNetCore.SignalR.Client",
          "Item2": "[3.1.6, )"
        },
        {
          "Item1": "Microsoft.CSharp",
          "Item2": "[4.7.0, )"
        },
        {
          "Item1": "Microsoft.CodeAnalysis.CSharp",
          "Item2": "[4.5.0-2.22527.10, )"
        },
        {
          "Item1": "Microsoft.CodeAnalysis.Common",
          "Item2": "[4.5.0-2.22527.10, )"
        },
        {
          "Item1": "Microsoft.CodeAnalysis.VisualBasic",
          "Item2": "[4.5.0-2.22527.10, )"
        },
        {
          "Item1": "Microsoft.Rest.ClientRuntime",
          "Item2": "[2.3.24, )"
        },
        {
          "Item1": "Microsoft.VisualBasic",
          "Item2": "[10.3.0, )"
        },
        {
          "Item1": "SharpZipLib",
          "Item2": "[1.3.3, )"
        },
        {
          "Item1": "System.Activities.ViewModels",
          "Item2": "[1.0.0-20231124.2, )"
        },
        {
          "Item1": "UiPath.CodedWorkflows",
          "Item2": "[24.2.0-alpha.4786647, )"
        },
        {
          "Item1": "UiPath.Platform",
          "Item2": "[23.12.0-alpha.5088913, )"
        },
        {
          "Item1": "UiPath.Telemetry.Client",
          "Item2": "[1.6.69, )"
        }
      ]
    },
    "UiPath.System.Activities.Runtime": {
      "Id": "UiPath.System.Activities.Runtime",
      "Version": "24.2.0-alpha.5123626",
      "Dependencies": [
        {
          "Item1": "UiPath.System.Activities.Runtime.Portable",
          "Item2": "[24.2.0-alpha.5123626, )"
        }
      ]
    },
    "UiPath.System.Activities.Runtime.Portable": {
      "Id": "UiPath.System.Activities.Runtime.Portable",
      "Version": "24.2.0-alpha.5123626",
      "Dependencies": [
        {
          "Item1": "CsvHelper",
          "Item2": "[16.0.0, )"
        },
        {
          "Item1": "Microsoft.AspNet.SignalR.Client",
          "Item2": "[2.4.0, )"
        },
        {
          "Item1": "Microsoft.AspNetCore.SignalR.Client",
          "Item2": "[3.1.6, )"
        },
        {
          "Item1": "Microsoft.CSharp",
          "Item2": "[4.7.0, )"
        },
        {
          "Item1": "Microsoft.CodeAnalysis.CSharp",
          "Item2": "[4.5.0-2.22527.10, )"
        },
        {
          "Item1": "Microsoft.CodeAnalysis.Common",
          "Item2": "[4.5.0-2.22527.10, )"
        },
        {
          "Item1": "Microsoft.CodeAnalysis.VisualBasic",
          "Item2": "[4.5.0-2.22527.10, )"
        },
        {
          "Item1": "Microsoft.Rest.ClientRuntime",
          "Item2": "[2.3.24, )"
        },
        {
          "Item1": "Microsoft.VisualBasic",
          "Item2": "[10.3.0, )"
        },
        {
          "Item1": "SharpZipLib",
          "Item2": "[1.3.3, )"
        },
        {
          "Item1": "UiPath.CodedWorkflows",
          "Item2": "[24.2.0-alpha.4786647, )"
        },
        {
          "Item1": "UiPath.Platform",
          "Item2": "[23.12.0-alpha.5088913, )"
        },
        {
          "Item1": "UiPath.Telemetry.Client",
          "Item2": "[1.6.69, )"
        }
      ]
    },
    "UiPath.Telemetry.Client": {
      "Id": "UiPath.Telemetry.Client",
      "Version": "1.6.69",
      "Dependencies": [
        {
          "Item1": "Newtonsoft.Json",
          "Item2": "[11.0.2, )"
        },
        {
          "Item1": "System.Threading.Tasks.Dataflow",
          "Item2": "[5.0.0, )"
        },
        {
          "Item1": "System.ValueTuple",
          "Item2": "[4.5.0, )"
        }
      ]
    },
    "UiPath.Testing.Activities": {
      "Id": "UiPath.Testing.Activities",
      "Version": "23.10.0",
      "Dependencies": [
        {
          "Item1": "AutoMapper",
          "Item2": "[9.0.0, )"
        },
        {
          "Item1": "Microsoft.Rest.ClientRuntime",
          "Item2": "[2.3.21, )"
        },
        {
          "Item1": "Newtonsoft.Json",
          "Item2": "[13.0.1, )"
        },
        {
          "Item1": "System.Activities.ViewModels",
          "Item2": "[1.0.0-20230906.1, )"
        },
        {
          "Item1": "System.IO.Abstractions",
          "Item2": "[3.0.10, )"
        },
        {
          "Item1": "System.Runtime.Caching",
          "Item2": "[5.0.0, )"
        },
        {
          "Item1": "System.Threading.Tasks.Extensions",
          "Item2": "[4.5.4, )"
        },
        {
          "Item1": "UiPath.CodedWorkflows",
          "Item2": "[23.10.0, )"
        },
        {
          "Item1": "UiPath.Platform",
          "Item2": "[23.4.0, )"
        },
        {
          "Item1": "UiPath.Telemetry.Client",
          "Item2": "[1.5.3, )"
        }
      ]
    },
    "UiPath.UIAutomation.Activities": {
      "Id": "UiPath.UIAutomation.Activities",
      "Version": "23.10.7",
      "Dependencies": [
        {
          "Item1": "UiPath",
          "Item2": "[23.10.71.64399, 23.10.71.64399]"
        },
        {
          "Item1": "System.Activities.ViewModels",
          "Item2": "[1.0.0-20230505.2, )"
        },
        {
          "Item1": "UiPath.UIAutomation.Activities.Runtime.Portable",
          "Item2": "[23.10.7, 23.10.7]"
        },
        {
          "Item1": "System.IdentityModel.Tokens.Jwt",
          "Item2": "[6.12.2, )"
        }
      ]
    },
    "UiPath.UIAutomation.Activities.Runtime.Portable": {
      "Id": "UiPath.UIAutomation.Activities.Runtime.Portable",
      "Version": "23.10.7",
      "Dependencies": [
        {
          "Item1": "UiPath.Driver.Portable",
          "Item2": "[23.10.71.64399, 23.10.71.64399]"
        },
        {
          "Item1": "UiPath.CodedWorkflows",
          "Item2": "[23.10.0, )"
        },
        {
          "Item1": "UiPath.Platform",
          "Item2": "[23.10.0, )"
        },
        {
          "Item1": "Newtonsoft.Json",
          "Item2": "[13.0.1, )"
        },
        {
          "Item1": "System.IO.Abstractions",
          "Item2": "[3.0.10, )"
        },
        {
          "Item1": "UiPath.Activities.RuntimeGovernance",
          "Item2": "[1.1.6, )"
        }
      ]
    },
    "UiPath.WebAPI.Activities": {
      "Id": "UiPath.WebAPI.Activities",
      "Version": "1.18.0",
      "Dependencies": [
        {
          "Item1": "UiPath.WebAPI.Runtime",
          "Item2": "[1.18.0, )"
        },
        {
          "Item1": "Microsoft.CSharp",
          "Item2": "[4.7.0, )"
        },
        {
          "Item1": "Newtonsoft.Json",
          "Item2": "[13.0.1, )"
        },
        {
          "Item1": "RestSharp",
          "Item2": "[106.15.0, )"
        },
        {
          "Item1": "System.Activities.ViewModels",
          "Item2": "[1.0.0-20230906.1, )"
        },
        {
          "Item1": "UiPath.Platform",
          "Item2": "[23.4.1, )"
        }
      ]
    },
    "UiPath.WebAPI.Runtime": {
      "Id": "UiPath.WebAPI.Runtime",
      "Version": "1.18.0",
      "Dependencies": [
        {
          "Item1": "Microsoft.CSharp",
          "Item2": "[4.7.0, )"
        },
        {
          "Item1": "Newtonsoft.Json",
          "Item2": "[13.0.1, )"
        },
        {
          "Item1": "RestSharp",
          "Item2": "[106.15.0, )"
        },
        {
          "Item1": "System.Activities.ViewModels",
          "Item2": "[1.0.0-20230906.1, )"
        },
        {
          "Item1": "UiPath.Platform",
          "Item2": "[23.4.1, )"
        }
      ]
    }
  },
  "AllPackages": [
    {
      "Package": {
        "Id": "AutoMapper",
        "Version": "9.0.0"
      },
      "Assemblies": [
        "C:\\Users\\Liviu.Ponova\\.nuget\\packages\\automapper\\9.0.0\\lib\\netstandard2.0\\AutoMapper.dll"
      ],
      "Path": "C:\\Users\\Liviu.Ponova\\.nuget\\packages\\automapper\\9.0.0"
    },
    {
      "Package": {
        "Id": "CsvHelper",
        "Version": "16.0.0"
      },
      "Assemblies": [
        "C:\\Users\\Liviu.Ponova\\.nuget\\packages\\csvhelper\\16.0.0\\lib\\netstandard2.1\\CsvHelper.dll"
      ],
      "Path": "C:\\Users\\Liviu.Ponova\\.nuget\\packages\\csvhelper\\16.0.0"
    },
    {
      "Package": {
        "Id": "Microsoft.AspNet.SignalR.Client",
        "Version": "2.4.0"
      },
      "Assemblies": [
        "C:\\Users\\Liviu.Ponova\\.nuget\\packages\\microsoft.aspnet.signalr.client\\2.4.0\\lib\\netstandard2.0\\Microsoft.AspNet.SignalR.Client.dll"
      ],
      "Path": "C:\\Users\\Liviu.Ponova\\.nuget\\packages\\microsoft.aspnet.signalr.client\\2.4.0"
    },
    {
      "Package": {
        "Id": "Microsoft.AspNetCore.Connections.Abstractions",
        "Version": "3.1.6"
      },
      "Assemblies": [
        "C:\\Users\\Liviu.Ponova\\.nuget\\packages\\microsoft.aspnetcore.connections.abstractions\\3.1.6\\lib\\netcoreapp3.1\\Microsoft.AspNetCore.Connections.Abstractions.dll"
      ],
      "Path": "C:\\Users\\Liviu.Ponova\\.nuget\\packages\\microsoft.aspnetcore.connections.abstractions\\3.1.6"
    },
    {
      "Package": {
        "Id": "Microsoft.AspNetCore.Http.Connections.Client",
        "Version": "3.1.6"
      },
      "Assemblies": [
        "C:\\Users\\Liviu.Ponova\\.nuget\\packages\\microsoft.aspnetcore.http.connections.client\\3.1.6\\lib\\netstandard2.1\\Microsoft.AspNetCore.Http.Connections.Client.dll"
      ],
      "Path": "C:\\Users\\Liviu.Ponova\\.nuget\\packages\\microsoft.aspnetcore.http.connections.client\\3.1.6"
    },
    {
      "Package": {
        "Id": "Microsoft.AspNetCore.Http.Connections.Common",
        "Version": "3.1.6"
      },
      "Assemblies": [
        "C:\\Users\\Liviu.Ponova\\.nuget\\packages\\microsoft.aspnetcore.http.connections.common\\3.1.6\\lib\\netcoreapp3.1\\Microsoft.AspNetCore.Http.Connections.Common.dll"
      ],
      "Path": "C:\\Users\\Liviu.Ponova\\.nuget\\packages\\microsoft.aspnetcore.http.connections.common\\3.1.6"
    },
    {
      "Package": {
        "Id": "Microsoft.AspNetCore.Http.Features",
        "Version": "3.1.6"
      },
      "Assemblies": [
        "C:\\Users\\Liviu.Ponova\\.nuget\\packages\\microsoft.aspnetcore.http.features\\3.1.6\\lib\\netcoreapp3.1\\Microsoft.AspNetCore.Http.Features.dll"
      ],
      "Path": "C:\\Users\\Liviu.Ponova\\.nuget\\packages\\microsoft.aspnetcore.http.features\\3.1.6"
    },
    {
      "Package": {
        "Id": "Microsoft.AspNetCore.SignalR.Client",
        "Version": "3.1.6"
      },
      "Assemblies": [
        "C:\\Users\\Liviu.Ponova\\.nuget\\packages\\microsoft.aspnetcore.signalr.client\\3.1.6\\lib\\netstandard2.0\\Microsoft.AspNetCore.SignalR.Client.dll"
      ],
      "Path": "C:\\Users\\Liviu.Ponova\\.nuget\\packages\\microsoft.aspnetcore.signalr.client\\3.1.6"
    },
    {
      "Package": {
        "Id": "Microsoft.AspNetCore.SignalR.Client.Core",
        "Version": "3.1.6"
      },
      "Assemblies": [
        "C:\\Users\\Liviu.Ponova\\.nuget\\packages\\microsoft.aspnetcore.signalr.client.core\\3.1.6\\lib\\netstandard2.1\\Microsoft.AspNetCore.SignalR.Client.Core.dll"
      ],
      "Path": "C:\\Users\\Liviu.Ponova\\.nuget\\packages\\microsoft.aspnetcore.signalr.client.core\\3.1.6"
    },
    {
      "Package": {
        "Id": "Microsoft.AspNetCore.SignalR.Common",
        "Version": "3.1.6"
      },
      "Assemblies": [
        "C:\\Users\\Liviu.Ponova\\.nuget\\packages\\microsoft.aspnetcore.signalr.common\\3.1.6\\lib\\netcoreapp3.1\\Microsoft.AspNetCore.SignalR.Common.dll"
      ],
      "Path": "C:\\Users\\Liviu.Ponova\\.nuget\\packages\\microsoft.aspnetcore.signalr.common\\3.1.6"
    },
    {
      "Package": {
        "Id": "Microsoft.AspNetCore.SignalR.Protocols.Json",
        "Version": "3.1.6"
      },
      "Assemblies": [
        "C:\\Users\\Liviu.Ponova\\.nuget\\packages\\microsoft.aspnetcore.signalr.protocols.json\\3.1.6\\lib\\netcoreapp3.1\\Microsoft.AspNetCore.SignalR.Protocols.Json.dll"
      ],
      "Path": "C:\\Users\\Liviu.Ponova\\.nuget\\packages\\microsoft.aspnetcore.signalr.protocols.json\\3.1.6"
    },
    {
      "Package": {
        "Id": "Microsoft.CodeAnalysis.Analyzers",
        "Version": "3.3.3"
      },
      "Assemblies": [],
      "Path": "C:\\Users\\Liviu.Ponova\\.nuget\\packages\\microsoft.codeanalysis.analyzers\\3.3.3"
    },
    {
      "Package": {
        "Id": "Microsoft.CodeAnalysis.Common",
        "Version": "4.5.0-2.22527.10"
      },
      "Assemblies": [
        "C:\\Users\\Liviu.Ponova\\.nuget\\packages\\microsoft.codeanalysis.common\\4.5.0-2.22527.10\\lib\\netcoreapp3.1\\Microsoft.CodeAnalysis.dll"
      ],
      "Path": "C:\\Users\\Liviu.Ponova\\.nuget\\packages\\microsoft.codeanalysis.common\\4.5.0-2.22527.10"
    },
    {
      "Package": {
        "Id": "Microsoft.CodeAnalysis.CSharp",
        "Version": "4.5.0-2.22527.10"
      },
      "Assemblies": [
        "C:\\Users\\Liviu.Ponova\\.nuget\\packages\\microsoft.codeanalysis.csharp\\4.5.0-2.22527.10\\lib\\netcoreapp3.1\\Microsoft.CodeAnalysis.CSharp.dll"
      ],
      "Path": "C:\\Users\\Liviu.Ponova\\.nuget\\packages\\microsoft.codeanalysis.csharp\\4.5.0-2.22527.10"
    },
    {
      "Package": {
        "Id": "Microsoft.CodeAnalysis.VisualBasic",
        "Version": "4.5.0-2.22527.10"
      },
      "Assemblies": [
        "C:\\Users\\Liviu.Ponova\\.nuget\\packages\\microsoft.codeanalysis.visualbasic\\4.5.0-2.22527.10\\lib\\netcoreapp3.1\\Microsoft.CodeAnalysis.VisualBasic.dll"
      ],
      "Path": "C:\\Users\\Liviu.Ponova\\.nuget\\packages\\microsoft.codeanalysis.visualbasic\\4.5.0-2.22527.10"
    },
    {
      "Package": {
        "Id": "Microsoft.CSharp",
        "Version": "4.7.0"
      },
      "Assemblies": [
        "C:\\Users\\Liviu.Ponova\\.nuget\\packages\\microsoft.csharp\\4.7.0\\lib\\netcoreapp2.0\\_._"
      ],
      "Path": "C:\\Users\\Liviu.Ponova\\.nuget\\packages\\microsoft.csharp\\4.7.0"
    },
    {
      "Package": {
        "Id": "Microsoft.Extensions.Configuration",
        "Version": "3.1.6"
      },
      "Assemblies": [
        "C:\\Users\\Liviu.Ponova\\.nuget\\packages\\microsoft.extensions.configuration\\3.1.6\\lib\\netcoreapp3.1\\Microsoft.Extensions.Configuration.dll"
      ],
      "Path": "C:\\Users\\Liviu.Ponova\\.nuget\\packages\\microsoft.extensions.configuration\\3.1.6"
    },
    {
      "Package": {
        "Id": "Microsoft.Extensions.Configuration.Abstractions",
        "Version": "3.1.6"
      },
      "Assemblies": [
        "C:\\Users\\Liviu.Ponova\\.nuget\\packages\\microsoft.extensions.configuration.abstractions\\3.1.6\\lib\\netcoreapp3.1\\Microsoft.Extensions.Configuration.Abstractions.dll"
      ],
      "Path": "C:\\Users\\Liviu.Ponova\\.nuget\\packages\\microsoft.extensions.configuration.abstractions\\3.1.6"
    },
    {
      "Package": {
        "Id": "Microsoft.Extensions.Configuration.Binder",
        "Version": "3.1.6"
      },
      "Assemblies": [
        "C:\\Users\\Liviu.Ponova\\.nuget\\packages\\microsoft.extensions.configuration.binder\\3.1.6\\lib\\netcoreapp3.1\\Microsoft.Extensions.Configuration.Binder.dll"
      ],
      "Path": "C:\\Users\\Liviu.Ponova\\.nuget\\packages\\microsoft.extensions.configuration.binder\\3.1.6"
    },
    {
      "Package": {
        "Id": "Microsoft.Extensions.DependencyInjection",
        "Version": "3.1.6"
      },
      "Assemblies": [
        "C:\\Users\\Liviu.Ponova\\.nuget\\packages\\microsoft.extensions.dependencyinjection\\3.1.6\\lib\\netcoreapp3.1\\Microsoft.Extensions.DependencyInjection.dll"
      ],
      "Path": "C:\\Users\\Liviu.Ponova\\.nuget\\packages\\microsoft.extensions.dependencyinjection\\3.1.6"
    },
    {
      "Package": {
        "Id": "Microsoft.Extensions.DependencyInjection.Abstractions",
        "Version": "3.1.6"
      },
      "Assemblies": [
        "C:\\Users\\Liviu.Ponova\\.nuget\\packages\\microsoft.extensions.dependencyinjection.abstractions\\3.1.6\\lib\\netstandard2.0\\Microsoft.Extensions.DependencyInjection.Abstractions.dll"
      ],
      "Path": "C:\\Users\\Liviu.Ponova\\.nuget\\packages\\microsoft.extensions.dependencyinjection.abstractions\\3.1.6"
    },
    {
      "Package": {
        "Id": "Microsoft.Extensions.Logging",
        "Version": "3.1.6"
      },
      "Assemblies": [
        "C:\\Users\\Liviu.Ponova\\.nuget\\packages\\microsoft.extensions.logging\\3.1.6\\lib\\netcoreapp3.1\\Microsoft.Extensions.Logging.dll"
      ],
      "Path": "C:\\Users\\Liviu.Ponova\\.nuget\\packages\\microsoft.extensions.logging\\3.1.6"
    },
    {
      "Package": {
        "Id": "Microsoft.Extensions.Logging.Abstractions",
        "Version": "3.1.6"
      },
      "Assemblies": [
        "C:\\Users\\Liviu.Ponova\\.nuget\\packages\\microsoft.extensions.logging.abstractions\\3.1.6\\lib\\netstandard2.0\\Microsoft.Extensions.Logging.Abstractions.dll"
      ],
      "Path": "C:\\Users\\Liviu.Ponova\\.nuget\\packages\\microsoft.extensions.logging.abstractions\\3.1.6"
    },
    {
      "Package": {
        "Id": "Microsoft.Extensions.Options",
        "Version": "3.1.6"
      },
      "Assemblies": [
        "C:\\Users\\Liviu.Ponova\\.nuget\\packages\\microsoft.extensions.options\\3.1.6\\lib\\netcoreapp3.1\\Microsoft.Extensions.Options.dll"
      ],
      "Path": "C:\\Users\\Liviu.Ponova\\.nuget\\packages\\microsoft.extensions.options\\3.1.6"
    },
    {
      "Package": {
        "Id": "Microsoft.Extensions.Primitives",
        "Version": "3.1.6"
      },
      "Assemblies": [
        "C:\\Users\\Liviu.Ponova\\.nuget\\packages\\microsoft.extensions.primitives\\3.1.6\\lib\\netcoreapp3.1\\Microsoft.Extensions.Primitives.dll"
      ],
      "Path": "C:\\Users\\Liviu.Ponova\\.nuget\\packages\\microsoft.extensions.primitives\\3.1.6"
    },
    {
      "Package": {
        "Id": "Microsoft.IdentityModel.JsonWebTokens",
        "Version": "6.12.2"
      },
      "Assemblies": [
        "C:\\Users\\Liviu.Ponova\\.nuget\\packages\\microsoft.identitymodel.jsonwebtokens\\6.12.2\\lib\\netstandard2.0\\Microsoft.IdentityModel.JsonWebTokens.dll"
      ],
      "Path": "C:\\Users\\Liviu.Ponova\\.nuget\\packages\\microsoft.identitymodel.jsonwebtokens\\6.12.2"
    },
    {
      "Package": {
        "Id": "Microsoft.IdentityModel.Logging",
        "Version": "6.12.2"
      },
      "Assemblies": [
        "C:\\Users\\Liviu.Ponova\\.nuget\\packages\\microsoft.identitymodel.logging\\6.12.2\\lib\\netstandard2.0\\Microsoft.IdentityModel.Logging.dll"
      ],
      "Path": "C:\\Users\\Liviu.Ponova\\.nuget\\packages\\microsoft.identitymodel.logging\\6.12.2"
    },
    {
      "Package": {
        "Id": "Microsoft.IdentityModel.Tokens",
        "Version": "6.12.2"
      },
      "Assemblies": [
        "C:\\Users\\Liviu.Ponova\\.nuget\\packages\\microsoft.identitymodel.tokens\\6.12.2\\lib\\netstandard2.0\\Microsoft.IdentityModel.Tokens.dll"
      ],
      "Path": "C:\\Users\\Liviu.Ponova\\.nuget\\packages\\microsoft.identitymodel.tokens\\6.12.2"
    },
    {
      "Package": {
        "Id": "Microsoft.NETCore.Platforms",
        "Version": "5.0.0"
      },
      "Assemblies": [
        "C:\\Users\\Liviu.Ponova\\.nuget\\packages\\microsoft.netcore.platforms\\5.0.0\\lib\\netstandard1.0\\_._"
      ],
      "Path": "C:\\Users\\Liviu.Ponova\\.nuget\\packages\\microsoft.netcore.platforms\\5.0.0"
    },
    {
      "Package": {
        "Id": "Microsoft.NETCore.Targets",
        "Version": "1.1.0"
      },
      "Assemblies": [
        "C:\\Users\\Liviu.Ponova\\.nuget\\packages\\microsoft.netcore.targets\\1.1.0\\lib\\netstandard1.0\\_._"
      ],
      "Path": "C:\\Users\\Liviu.Ponova\\.nuget\\packages\\microsoft.netcore.targets\\1.1.0"
    },
    {
      "Package": {
        "Id": "Microsoft.Rest.ClientRuntime",
        "Version": "2.3.24"
      },
      "Assemblies": [
        "C:\\Users\\Liviu.Ponova\\.nuget\\packages\\microsoft.rest.clientruntime\\2.3.24\\lib\\netstandard2.0\\Microsoft.Rest.ClientRuntime.dll"
      ],
      "Path": "C:\\Users\\Liviu.Ponova\\.nuget\\packages\\microsoft.rest.clientruntime\\2.3.24"
    },
    {
      "Package": {
        "Id": "Microsoft.VisualBasic",
        "Version": "10.3.0"
      },
      "Assemblies": [
        "C:\\Users\\Liviu.Ponova\\.nuget\\packages\\microsoft.visualbasic\\10.3.0\\lib\\netcoreapp2.0\\_._"
      ],
      "Path": "C:\\Users\\Liviu.Ponova\\.nuget\\packages\\microsoft.visualbasic\\10.3.0"
    },
    {
      "Package": {
        "Id": "Microsoft.Win32.SystemEvents",
        "Version": "5.0.0"
      },
      "Assemblies": [
        "C:\\Users\\Liviu.Ponova\\.nuget\\packages\\microsoft.win32.systemevents\\5.0.0\\runtimes\\win\\lib\\netcoreapp3.0\\Microsoft.Win32.SystemEvents.dll"
      ],
      "Path": "C:\\Users\\Liviu.Ponova\\.nuget\\packages\\microsoft.win32.systemevents\\5.0.0"
    },
    {
      "Package": {
        "Id": "Newtonsoft.Json",
        "Version": "13.0.1"
      },
      "Assemblies": [
        "C:\\Users\\Liviu.Ponova\\.nuget\\packages\\newtonsoft.json\\13.0.1\\lib\\netstandard2.0\\Newtonsoft.Json.dll"
      ],
      "Path": "C:\\Users\\Liviu.Ponova\\.nuget\\packages\\newtonsoft.json\\13.0.1"
    },
    {
      "Package": {
        "Id": "RestSharp",
        "Version": "106.15.0"
      },
      "Assemblies": [
        "C:\\Users\\Liviu.Ponova\\.nuget\\packages\\restsharp\\106.15.0\\lib\\netstandard2.0\\RestSharp.dll"
      ],
      "Path": "C:\\Users\\Liviu.Ponova\\.nuget\\packages\\restsharp\\106.15.0"
    },
    {
      "Package": {
        "Id": "runtime.any.System.IO",
        "Version": "4.3.0"
      },
      "Assemblies": [
        "C:\\Users\\Liviu.Ponova\\.nuget\\packages\\runtime.any.system.io\\4.3.0\\lib\\netstandard1.5\\System.IO.dll"
      ],
      "Path": "C:\\Users\\Liviu.Ponova\\.nuget\\packages\\runtime.any.system.io\\4.3.0"
    },
    {
      "Package": {
        "Id": "runtime.any.System.Reflection",
        "Version": "4.3.0"
      },
      "Assemblies": [
        "C:\\Users\\Liviu.Ponova\\.nuget\\packages\\runtime.any.system.reflection\\4.3.0\\lib\\netstandard1.5\\System.Reflection.dll"
      ],
      "Path": "C:\\Users\\Liviu.Ponova\\.nuget\\packages\\runtime.any.system.reflection\\4.3.0"
    },
    {
      "Package": {
        "Id": "runtime.any.System.Reflection.Primitives",
        "Version": "4.3.0"
      },
      "Assemblies": [
        "C:\\Users\\Liviu.Ponova\\.nuget\\packages\\runtime.any.system.reflection.primitives\\4.3.0\\lib\\netstandard1.3\\System.Reflection.Primitives.dll"
      ],
      "Path": "C:\\Users\\Liviu.Ponova\\.nuget\\packages\\runtime.any.system.reflection.primitives\\4.3.0"
    },
    {
      "Package": {
        "Id": "runtime.any.System.Runtime",
        "Version": "4.3.0"
      },
      "Assemblies": [
        "C:\\Users\\Liviu.Ponova\\.nuget\\packages\\runtime.any.system.runtime\\4.3.0\\lib\\netstandard1.5\\System.Runtime.dll"
      ],
      "Path": "C:\\Users\\Liviu.Ponova\\.nuget\\packages\\runtime.any.system.runtime\\4.3.0"
    },
    {
      "Package": {
        "Id": "runtime.any.System.Text.Encoding",
        "Version": "4.3.0"
      },
      "Assemblies": [
        "C:\\Users\\Liviu.Ponova\\.nuget\\packages\\runtime.any.system.text.encoding\\4.3.0\\lib\\netstandard1.3\\System.Text.Encoding.dll"
      ],
      "Path": "C:\\Users\\Liviu.Ponova\\.nuget\\packages\\runtime.any.system.text.encoding\\4.3.0"
    },
    {
      "Package": {
        "Id": "runtime.any.System.Threading.Tasks",
        "Version": "4.3.0"
      },
      "Assemblies": [
        "C:\\Users\\Liviu.Ponova\\.nuget\\packages\\runtime.any.system.threading.tasks\\4.3.0\\lib\\netstandard1.3\\System.Threading.Tasks.dll"
      ],
      "Path": "C:\\Users\\Liviu.Ponova\\.nuget\\packages\\runtime.any.system.threading.tasks\\4.3.0"
    },
    {
      "Package": {
        "Id": "SharpZipLib",
        "Version": "1.3.3"
      },
      "Assemblies": [
        "C:\\Users\\Liviu.Ponova\\.nuget\\packages\\sharpziplib\\1.3.3\\lib\\netstandard2.1\\ICSharpCode.SharpZipLib.dll"
      ],
      "Path": "C:\\Users\\Liviu.Ponova\\.nuget\\packages\\sharpziplib\\1.3.3"
    },
    {
      "Package": {
        "Id": "System.Activities.ViewModels",
        "Version": "1.0.0-20231124.2"
      },
      "Assemblies": [
        "C:\\Users\\Liviu.Ponova\\.nuget\\packages\\system.activities.viewmodels\\1.0.0-20231124.2\\lib\\net6.0\\System.Activities.ViewModels.dll"
      ],
      "Path": "C:\\Users\\Liviu.Ponova\\.nuget\\packages\\system.activities.viewmodels\\1.0.0-20231124.2"
    },
    {
      "Package": {
        "Id": "System.Collections.Immutable",
        "Version": "6.0.0"
      },
      "Assemblies": [
        "C:\\Users\\Liviu.Ponova\\.nuget\\packages\\system.collections.immutable\\6.0.0\\lib\\net6.0\\System.Collections.Immutable.dll"
      ],
      "Path": "C:\\Users\\Liviu.Ponova\\.nuget\\packages\\system.collections.immutable\\6.0.0"
    },
    {
      "Package": {
        "Id": "System.Configuration.ConfigurationManager",
        "Version": "5.0.0"
      },
      "Assemblies": [
        "C:\\Users\\Liviu.Ponova\\.nuget\\packages\\system.configuration.configurationmanager\\5.0.0\\lib\\netstandard2.0\\System.Configuration.ConfigurationManager.dll"
      ],
      "Path": "C:\\Users\\Liviu.Ponova\\.nuget\\packages\\system.configuration.configurationmanager\\5.0.0"
    },
    {
      "Package": {
        "Id": "System.Drawing.Common",
        "Version": "5.0.0"
      },
      "Assemblies": [
        "C:\\Users\\Liviu.Ponova\\.nuget\\packages\\system.drawing.common\\5.0.0\\runtimes\\win\\lib\\netcoreapp3.0\\System.Drawing.Common.dll"
      ],
      "Path": "C:\\Users\\Liviu.Ponova\\.nuget\\packages\\system.drawing.common\\5.0.0"
    },
    {
      "Package": {
        "Id": "System.IdentityModel.Tokens.Jwt",
        "Version": "6.12.2"
      },
      "Assemblies": [
        "C:\\Users\\Liviu.Ponova\\.nuget\\packages\\system.identitymodel.tokens.jwt\\6.12.2\\lib\\netstandard2.0\\System.IdentityModel.Tokens.Jwt.dll"
      ],
      "Path": "C:\\Users\\Liviu.Ponova\\.nuget\\packages\\system.identitymodel.tokens.jwt\\6.12.2"
    },
    {
      "Package": {
        "Id": "System.IO",
        "Version": "4.3.0"
      },
      "Assemblies": [],
      "Path": "C:\\Users\\Liviu.Ponova\\.nuget\\packages\\system.io\\4.3.0"
    },
    {
      "Package": {
        "Id": "System.IO.Abstractions",
        "Version": "3.0.10"
      },
      "Assemblies": [
        "C:\\Users\\Liviu.Ponova\\.nuget\\packages\\system.io.abstractions\\3.0.10\\lib\\netstandard2.0\\System.IO.Abstractions.dll"
      ],
      "Path": "C:\\Users\\Liviu.Ponova\\.nuget\\packages\\system.io.abstractions\\3.0.10"
    },
    {
      "Package": {
        "Id": "System.IO.FileSystem.AccessControl",
        "Version": "4.5.0"
      },
      "Assemblies": [
        "C:\\Users\\Liviu.Ponova\\.nuget\\packages\\system.io.filesystem.accesscontrol\\4.5.0\\runtimes\\win\\lib\\netstandard2.0\\System.IO.FileSystem.AccessControl.dll"
      ],
      "Path": "C:\\Users\\Liviu.Ponova\\.nuget\\packages\\system.io.filesystem.accesscontrol\\4.5.0"
    },
    {
      "Package": {
        "Id": "System.IO.Pipelines",
        "Version": "4.7.1"
      },
      "Assemblies": [
        "C:\\Users\\Liviu.Ponova\\.nuget\\packages\\system.io.pipelines\\4.7.1\\lib\\netcoreapp3.0\\System.IO.Pipelines.dll"
      ],
      "Path": "C:\\Users\\Liviu.Ponova\\.nuget\\packages\\system.io.pipelines\\4.7.1"
    },
    {
      "Package": {
        "Id": "System.Memory",
        "Version": "4.5.5"
      },
      "Assemblies": [
        "C:\\Users\\Liviu.Ponova\\.nuget\\packages\\system.memory\\4.5.5\\lib\\netcoreapp2.1\\_._"
      ],
      "Path": "C:\\Users\\Liviu.Ponova\\.nuget\\packages\\system.memory\\4.5.5"
    },
    {
      "Package": {
        "Id": "System.Private.Uri",
        "Version": "4.3.0"
      },
      "Assemblies": [],
      "Path": "C:\\Users\\Liviu.Ponova\\.nuget\\packages\\system.private.uri\\4.3.0"
    },
    {
      "Package": {
        "Id": "System.Reflection",
        "Version": "4.3.0"
      },
      "Assemblies": [],
      "Path": "C:\\Users\\Liviu.Ponova\\.nuget\\packages\\system.reflection\\4.3.0"
    },
    {
      "Package": {
        "Id": "System.Reflection.Emit",
        "Version": "4.3.0"
      },
      "Assemblies": [
        "C:\\Users\\Liviu.Ponova\\.nuget\\packages\\system.reflection.emit\\4.3.0\\lib\\netstandard1.3\\System.Reflection.Emit.dll"
      ],
      "Path": "C:\\Users\\Liviu.Ponova\\.nuget\\packages\\system.reflection.emit\\4.3.0"
    },
    {
      "Package": {
        "Id": "System.Reflection.Emit.ILGeneration",
        "Version": "4.3.0"
      },
      "Assemblies": [
        "C:\\Users\\Liviu.Ponova\\.nuget\\packages\\system.reflection.emit.ilgeneration\\4.3.0\\lib\\netstandard1.3\\System.Reflection.Emit.ILGeneration.dll"
      ],
      "Path": "C:\\Users\\Liviu.Ponova\\.nuget\\packages\\system.reflection.emit.ilgeneration\\4.3.0"
    },
    {
      "Package": {
        "Id": "System.Reflection.Metadata",
        "Version": "5.0.0"
      },
      "Assemblies": [
        "C:\\Users\\Liviu.Ponova\\.nuget\\packages\\system.reflection.metadata\\5.0.0\\lib\\netstandard2.0\\System.Reflection.Metadata.dll"
      ],
      "Path": "C:\\Users\\Liviu.Ponova\\.nuget\\packages\\system.reflection.metadata\\5.0.0"
    },
    {
      "Package": {
        "Id": "System.Reflection.Primitives",
        "Version": "4.3.0"
      },
      "Assemblies": [],
      "Path": "C:\\Users\\Liviu.Ponova\\.nuget\\packages\\system.reflection.primitives\\4.3.0"
    },
    {
      "Package": {
        "Id": "System.Runtime",
        "Version": "4.3.0"
      },
      "Assemblies": [],
      "Path": "C:\\Users\\Liviu.Ponova\\.nuget\\packages\\system.runtime\\4.3.0"
    },
    {
      "Package": {
        "Id": "System.Runtime.Caching",
        "Version": "5.0.0"
      },
      "Assemblies": [
        "C:\\Users\\Liviu.Ponova\\.nuget\\packages\\system.runtime.caching\\5.0.0\\runtimes\\win\\lib\\netstandard2.0\\System.Runtime.Caching.dll"
      ],
      "Path": "C:\\Users\\Liviu.Ponova\\.nuget\\packages\\system.runtime.caching\\5.0.0"
    },
    {
      "Package": {
        "Id": "System.Runtime.CompilerServices.Unsafe",
        "Version": "6.0.0"
      },
      "Assemblies": [
        "C:\\Users\\Liviu.Ponova\\.nuget\\packages\\system.runtime.compilerservices.unsafe\\6.0.0\\lib\\net6.0\\System.Runtime.CompilerServices.Unsafe.dll"
      ],
      "Path": "C:\\Users\\Liviu.Ponova\\.nuget\\packages\\system.runtime.compilerservices.unsafe\\6.0.0"
    },
    {
      "Package": {
        "Id": "System.Security.AccessControl",
        "Version": "5.0.0"
      },
      "Assemblies": [
        "C:\\Users\\Liviu.Ponova\\.nuget\\packages\\system.security.accesscontrol\\5.0.0\\runtimes\\win\\lib\\netcoreapp2.0\\System.Security.AccessControl.dll"
      ],
      "Path": "C:\\Users\\Liviu.Ponova\\.nuget\\packages\\system.security.accesscontrol\\5.0.0"
    },
    {
      "Package": {
        "Id": "System.Security.Cryptography.Cng",
        "Version": "4.5.0"
      },
      "Assemblies": [
        "C:\\Users\\Liviu.Ponova\\.nuget\\packages\\system.security.cryptography.cng\\4.5.0\\runtimes\\win\\lib\\netcoreapp2.1\\System.Security.Cryptography.Cng.dll"
      ],
      "Path": "C:\\Users\\Liviu.Ponova\\.nuget\\packages\\system.security.cryptography.cng\\4.5.0"
    },
    {
      "Package": {
        "Id": "System.Security.Cryptography.ProtectedData",
        "Version": "5.0.0"
      },
      "Assemblies": [
        "C:\\Users\\Liviu.Ponova\\.nuget\\packages\\system.security.cryptography.protecteddata\\5.0.0\\runtimes\\win\\lib\\netstandard2.0\\System.Security.Cryptography.ProtectedData.dll"
      ],
      "Path": "C:\\Users\\Liviu.Ponova\\.nuget\\packages\\system.security.cryptography.protecteddata\\5.0.0"
    },
    {
      "Package": {
        "Id": "System.Security.Permissions",
        "Version": "5.0.0"
      },
      "Assemblies": [
        "C:\\Users\\Liviu.Ponova\\.nuget\\packages\\system.security.permissions\\5.0.0\\lib\\net5.0\\System.Security.Permissions.dll"
      ],
      "Path": "C:\\Users\\Liviu.Ponova\\.nuget\\packages\\system.security.permissions\\5.0.0"
    },
    {
      "Package": {
        "Id": "System.Security.Principal.Windows",
        "Version": "5.0.0"
      },
      "Assemblies": [
        "C:\\Users\\Liviu.Ponova\\.nuget\\packages\\system.security.principal.windows\\5.0.0\\runtimes\\win\\lib\\netcoreapp2.1\\System.Security.Principal.Windows.dll"
      ],
      "Path": "C:\\Users\\Liviu.Ponova\\.nuget\\packages\\system.security.principal.windows\\5.0.0"
    },
    {
      "Package": {
        "Id": "System.Text.Encoding",
        "Version": "4.3.0"
      },
      "Assemblies": [],
      "Path": "C:\\Users\\Liviu.Ponova\\.nuget\\packages\\system.text.encoding\\4.3.0"
    },
    {
      "Package": {
        "Id": "System.Text.Encoding.CodePages",
        "Version": "6.0.0"
      },
      "Assemblies": [
        "C:\\Users\\Liviu.Ponova\\.nuget\\packages\\system.text.encoding.codepages\\6.0.0\\runtimes\\win\\lib\\net6.0\\System.Text.Encoding.CodePages.dll"
      ],
      "Path": "C:\\Users\\Liviu.Ponova\\.nuget\\packages\\system.text.encoding.codepages\\6.0.0"
    },
    {
      "Package": {
        "Id": "System.Threading.Channels",
        "Version": "4.7.1"
      },
      "Assemblies": [
        "C:\\Users\\Liviu.Ponova\\.nuget\\packages\\system.threading.channels\\4.7.1\\lib\\netcoreapp3.0\\System.Threading.Channels.dll"
      ],
      "Path": "C:\\Users\\Liviu.Ponova\\.nuget\\packages\\system.threading.channels\\4.7.1"
    },
    {
      "Package": {
        "Id": "System.Threading.Tasks",
        "Version": "4.3.0"
      },
      "Assemblies": [],
      "Path": "C:\\Users\\Liviu.Ponova\\.nuget\\packages\\system.threading.tasks\\4.3.0"
    },
    {
      "Package": {
        "Id": "System.Threading.Tasks.Dataflow",
        "Version": "6.0.0"
      },
      "Assemblies": [
        "C:\\Users\\Liviu.Ponova\\.nuget\\packages\\system.threading.tasks.dataflow\\6.0.0\\lib\\net6.0\\System.Threading.Tasks.Dataflow.dll"
      ],
      "Path": "C:\\Users\\Liviu.Ponova\\.nuget\\packages\\system.threading.tasks.dataflow\\6.0.0"
    },
    {
      "Package": {
        "Id": "System.Threading.Tasks.Extensions",
        "Version": "4.5.4"
      },
      "Assemblies": [
        "C:\\Users\\Liviu.Ponova\\.nuget\\packages\\system.threading.tasks.extensions\\4.5.4\\lib\\netcoreapp2.1\\_._"
      ],
      "Path": "C:\\Users\\Liviu.Ponova\\.nuget\\packages\\system.threading.tasks.extensions\\4.5.4"
    },
    {
      "Package": {
        "Id": "System.ValueTuple",
        "Version": "4.5.0"
      },
      "Assemblies": [
        "C:\\Users\\Liviu.Ponova\\.nuget\\packages\\system.valuetuple\\4.5.0\\lib\\netcoreapp2.0\\_._"
      ],
      "Path": "C:\\Users\\Liviu.Ponova\\.nuget\\packages\\system.valuetuple\\4.5.0"
    },
    {
      "Package": {
        "Id": "System.Windows.Extensions",
        "Version": "5.0.0"
      },
      "Assemblies": [
        "C:\\Users\\Liviu.Ponova\\.nuget\\packages\\system.windows.extensions\\5.0.0\\runtimes\\win\\lib\\netcoreapp3.0\\System.Windows.Extensions.dll"
      ],
      "Path": "C:\\Users\\Liviu.Ponova\\.nuget\\packages\\system.windows.extensions\\5.0.0"
    },
    {
      "Package": {
        "Id": "UiPath",
        "Version": "23.10.71.64399"
      },
      "Assemblies": [
        "C:\\Users\\Liviu.Ponova\\.nuget\\packages\\uipath\\23.10.71.64399\\lib\\net6.0\\UiPath.Locator.dll"
      ],
      "Path": "C:\\Users\\Liviu.Ponova\\.nuget\\packages\\uipath\\23.10.71.64399"
    },
    {
      "Package": {
        "Id": "UiPath.Activities.RuntimeGovernance",
        "Version": "1.1.6"
      },
      "Assemblies": [
        "C:\\Users\\Liviu.Ponova\\.nuget\\packages\\uipath.activities.runtimegovernance\\1.1.6\\lib\\net5.0\\UiPath.Activities.RuntimeGovernance.dll"
      ],
      "Path": "C:\\Users\\Liviu.Ponova\\.nuget\\packages\\uipath.activities.runtimegovernance\\1.1.6"
    },
    {
      "Package": {
        "Id": "UiPath.CodedWorkflows",
        "Version": "24.2.0-alpha.4786647"
      },
      "Assemblies": [
        "C:\\Users\\Liviu.Ponova\\.nuget\\packages\\uipath.codedworkflows\\24.2.0-alpha.4786647\\lib\\net6.0\\UiPath.CodedWorkflows.dll"
      ],
      "Path": "C:\\Users\\Liviu.Ponova\\.nuget\\packages\\uipath.codedworkflows\\24.2.0-alpha.4786647"
    },
    {
      "Package": {
        "Id": "UiPath.Driver.Portable",
        "Version": "23.10.71.64399"
      },
      "Assemblies": [
        "C:\\Users\\Liviu.Ponova\\.nuget\\packages\\uipath.driver.portable\\23.10.71.64399\\lib\\net6.0\\Interop.UiPath.dll",
        "C:\\Users\\Liviu.Ponova\\.nuget\\packages\\uipath.driver.portable\\23.10.71.64399\\lib\\net6.0\\UiPath.Driver.Portable.dll"
      ],
      "Path": "C:\\Users\\Liviu.Ponova\\.nuget\\packages\\uipath.driver.portable\\23.10.71.64399"
    },
    {
      "Package": {
        "Id": "UiPath.Platform",
        "Version": "23.12.0-alpha.5088913"
      },
      "Assemblies": [
        "C:\\Users\\Liviu.Ponova\\.nuget\\packages\\uipath.platform\\23.12.0-alpha.5088913\\lib\\net6.0\\UiPath.Platform.dll"
      ],
      "Path": "C:\\Users\\Liviu.Ponova\\.nuget\\packages\\uipath.platform\\23.12.0-alpha.5088913"
    },
    {
      "Package": {
        "Id": "UiPath.System.Activities",
        "Version": "24.2.0-alpha.5123626"
      },
      "Assemblies": [
        "C:\\Users\\Liviu.Ponova\\.nuget\\packages\\uipath.system.activities\\24.2.0-alpha.5123626\\lib\\net6.0\\UiPath.System.Activities.ViewModels.dll"
      ],
      "Path": "C:\\Users\\Liviu.Ponova\\.nuget\\packages\\uipath.system.activities\\24.2.0-alpha.5123626"
    },
    {
      "Package": {
        "Id": "UiPath.System.Activities.Runtime",
        "Version": "24.2.0-alpha.5123626"
      },
      "Assemblies": [
        "C:\\Users\\Liviu.Ponova\\.nuget\\packages\\uipath.system.activities.runtime\\24.2.0-alpha.5123626\\lib\\net6.0\\UiPath.System.Activities.Package.Runtime.dll"
      ],
      "Path": "C:\\Users\\Liviu.Ponova\\.nuget\\packages\\uipath.system.activities.runtime\\24.2.0-alpha.5123626"
    },
    {
      "Package": {
        "Id": "UiPath.System.Activities.Runtime.Portable",
        "Version": "24.2.0-alpha.5123626"
      },
      "Assemblies": [
        "C:\\Users\\Liviu.Ponova\\.nuget\\packages\\uipath.system.activities.runtime.portable\\24.2.0-alpha.5123626\\lib\\net6.0\\UiPath.OrchestratorClient.dll",
        "C:\\Users\\Liviu.Ponova\\.nuget\\packages\\uipath.system.activities.runtime.portable\\24.2.0-alpha.5123626\\lib\\net6.0\\UiPath.System.Activities.Api.dll",
        "C:\\Users\\Liviu.Ponova\\.nuget\\packages\\uipath.system.activities.runtime.portable\\24.2.0-alpha.5123626\\lib\\net6.0\\UiPath.System.Activities.dll"
      ],
      "Path": "C:\\Users\\Liviu.Ponova\\.nuget\\packages\\uipath.system.activities.runtime.portable\\24.2.0-alpha.5123626"
    },
    {
      "Package": {
        "Id": "UiPath.Telemetry.Client",
        "Version": "1.6.69"
      },
      "Assemblies": [
        "C:\\Users\\Liviu.Ponova\\.nuget\\packages\\uipath.telemetry.client\\1.6.69\\lib\\netstandard2.0\\TelemetryClient.dll"
      ],
      "Path": "C:\\Users\\Liviu.Ponova\\.nuget\\packages\\uipath.telemetry.client\\1.6.69"
    },
    {
      "Package": {
        "Id": "UiPath.Testing.Activities",
        "Version": "23.10.0"
      },
      "Assemblies": [
        "C:\\Users\\Liviu.Ponova\\.nuget\\packages\\uipath.testing.activities\\23.10.0\\lib\\net6.0\\UiPath.Testing.Activities.Api.dll",
        "C:\\Users\\Liviu.Ponova\\.nuget\\packages\\uipath.testing.activities\\23.10.0\\lib\\net6.0\\UiPath.Testing.Activities.dll",
        "C:\\Users\\Liviu.Ponova\\.nuget\\packages\\uipath.testing.activities\\23.10.0\\lib\\net6.0\\UiPath.Testing.dll",
        "C:\\Users\\Liviu.Ponova\\.nuget\\packages\\uipath.testing.activities\\23.10.0\\lib\\net6.0\\UiPath.Testing.RulesLibrary.dll"
      ],
      "Path": "C:\\Users\\Liviu.Ponova\\.nuget\\packages\\uipath.testing.activities\\23.10.0"
    },
    {
      "Package": {
        "Id": "UiPath.UIAutomation.Activities",
        "Version": "23.10.7"
      },
      "Assemblies": [
        "C:\\Users\\Liviu.Ponova\\.nuget\\packages\\uipath.uiautomation.activities\\23.10.7\\lib\\net6.0\\UiPath.UIAutomationNext.Activities.Design.dll"
      ],
      "Path": "C:\\Users\\Liviu.Ponova\\.nuget\\packages\\uipath.uiautomation.activities\\23.10.7"
    },
    {
      "Package": {
        "Id": "UiPath.UIAutomation.Activities.Runtime.Portable",
        "Version": "23.10.7"
      },
      "Assemblies": [
        "C:\\Users\\Liviu.Ponova\\.nuget\\packages\\uipath.uiautomation.activities.runtime.portable\\23.10.7\\lib\\net6.0\\UiPath.Semantic.Activities.dll",
        "C:\\Users\\Liviu.Ponova\\.nuget\\packages\\uipath.uiautomation.activities.runtime.portable\\23.10.7\\lib\\net6.0\\UiPath.UIAutomationNext.Activities.dll",
        "C:\\Users\\Liviu.Ponova\\.nuget\\packages\\uipath.uiautomation.activities.runtime.portable\\23.10.7\\lib\\net6.0\\UiPath.UIAutomationNext.API.dll"
      ],
      "Path": "C:\\Users\\Liviu.Ponova\\.nuget\\packages\\uipath.uiautomation.activities.runtime.portable\\23.10.7"
    },
    {
      "Package": {
        "Id": "UiPath.WebAPI.Activities",
        "Version": "1.18.0"
      },
      "Assemblies": [
        "C:\\Users\\Liviu.Ponova\\.nuget\\packages\\uipath.webapi.activities\\1.18.0\\lib\\net6.0\\UiPath.Web.Activities.RulesLibrary.dll",
        "C:\\Users\\Liviu.Ponova\\.nuget\\packages\\uipath.webapi.activities\\1.18.0\\lib\\net6.0\\UiPath.Web.Activities.ViewModels.dll"
      ],
      "Path": "C:\\Users\\Liviu.Ponova\\.nuget\\packages\\uipath.webapi.activities\\1.18.0"
    },
    {
      "Package": {
        "Id": "UiPath.WebAPI.Runtime",
        "Version": "1.18.0"
      },
      "Assemblies": [
        "C:\\Users\\Liviu.Ponova\\.nuget\\packages\\uipath.webapi.runtime\\1.18.0\\lib\\net6.0\\UiPath.Web.Activities.dll",
        "C:\\Users\\Liviu.Ponova\\.nuget\\packages\\uipath.webapi.runtime\\1.18.0\\lib\\net6.0\\UiPath.Web.dll"
      ],
      "Path": "C:\\Users\\Liviu.Ponova\\.nuget\\packages\\uipath.webapi.runtime\\1.18.0"
    }
  ]
}