{
  "assemblyStates": {
    "C652286F2A9_conversa.Y1YQNaQNOQ19a3Z53pFsSR": {
      "namespace": "UiPath.IntegrationService.Activities.SWEntities.C652286F2A9_conversations_List.Bundle",
      "providerName": "CustomEntities",
      "key": {
        "name": "UiPath.IntegrationService.Activities.SWEntities.C652286F2A9_conversations_List",
        "hash": "ZC9NMTZ3bThiVXViUExjSjhPdmE5ZS96dWNWMlYwKzJubDlBemVNbm9hOEpqS2o0QzhVbmp6SzJKU2JKOEJZbkJueWk4Sm4wVUpXdzd4dXFFdTkycVE9PQ",
        "assemblyName": "C652286F2A9_conversa.Y1YQNaQNOQ19a3Z53pFsSR"
      }
    }
  }
}