{
  "assemblyStates": {
    "DeserializeJSON_d951.Wiopu2xV0vP192V8J3mFVY04": {
      "namespace": "UiPath.Web.Activities.ViewModels.SWEntities.DeserializeJSON_d95124.Bundle",
      "providerName": "CustomEntities",
      "key": {
        "name": "UiPath.Web.Activities.ViewModels.SWEntities.DeserializeJSON_d95124",
        "hash": "LTExNDUxNDE1OTM",
        "assemblyName": "DeserializeJSON_d951.Wiopu2xV0vP192V8J3mFVY04"
      }
    },
    "DeserializeJSON_330b.lVuxz3VeXlM1TrxfX1IxLGP1": {
      "namespace": "UiPath.Web.Activities.ViewModels.SWEntities.DeserializeJSON_330b7a.Bundle",
      "providerName": "CustomEntities",
      "key": {
        "name": "UiPath.Web.Activities.ViewModels.SWEntities.DeserializeJSON_330b7a",
        "hash": "LTEzMjIzODQ0Njg",
        "assemblyName": "DeserializeJSON_330b.lVuxz3VeXlM1TrxfX1IxLGP1"
      }
    }
  }
}