{
  "ExportedBy": "StudioWeb",
  "BundleHash": null,
  "Version": "1.0.0.0",
  "JitAssemblyCompilerCommands": [
    {
      "ProviderName": "CustomEntities",
      "BundleOptions": {
        "EntitiesBundle": {
          "Types": {
            "DeserializeJSON_d95124": {
              "Name": "DeserializeJSON_d95124",
              "Properties": [
                {
                  "Name": "Animal",
                  "Type": {
                    "DefinitionName": "Animal"
                  }
                },
                {
                  "Name": "Properietar",
                  "Type": {
                    "DefinitionName": "Properietar"
                  }
                }
              ],
              "BaseType": null
            },
            "Animal": {
              "Name": "Animal",
              "Properties": [
                {
                  "Name": "Pisica",
                  "Type": {
                    "DefinitionName": "Pisica"
                  }
                },
                {
                  "Name": "Caine",
                  "Type": {
                    "DefinitionName": "Caine"
                  }
                },
                {
                  "Name": "Cal",
                  "Type": {
                    "DefinitionName": "Cal"
                  }
                }
              ],
              "BaseType": null
            },
            "Pisica": {
              "Name": "Pisica",
              "Properties": [
                {
                  "Name": "Tom",
                  "Type": {
                    "DefinitionName": "Tom"
                  }
                },
                {
                  "Name": "Garfield",
                  "Type": {
                    "DefinitionName": "Garfield"
                  }
                }
              ],
              "BaseType": null
            },
            "Tom": {
              "Name": "Tom",
              "Properties": [
                {
                  "Name": "Rasa",
                  "Type": {
                    "ClrType": "System.String, System.Private.CoreLib"
                  }
                },
                {
                  "Name": "Varsta",
                  "Type": {
                    "ClrType": "System.Nullable`1[[System.Int32, System.Private.CoreLib]], System.Private.CoreLib"
                  }
                },
                {
                  "Name": "Talie",
                  "Type": {
                    "ClrType": "System.String, System.Private.CoreLib"
                  }
                },
                {
                  "Name": "Greutate",
                  "Type": {
                    "ClrType": "System.Nullable`1[[System.Int32, System.Private.CoreLib]], System.Private.CoreLib"
                  }
                },
                {
                  "Name": "Sterilizat",
                  "Type": {
                    "ClrType": "System.Nullable`1[[System.Boolean, System.Private.CoreLib]], System.Private.CoreLib"
                  }
                },
                {
                  "Name": "Culoare",
                  "Type": {
                    "ClrType": "System.String, System.Private.CoreLib"
                  }
                }
              ],
              "BaseType": null
            },
            "Garfield": {
              "Name": "Garfield",
              "Properties": [
                {
                  "Name": "Rasa",
                  "Type": {
                    "ClrType": "System.String, System.Private.CoreLib"
                  }
                },
                {
                  "Name": "Varsta",
                  "Type": {
                    "ClrType": "System.Nullable`1[[System.Int32, System.Private.CoreLib]], System.Private.CoreLib"
                  }
                },
                {
                  "Name": "Talie",
                  "Type": {
                    "ClrType": "System.String, System.Private.CoreLib"
                  }
                },
                {
                  "Name": "Greutate",
                  "Type": {
                    "ClrType": "System.Nullable`1[[System.Int32, System.Private.CoreLib]], System.Private.CoreLib"
                  }
                },
                {
                  "Name": "Sterilizat",
                  "Type": {
                    "ClrType": "System.Nullable`1[[System.Boolean, System.Private.CoreLib]], System.Private.CoreLib"
                  }
                },
                {
                  "Name": "Culoare",
                  "Type": {
                    "ClrType": "System.String, System.Private.CoreLib"
                  }
                }
              ],
              "BaseType": null
            },
            "Caine": {
              "Name": "Caine",
              "Properties": [
                {
                  "Name": "Jack",
                  "Type": {
                    "DefinitionName": "Jack"
                  }
                },
                {
                  "Name": "Daisy",
                  "Type": {
                    "DefinitionName": "Daisy"
                  }
                }
              ],
              "BaseType": null
            },
            "Jack": {
              "Name": "Jack",
              "Properties": [
                {
                  "Name": "Rasa",
                  "Type": {
                    "ClrType": "System.String, System.Private.CoreLib"
                  }
                },
                {
                  "Name": "Talie",
                  "Type": {
                    "ClrType": "System.String, System.Private.CoreLib"
                  }
                },
                {
                  "Name": "Greutate",
                  "Type": {
                    "ClrType": "System.Nullable`1[[System.Int32, System.Private.CoreLib]], System.Private.CoreLib"
                  }
                },
                {
                  "Name": "Agresiv",
                  "Type": {
                    "ClrType": "System.Nullable`1[[System.Boolean, System.Private.CoreLib]], System.Private.CoreLib"
                  }
                },
                {
                  "Name": "Loial",
                  "Type": {
                    "ClrType": "System.Nullable`1[[System.Boolean, System.Private.CoreLib]], System.Private.CoreLib"
                  }
                }
              ],
              "BaseType": null
            },
            "Daisy": {
              "Name": "Daisy",
              "Properties": [
                {
                  "Name": "Rasa",
                  "Type": {
                    "ClrType": "System.String, System.Private.CoreLib"
                  }
                },
                {
                  "Name": "Talie",
                  "Type": {
                    "ClrType": "System.String, System.Private.CoreLib"
                  }
                },
                {
                  "Name": "Greutate",
                  "Type": {
                    "ClrType": "System.Nullable`1[[System.Int32, System.Private.CoreLib]], System.Private.CoreLib"
                  }
                },
                {
                  "Name": "Agresiv",
                  "Type": {
                    "ClrType": "System.Nullable`1[[System.Boolean, System.Private.CoreLib]], System.Private.CoreLib"
                  }
                },
                {
                  "Name": "Loial",
                  "Type": {
                    "ClrType": "System.Nullable`1[[System.Boolean, System.Private.CoreLib]], System.Private.CoreLib"
                  }
                }
              ],
              "BaseType": null
            },
            "Cal": {
              "Name": "Cal",
              "Properties": [
                {
                  "Name": "BlackBeauty",
                  "Type": {
                    "DefinitionName": "BlackBeauty"
                  }
                }
              ],
              "BaseType": null
            },
            "BlackBeauty": {
              "Name": "BlackBeauty",
              "Properties": [
                {
                  "Name": "Rasa",
                  "Type": {
                    "ClrType": "System.String, System.Private.CoreLib"
                  }
                },
                {
                  "Name": "Greutate",
                  "Type": {
                    "ClrType": "System.Nullable`1[[System.Int32, System.Private.CoreLib]], System.Private.CoreLib"
                  }
                },
                {
                  "Name": "Culoare",
                  "Type": {
                    "ClrType": "System.String, System.Private.CoreLib"
                  }
                },
                {
                  "Name": "Varsta",
                  "Type": {
                    "ClrType": "System.Nullable`1[[System.Int32, System.Private.CoreLib]], System.Private.CoreLib"
                  }
                },
                {
                  "Name": "Atletic",
                  "Type": {
                    "ClrType": "System.Nullable`1[[System.Boolean, System.Private.CoreLib]], System.Private.CoreLib"
                  }
                },
                {
                  "Name": "Sterilizat",
                  "Type": {
                    "ClrType": "System.Nullable`1[[System.Boolean, System.Private.CoreLib]], System.Private.CoreLib"
                  }
                }
              ],
              "BaseType": null
            },
            "Properietar": {
              "Name": "Properietar",
              "Properties": [
                {
                  "Name": "Nume",
                  "Type": {
                    "ClrType": "System.String, System.Private.CoreLib"
                  }
                },
                {
                  "Name": "Varsta",
                  "Type": {
                    "ClrType": "System.Nullable`1[[System.Int32, System.Private.CoreLib]], System.Private.CoreLib"
                  }
                },
                {
                  "Name": "Inaltime",
                  "Type": {
                    "ClrType": "System.Nullable`1[[System.Int32, System.Private.CoreLib]], System.Private.CoreLib"
                  }
                },
                {
                  "Name": "Atletic",
                  "Type": {
                    "ClrType": "System.Nullable`1[[System.Boolean, System.Private.CoreLib]], System.Private.CoreLib"
                  }
                }
              ],
              "BaseType": null
            }
          },
          "Version": 1
        },
        "Hash": "-1145141593",
        "BundleName": "DeserializeJSON_d95124"
      },
      "EntityAssemblyKey": {
        "Name": "UiPath.Web.Activities.ViewModels.SWEntities.DeserializeJSON_d95124",
        "Hash": "LTExNDUxNDE1OTM",
        "AssemblyName": "DeserializeJSON_d951.Wiopu2xV0vP192V8J3mFVY04"
      }
    },
    {
      "ProviderName": "CustomEntities",
      "BundleOptions": {
        "EntitiesBundle": {
          "Types": {
            "DeserializeJSON_330b7a": {
              "Name": "DeserializeJSON_330b7a",
              "Properties": [
                {
                  "Name": "Animal",
                  "Type": {
                    "DefinitionName": "Animal"
                  }
                },
                {
                  "Name": "Properietar",
                  "Type": {
                    "DefinitionName": "Properietar"
                  }
                },
                {
                  "Name": "test",
                  "Type": {
                    "ClrType": "System.Nullable`1[[System.Int32, System.Private.CoreLib]], System.Private.CoreLib"
                  }
                }
              ],
              "BaseType": null
            },
            "Animal": {
              "Name": "Animal",
              "Properties": [
                {
                  "Name": "Pisica",
                  "Type": {
                    "DefinitionName": "Pisica"
                  }
                },
                {
                  "Name": "Caine",
                  "Type": {
                    "DefinitionName": "Caine"
                  }
                },
                {
                  "Name": "Cal",
                  "Type": {
                    "DefinitionName": "Cal"
                  }
                }
              ],
              "BaseType": null
            },
            "Pisica": {
              "Name": "Pisica",
              "Properties": [
                {
                  "Name": "Tom",
                  "Type": {
                    "DefinitionName": "Tom"
                  }
                },
                {
                  "Name": "Garfield",
                  "Type": {
                    "DefinitionName": "Garfield"
                  }
                }
              ],
              "BaseType": null
            },
            "Tom": {
              "Name": "Tom",
              "Properties": [
                {
                  "Name": "Rasa",
                  "Type": {
                    "ClrType": "System.String, System.Private.CoreLib"
                  }
                },
                {
                  "Name": "Varsta",
                  "Type": {
                    "ClrType": "System.Nullable`1[[System.Int32, System.Private.CoreLib]], System.Private.CoreLib"
                  }
                },
                {
                  "Name": "Talie",
                  "Type": {
                    "ClrType": "System.String, System.Private.CoreLib"
                  }
                },
                {
                  "Name": "Greutate",
                  "Type": {
                    "ClrType": "System.Nullable`1[[System.Int32, System.Private.CoreLib]], System.Private.CoreLib"
                  }
                },
                {
                  "Name": "Sterilizat",
                  "Type": {
                    "ClrType": "System.Nullable`1[[System.Boolean, System.Private.CoreLib]], System.Private.CoreLib"
                  }
                },
                {
                  "Name": "Culoare",
                  "Type": {
                    "ClrType": "System.String, System.Private.CoreLib"
                  }
                }
              ],
              "BaseType": null
            },
            "Garfield": {
              "Name": "Garfield",
              "Properties": [
                {
                  "Name": "Rasa",
                  "Type": {
                    "ClrType": "System.String, System.Private.CoreLib"
                  }
                },
                {
                  "Name": "Varsta",
                  "Type": {
                    "ClrType": "System.Nullable`1[[System.Int32, System.Private.CoreLib]], System.Private.CoreLib"
                  }
                },
                {
                  "Name": "Talie",
                  "Type": {
                    "ClrType": "System.String, System.Private.CoreLib"
                  }
                },
                {
                  "Name": "Greutate",
                  "Type": {
                    "ClrType": "System.Nullable`1[[System.Int32, System.Private.CoreLib]], System.Private.CoreLib"
                  }
                },
                {
                  "Name": "Sterilizat",
                  "Type": {
                    "ClrType": "System.Nullable`1[[System.Boolean, System.Private.CoreLib]], System.Private.CoreLib"
                  }
                },
                {
                  "Name": "Culoare",
                  "Type": {
                    "ClrType": "System.String, System.Private.CoreLib"
                  }
                }
              ],
              "BaseType": null
            },
            "Caine": {
              "Name": "Caine",
              "Properties": [
                {
                  "Name": "Jack",
                  "Type": {
                    "DefinitionName": "Jack"
                  }
                },
                {
                  "Name": "Daisy",
                  "Type": {
                    "DefinitionName": "Daisy"
                  }
                }
              ],
              "BaseType": null
            },
            "Jack": {
              "Name": "Jack",
              "Properties": [
                {
                  "Name": "Rasa",
                  "Type": {
                    "ClrType": "System.String, System.Private.CoreLib"
                  }
                },
                {
                  "Name": "Talie",
                  "Type": {
                    "ClrType": "System.String, System.Private.CoreLib"
                  }
                },
                {
                  "Name": "Greutate",
                  "Type": {
                    "ClrType": "System.Nullable`1[[System.Int32, System.Private.CoreLib]], System.Private.CoreLib"
                  }
                },
                {
                  "Name": "Agresiv",
                  "Type": {
                    "ClrType": "System.Nullable`1[[System.Boolean, System.Private.CoreLib]], System.Private.CoreLib"
                  }
                },
                {
                  "Name": "Loial",
                  "Type": {
                    "ClrType": "System.Nullable`1[[System.Boolean, System.Private.CoreLib]], System.Private.CoreLib"
                  }
                }
              ],
              "BaseType": null
            },
            "Daisy": {
              "Name": "Daisy",
              "Properties": [
                {
                  "Name": "Rasa",
                  "Type": {
                    "ClrType": "System.String, System.Private.CoreLib"
                  }
                },
                {
                  "Name": "Talie",
                  "Type": {
                    "ClrType": "System.String, System.Private.CoreLib"
                  }
                },
                {
                  "Name": "Greutate",
                  "Type": {
                    "ClrType": "System.Nullable`1[[System.Int32, System.Private.CoreLib]], System.Private.CoreLib"
                  }
                },
                {
                  "Name": "Agresiv",
                  "Type": {
                    "ClrType": "System.Nullable`1[[System.Boolean, System.Private.CoreLib]], System.Private.CoreLib"
                  }
                },
                {
                  "Name": "Loial",
                  "Type": {
                    "ClrType": "System.Nullable`1[[System.Boolean, System.Private.CoreLib]], System.Private.CoreLib"
                  }
                }
              ],
              "BaseType": null
            },
            "Cal": {
              "Name": "Cal",
              "Properties": [
                {
                  "Name": "BlackBeauty",
                  "Type": {
                    "DefinitionName": "BlackBeauty"
                  }
                }
              ],
              "BaseType": null
            },
            "BlackBeauty": {
              "Name": "BlackBeauty",
              "Properties": [
                {
                  "Name": "Rasa",
                  "Type": {
                    "ClrType": "System.String, System.Private.CoreLib"
                  }
                },
                {
                  "Name": "Greutate",
                  "Type": {
                    "ClrType": "System.Nullable`1[[System.Int32, System.Private.CoreLib]], System.Private.CoreLib"
                  }
                },
                {
                  "Name": "Culoare",
                  "Type": {
                    "ClrType": "System.String, System.Private.CoreLib"
                  }
                },
                {
                  "Name": "Varsta",
                  "Type": {
                    "ClrType": "System.Nullable`1[[System.Int32, System.Private.CoreLib]], System.Private.CoreLib"
                  }
                },
                {
                  "Name": "Atletic",
                  "Type": {
                    "ClrType": "System.Nullable`1[[System.Boolean, System.Private.CoreLib]], System.Private.CoreLib"
                  }
                },
                {
                  "Name": "Sterilizat",
                  "Type": {
                    "ClrType": "System.Nullable`1[[System.Boolean, System.Private.CoreLib]], System.Private.CoreLib"
                  }
                }
              ],
              "BaseType": null
            },
            "Properietar": {
              "Name": "Properietar",
              "Properties": [
                {
                  "Name": "Nume",
                  "Type": {
                    "ClrType": "System.String, System.Private.CoreLib"
                  }
                },
                {
                  "Name": "Varsta",
                  "Type": {
                    "ClrType": "System.Nullable`1[[System.Int32, System.Private.CoreLib]], System.Private.CoreLib"
                  }
                },
                {
                  "Name": "Inaltime",
                  "Type": {
                    "ClrType": "System.Nullable`1[[System.Int32, System.Private.CoreLib]], System.Private.CoreLib"
                  }
                },
                {
                  "Name": "Atletic",
                  "Type": {
                    "ClrType": "System.Nullable`1[[System.Boolean, System.Private.CoreLib]], System.Private.CoreLib"
                  }
                }
              ],
              "BaseType": null
            }
          },
          "Version": 1
        },
        "Hash": "-1322384468",
        "BundleName": "DeserializeJSON_330b7a"
      },
      "EntityAssemblyKey": {
        "Name": "UiPath.Web.Activities.ViewModels.SWEntities.DeserializeJSON_330b7a",
        "Hash": "LTEzMjIzODQ0Njg",
        "AssemblyName": "DeserializeJSON_330b.lVuxz3VeXlM1TrxfX1IxLGP1"
      }
    }
  ]
}