{
  "exportedBy": null,
  "bundleHash": null,
  "version": "1.0.0.0",
  "jitAssemblyCompilerCommands": [
    {
      "providerName": "CustomEntities",
      "bundleOptions": {
        "hash": "UqnBCzxhNloVzWw5RGByJvk43FDjeSV9Cwv1IGcbqlA",
        "bundleName": "PW_Json_Schema_Persoana_0981a",
        "entitiesBundle": {
          "Types": {
            "PW_Json_Schema_Persoana_0981a": {
              "name": "PW_Json_Schema_Persoana_0981a",
              "properties": [
                {
                  "name": "nume",
                  "type": {
                    "ClrType": "System.String, System.Private.CoreLib"
                  }
                },
                {
                  "name": "prenume",
                  "type": {
                    "ClrType": "System.String, System.Private.CoreLib"
                  }
                },
                {
                  "name": "varsta",
                  "type": {
                    "ClrType": "System.Int32, System.Private.CoreLib"
                  }
                },
                {
                  "name": "areSapca",
                  "type": {
                    "ClrType": "System.Boolean, System.Private.CoreLib"
                  }
                },
                {
                  "name": "cnp",
                  "type": {
                    "ClrType": "System.Double, System.Private.CoreLib"
                  }
                },
                {
                  "name": "dataNasterii",
                  "type": {
                    "ClrType": "System.String, System.Private.CoreLib"
                  }
                },
                {
                  "name": "limbiStraine",
                  "type": {
                    "ClrType": "System.String[], System.Private.CoreLib"
                  }
                },
                {
                  "name": "notaPerLimbaStraina",
                  "type": {
                    "ClrType": "System.Int32[], System.Private.CoreLib"
                  }
                }
              ],
              "baseType": {
                "ClrType": "System.Object, System.Private.CoreLib"
              }
            }
          },
          "version": 1
        }
      },
      "entityAssemblyKey": {
        "name": "UiPath.System.Activities.ViewModels.SWEntities.PW_Json_Schema_Persoana_0981a",
        "hash": "VXFuQkN6eGhObG9Weld3NVJHQnlKdms0M0ZEamVTVjlDd3YxSUdjYnFsQQ",
        "assemblyName": "PW_Json_Schema_Perso.fZPeU2XPrJL1ogJOTZvLI24"
      }
    },
    {
      "providerName": "CustomEntities",
      "bundleOptions": {
        "hash": "wt0IRoyxdRJFNv9vdLjIrhxcZkgVJIcm9ujmOdtG94",
        "bundleName": "PW_Json_Schema_Persoana_New_0dbc1",
        "entitiesBundle": {
          "Types": {
            "PW_Json_Schema_Persoana_New_0dbc1": {
              "name": "PW_Json_Schema_Persoana_New_0dbc1",
              "properties": [
                {
                  "name": "nume",
                  "type": {
                    "ClrType": "System.String, System.Private.CoreLib"
                  }
                },
                {
                  "name": "prenume",
                  "type": {
                    "ClrType": "System.String, System.Private.CoreLib"
                  }
                },
                {
                  "name": "varsta",
                  "type": {
                    "ClrType": "System.Int32, System.Private.CoreLib"
                  }
                },
                {
                  "name": "areSapca",
                  "type": {
                    "ClrType": "System.Boolean, System.Private.CoreLib"
                  }
                },
                {
                  "name": "cnp",
                  "type": {
                    "ClrType": "System.Double, System.Private.CoreLib"
                  }
                },
                {
                  "name": "dataNasterii",
                  "type": {
                    "ClrType": "System.String, System.Private.CoreLib"
                  }
                },
                {
                  "name": "limbiStraine",
                  "type": {
                    "ClrType": "System.String[], System.Private.CoreLib"
                  }
                },
                {
                  "name": "notaPerLimbaStraina",
                  "type": {
                    "ClrType": "System.Int32[], System.Private.CoreLib"
                  }
                }
              ],
              "baseType": {
                "ClrType": "System.Object, System.Private.CoreLib"
              }
            }
          },
          "version": 1
        }
      },
      "entityAssemblyKey": {
        "name": "UiPath.System.Activities.ViewModels.SWEntities.PW_Json_Schema_Persoana_New_0dbc1",
        "hash": "d3QwSVJveXhkUkpGTnY5dmRMaklyaHhjWmtnVkpJY205dWptT2R0Rzk0",
        "assemblyName": "PW_Json_Schema_Perso.CZ7VyzrHbS1JUdgI2b8rsV3"
      }
    }
  ]
}