{
  "Workflows": [
    {
      "Path": null,
      "SortBy": 0,
      "VariablesSectionElementsOrder": [
        "my_gv&"
      ],
      "ArgumentsSectionElementsOrder": null,
      "ConstantsSectionElementsOrder": [
        "gc_test&"
      ],
      "AddedNamespaces": null
    },
    {
      "Path": "Main.xaml",
      "SortBy": 0,
      "VariablesSectionElementsOrder": [
        "_out_ExtractDocumentDataWithDocumentData_Generic_1_2__ExtractionResults&Sequence_1",
        "my_gv&Sequence_4",
        "var_filterId&Sequence_1",
        "myResponse&Sequence_1",
        "my_DocData&Sequence_1",
        "my_Dt1&Sequence_3",
        "out_RangeInfo&Sequence_3",
        "my_Dt4&Sequence_3",
        "result&Sequence_1",
        "myIEnum&Sequence_1",
        "myList&Sequence_1"
      ],
      "ArgumentsSectionElementsOrder": [],
      "ConstantsSectionElementsOrder": [
        "gc_test&Sequence_4"
      ],
      "AddedNamespaces": null
    },
    {
      "Path": "Sequence.xaml",
      "SortBy": 0,
      "VariablesSectionElementsOrder": [
        "_out_PathExists_1__Resource&Sequence_1",
        "_out_ReadTextFile_1__Content&Sequence_1",
        "jsonOutput&Sequence_1"
      ],
      "ArgumentsSectionElementsOrder": [
        "argument1",
        "argument2",
        "argument3",
        "argument4",
        "argument5"
      ],
      "ConstantsSectionElementsOrder": [],
      "AddedNamespaces": null
    }
  ]
}