{
  "DisplayName": "Main",
  "Tooltip": null,
  "HelpLink": null,
  "Color": null,
  "OriginalIconFileName": null,
  "Arguments": [
    {
      "Name": "in_Main_String_Arg",
      "DisplayName": "Argument de tip String din Main.xaml",
      "Category": null,
      "Tooltip": "introduceti textul dvs (obligatoriu)",
      "Placeholder": null,
      "Widget": "TextComposer",
      "IsRequired": true,
      "IsPrincipal": true,
      "ArgumentType": 0,
      "DataSourceItems": null
    },
    {
      "Name": "in_Main_ListOfComplexType_Arg",
      "DisplayName": "in_Main_ListOfComplexType_Arg",
      "Category": null,
      "Tooltip": null,
      "Placeholder": null,
      "Widget": null,
      "IsRequired": false,
      "IsPrincipal": true,
      "ArgumentType": 0,
      "DataSourceItems": null
    },
    {
      "Name": "inOut_Main_StringArray_Arg",
      "DisplayName": "inOut_Main_StringArray_Arg",
      "Category": null,
      "Tooltip": null,
      "Placeholder": null,
      "Widget": "StringArray",
      "IsRequired": true,
      "IsPrincipal": true,
      "ArgumentType": 0,
      "DataSourceItems": null
    },
    {
      "Name": "in_Main_Int_Arg",
      "DisplayName": "Argument de tip Int din Main.xaml",
      "Category": null,
      "Tooltip": "intorduceti o valoare numerica (optional)",
      "Placeholder": null,
      "Widget": "Number",
      "IsRequired": false,
      "IsPrincipal": true,
      "ArgumentType": 0,
      "DataSourceItems": null
    },
    {
      "Name": "in_Main_Bool_Arg",
      "DisplayName": "Argument de tip Boolean in Main.xaml",
      "Category": null,
      "Tooltip": "Selectati adevarat sau fals (obligatoriu)",
      "Placeholder": null,
      "Widget": "Toggle",
      "IsRequired": true,
      "IsPrincipal": true,
      "ArgumentType": 0,
      "DataSourceItems": null
    },
    {
      "Name": "in_Main_DataTable_Arg",
      "DisplayName": "in_Main_DataTable_Arg",
      "Category": null,
      "Tooltip": null,
      "Placeholder": null,
      "Widget": null,
      "IsRequired": false,
      "IsPrincipal": true,
      "ArgumentType": 0,
      "DataSourceItems": null
    },
    {
      "Name": "out_Main_IntArray_Arg",
      "DisplayName": "out_Main_IntArray_Arg",
      "Category": null,
      "Tooltip": null,
      "Placeholder": null,
      "Widget": null,
      "IsRequired": false,
      "IsPrincipal": true,
      "ArgumentType": 0,
      "DataSourceItems": null
    }
  ]
}