{
  "assemblyStates": {
    "C6c4bc33b7c7f4c018bf.HFzI02jYKnF1O6ylZ4eruVK": {
      "namespace": "UiPath.Jira.IntegrationService.Activities.SWEntities.C6c4bc33b7c7f4c018bf3d77768257aaa_designer_Customfield12533.Bundle",
      "providerName": "CustomEntities",
      "key": {
        "name": "UiPath.Jira.IntegrationService.Activities.SWEntities.C6c4bc33b7c7f4c018bf3d77768257aaa_designer_Customfield12533",
        "hash": "U1U1K29ObkIwc2NuaUw5MzdNSmRSK0VCWHVqVjRnVHhzNmNScFY2Z0UvZ1YvaW1PUUxiQ3l5cW9xdlp6OUdyb1lpVVdYWndqT1Ftc0t6TXRtM2Q2Qnc9PQ",
        "assemblyName": "C6c4bc33b7c7f4c018bf.HFzI02jYKnF1O6ylZ4eruVK"
      }
    },
    "C6c4bc33b7c7f4c018bf.ge1tedbC6G1wDFql3WF4SF": {
      "namespace": "UiPath.Jira.IntegrationService.Activities.SWEntities.C6c4bc33b7c7f4c018bf3d77768257aaa_epicStatus_Customfield10009.Bundle",
      "providerName": "CustomEntities",
      "key": {
        "name": "UiPath.Jira.IntegrationService.Activities.SWEntities.C6c4bc33b7c7f4c018bf3d77768257aaa_epicStatus_Customfield10009",
        "hash": "blkwanJpT2s5UXE5WTVlTEowS0duWXJHdyswTzlyYkFscnFtYUtTQzVSck5vWVc3aVlHL1ZLOFhQNEhsdnpoR3ZJL0VBaEdvYWdhQ1JvbmoxLzkyUEE9PQ",
        "assemblyName": "C6c4bc33b7c7f4c018bf.ge1tedbC6G1wDFql3WF4SF"
      }
    },
    "C6c4bc33b7c7f4c018bf.P8ncw2yHLVO1ay1cN2uB2YN": {
      "namespace": "UiPath.Jira.IntegrationService.Activities.SWEntities.C6c4bc33b7c7f4c018bf3d77768257aaa_techWriter_Customfield11437.Bundle",
      "providerName": "CustomEntities",
      "key": {
        "name": "UiPath.Jira.IntegrationService.Activities.SWEntities.C6c4bc33b7c7f4c018bf3d77768257aaa_techWriter_Customfield11437",
        "hash": "WVp4LzBLQWlDNkZzSmJ4R0ZEbmxGMmxxWUpJN3EzZncwdGRiR3dLVEtLTzgzeXFDVEYrN01Ld0hRcklNRkREY2cxQTZEdk4vVmw5NkFVRGpmcktTR0E9PQ",
        "assemblyName": "C6c4bc33b7c7f4c018bf.P8ncw2yHLVO1ay1cN2uB2YN"
      }
    },
    "C6c4bc33b7c7f4c018bf.kIf8b9AosL1hZdeegPehY": {
      "namespace": "UiPath.Jira.IntegrationService.Activities.SWEntities.C6c4bc33b7c7f4c018bf3d77768257aaa_releaseVehicle_Customfield14157.Bundle",
      "providerName": "CustomEntities",
      "key": {
        "name": "UiPath.Jira.IntegrationService.Activities.SWEntities.C6c4bc33b7c7f4c018bf3d77768257aaa_releaseVehicle_Customfield14157",
        "hash": "MXhQZkJMNkhHUGNUZ0tscHZKNEN5amIvNmU3N3duQnR5VUdrS2VHbCtFR0FZNjZqTmtBSDhSVVBGWkdscFZYYVhLSm9FNFZ0QzAyL1lEVUxXYW5DYlE9PQ",
        "assemblyName": "C6c4bc33b7c7f4c018bf.kIf8b9AosL1hZdeegPehY"
      }
    },
    "C6c4bc33b7c7f4c018bf.wIILI4KDyJG1yEAaK3vLr7l": {
      "namespace": "UiPath.Jira.IntegrationService.Activities.SWEntities.C6c4bc33b7c7f4c018bf3d77768257aaa_qaEngineer_Customfield11550.Bundle",
      "providerName": "CustomEntities",
      "key": {
        "name": "UiPath.Jira.IntegrationService.Activities.SWEntities.C6c4bc33b7c7f4c018bf3d77768257aaa_qaEngineer_Customfield11550",
        "hash": "MTArNjJGajRNek1RUTNyenVvL01OdFJYUFBmN1diNHFjdG5XZnlZbGVqaitiWkxWOGxxYXBZSnZGQ2pwOUloVXZOQXZJQmxpQnEzMU0wQVVwTmY0cFE9PQ",
        "assemblyName": "C6c4bc33b7c7f4c018bf.wIILI4KDyJG1yEAaK3vLr7l"
      }
    },
    "C6c4bc33b7c7f4c018bf.8AXgy1XPrsE1WR7mcWykiD4": {
      "namespace": "UiPath.Jira.IntegrationService.Activities.SWEntities.C6c4bc33b7c7f4c018bf3d77768257aaa_category_Customfield13117.Bundle",
      "providerName": "CustomEntities",
      "key": {
        "name": "UiPath.Jira.IntegrationService.Activities.SWEntities.C6c4bc33b7c7f4c018bf3d77768257aaa_category_Customfield13117",
        "hash": "NnRoK0JQenNKNGlUeWJ3a05ZZUU3cHVsVDRPTGRDUnRYTlVXZGhqKzVITCswZm1iUjEvdkJwWjZZcFU5Y1R1L3JSWDN6Sm9tNnJQMDAzcytRTGpwMUE9PQ",
        "assemblyName": "C6c4bc33b7c7f4c018bf.8AXgy1XPrsE1WR7mcWykiD4"
      }
    },
    "C6c4bc33b7c7f4c018bf.8N4vA2OTatN1as3NN3C83VK": {
      "namespace": "UiPath.Jira.IntegrationService.Activities.SWEntities.C6c4bc33b7c7f4c018bf3d77768257aaa_visibleToGroup_Customfield12761.Bundle",
      "providerName": "CustomEntities",
      "key": {
        "name": "UiPath.Jira.IntegrationService.Activities.SWEntities.C6c4bc33b7c7f4c018bf3d77768257aaa_visibleToGroup_Customfield12761",
        "hash": "NzJtbkQvQnlFMnBqZ1ZCUTNORlRNcVVPQlo1Q3lvMVZCMDFiV1NHWlA0cXhnTWd2eVk2ZVlOcXJGQnpzcUtmNzlDRE9JeCtFRnBpRUFGRlBXUUlQMFE9PQ",
        "assemblyName": "C6c4bc33b7c7f4c018bf.8N4vA2OTatN1as3NN3C83VK"
      }
    },
    "C6c4bc33b7c7f4c018bf.YoP9B1TiNRL1oLNV43teYse": {
      "namespace": "UiPath.Jira.IntegrationService.Activities.SWEntities.C6c4bc33b7c7f4c018bf3d77768257aaa_severity_Customfield10300.Bundle",
      "providerName": "CustomEntities",
      "key": {
        "name": "UiPath.Jira.IntegrationService.Activities.SWEntities.C6c4bc33b7c7f4c018bf3d77768257aaa_severity_Customfield10300",
        "hash": "VC9nalAyaThPcThvSWlsUlBya2lta2JmVXhzaW1Nc21CSHU3MGdVcTJNYStsRzVjYXdhQW5qd0dPUlVDbVRrOWhCY1BDVGVBUWZSM1NkaG1lRHJOZkE9PQ",
        "assemblyName": "C6c4bc33b7c7f4c018bf.YoP9B1TiNRL1oLNV43teYse"
      }
    },
    "C6c4bc33b7c7f4c018bf.tiWNh3UzeTI1CGwme2zGmg33": {
      "namespace": "UiPath.Jira.IntegrationService.Activities.SWEntities.C6c4bc33b7c7f4c018bf3d77768257aaa_docStatus_Customfield11442.Bundle",
      "providerName": "CustomEntities",
      "key": {
        "name": "UiPath.Jira.IntegrationService.Activities.SWEntities.C6c4bc33b7c7f4c018bf3d77768257aaa_docStatus_Customfield11442",
        "hash": "OG53NVFKZHlyZEhVaGIzZkY0MnNGdmRiK0VPNEk2OFZHblprWGRzb0VCaUN1bEppVjdSYXcyN2NaYkNiQ1pIVzAvb0NFQnhtOXZDTXVEdjEvcmMxd1E9PQ",
        "assemblyName": "C6c4bc33b7c7f4c018bf.tiWNh3UzeTI1CGwme2zGmg33"
      }
    },
    "C6c4bc33b7c7f4c018bf.PcRQaNQ2PD1OMZmJRaH6P2": {
      "namespace": "UiPath.Jira.IntegrationService.Activities.SWEntities.C6c4bc33b7c7f4c018bf3d77768257aaa_environment_Customfield11819.Bundle",
      "providerName": "CustomEntities",
      "key": {
        "name": "UiPath.Jira.IntegrationService.Activities.SWEntities.C6c4bc33b7c7f4c018bf3d77768257aaa_environment_Customfield11819",
        "hash": "alZUQTQ0ZVpyalpKNFJDa1RNWmVnc3NXTElCcFFIYTZ0SU0rek5lNDhqL0NGYlN2bXk1TkNLNW9wMXJrTFRvT3dHUThldmxQV0p0cDFxM2VWenE4cFE9PQ",
        "assemblyName": "C6c4bc33b7c7f4c018bf.PcRQaNQ2PD1OMZmJRaH6P2"
      }
    },
    "C6c4bc33b7c7f4c018bf.QgJRE1whLQM1tPPzb4oG9GS4": {
      "namespace": "UiPath.Jira.IntegrationService.Activities.SWEntities.C6c4bc33b7c7f4c018bf3d77768257aaa_sprint_Customfield10006.Bundle",
      "providerName": "CustomEntities",
      "key": {
        "name": "UiPath.Jira.IntegrationService.Activities.SWEntities.C6c4bc33b7c7f4c018bf3d77768257aaa_sprint_Customfield10006",
        "hash": "UDlzK2VHRExNM1l3V0QwOUFnM29nakVNb0NGK1I3UHdpWmdHT1hRUnVoUllkNWhHcmVhbUh5R0ZQcWhkSmthUVA5anlLZ2t6c3VKbG9PdzZJam5Bc1E9PQ",
        "assemblyName": "C6c4bc33b7c7f4c018bf.QgJRE1whLQM1tPPzb4oG9GS4"
      }
    },
    "C6c4bc33b7c7f4c018bf.TJ8rY1F7A6R1ctdVm3GdfQ04": {
      "namespace": "UiPath.Jira.IntegrationService.Activities.SWEntities.C6c4bc33b7c7f4c018bf3d77768257aaa_cloudDeploymentStage_Customfield12305.Bundle",
      "providerName": "CustomEntities",
      "key": {
        "name": "UiPath.Jira.IntegrationService.Activities.SWEntities.C6c4bc33b7c7f4c018bf3d77768257aaa_cloudDeploymentStage_Customfield12305",
        "hash": "Z2w0RlZoNkpHVEdQMFRzMUpQcWRMTlE5UXJ1RGRZdFBvVGllYk9aR0FrMmJsUEJ3dlFuSWJ4QzJ6blliYTFFS1BKRVNGOUdEdGNaS2V0VXNwUXNJQXc9PQ",
        "assemblyName": "C6c4bc33b7c7f4c018bf.TJ8rY1F7A6R1ctdVm3GdfQ04"
      }
    },
    "C6c4bc33b7c7f4c018bf.kG24m1NzniF1PmRRu2q6OX31": {
      "namespace": "UiPath.Jira.IntegrationService.Activities.SWEntities.C6c4bc33b7c7f4c018bf3d77768257aaa_accessibilityComplianceLevel_Customfield12515.Bundle",
      "providerName": "CustomEntities",
      "key": {
        "name": "UiPath.Jira.IntegrationService.Activities.SWEntities.C6c4bc33b7c7f4c018bf3d77768257aaa_accessibilityComplianceLevel_Customfield12515",
        "hash": "NWpWTUl4TzFLZzJiU1d2Z3NBdUNQVk5TL0g2amRnOTAyMVJnT1NLckhNNWFFdWptNlR2UGQ0RjN1Z0VkMzBXeml3NlV4MlF3WU5DVG0rVy8yWG8wQVE9PQ",
        "assemblyName": "C6c4bc33b7c7f4c018bf.kG24m1NzniF1PmRRu2q6OX31"
      }
    },
    "C6c4bc33b7c7f4c018bf.yr0cb197T1J1Ss2ay1SZlFm": {
      "namespace": "UiPath.Jira.IntegrationService.Activities.SWEntities.C6c4bc33b7c7f4c018bf3d77768257aaa_salesforceCaseStatus_Customfield14171.Bundle",
      "providerName": "CustomEntities",
      "key": {
        "name": "UiPath.Jira.IntegrationService.Activities.SWEntities.C6c4bc33b7c7f4c018bf3d77768257aaa_salesforceCaseStatus_Customfield14171",
        "hash": "L2d5bmNJSUg0Z2ZDQmJ1ZGZ1WU9jT0FwS0tBSGRvcEMybmFwR3RtaW96d2xianQ4NzhPaXh2OHdXUUYvcjlNcnhjRHF0RXN2K1FDc1E3aGxRbG9ic2c9PQ",
        "assemblyName": "C6c4bc33b7c7f4c018bf.yr0cb197T1J1Ss2ay1SZlFm"
      }
    },
    "C6c4bc33b7c7f4c018bf.Ff20A1lSiND1UNKn94qYmdm2": {
      "namespace": "UiPath.Jira.IntegrationService.Activities.SWEntities.C6c4bc33b7c7f4c018bf3d77768257aaa_curated_issue_STUD_64599.Bundle",
      "providerName": "CustomEntities",
      "key": {
        "name": "UiPath.Jira.IntegrationService.Activities.SWEntities.C6c4bc33b7c7f4c018bf3d77768257aaa_curated_issue_STUD_64599",
        "hash": "bGdtSk5TQitLOWZ0TTlacXNiMEZBUDl4b2dkTmJCQUNUeE1VcE5pZUdrdndXT1dhWUdnSGRRSStvbFF0NW9mZk5IWGNaaEw5bGt1blErTUZLamJ1a0E9PQ",
        "assemblyName": "C6c4bc33b7c7f4c018bf.Ff20A1lSiND1UNKn94qYmdm2"
      }
    }
  }
}