﻿{
    "Animal": {
        "Pisica": {
            "Tom": 	
			{
                "Rasa": "Albastru de Rusia",
                "Varsta": 5,
                "Talie": "Mare",
                "Greutate": 4,
                "Sterilizat": true,
                "Culoare": "Argintiu"
            },
            "Garfield" :
			{
                "Rasa": "Europeana",
                "Varsta": 10,
                "Talie": "Mare",
                "Greutate": 20,
                "Sterilizat": true,
                "Culoare": "Portocaliu"
            }
        },
        "Caine": {
            "Jack" : 
			{
                "Rasa": "Doberman",
                "Talie": "Medie",
                "Greutate": 15,
                "Agresiv": true,
                "Loial": true
            },
            "Daisy" : 
			{
                "Rasa": "Cocker spaniol",
                "Talie": "Mica",
                "Greutate": 1,
                "Agresiv": false,
                "Loial": true
            }
        },
        "Cal": {
			"BlackBeauty" : 
			{
            "Rasa": "Icelandic",
            "Greutate": 230,
            "Culoare": "Maro",
            "Varsta": 10,
            "Atletic": true,
            "Sterilizat": false
			}
        }
    },
    "Properietar": {
        "Nume": "Jim",
        "Varsta": 30,
        "Inaltime": 180,
        "Atletic": true
    }
}