{
  "Workflows": [
    {
      "Path": null,
      "SortBy": 0,
      "VariablesSectionElementsOrder": [],
      "ArgumentsSectionElementsOrder": null,
      "ConstantsSectionElementsOrder": null,
      "AddedNamespaces": null
    },
    {
      "Path": "Add PEt and Verify.xaml",
      "SortBy": 0,
      "VariablesSectionElementsOrder": [
        "petBody&Sequence_1"
      ],
      "ArgumentsSectionElementsOrder": [
        "out_PetResponse",
        "in_PetName",
        "in_PetID"
      ],
      "ConstantsSectionElementsOrder": null,
      "AddedNamespaces": null
    }
  ]
}