{
  "assemblyStates": {
    "Ca62937ffb3d541468e4.3teay1nclXM1jJ2pf25YcsD4": {
      "namespace": "UiPath.Jira.IntegrationService.Activities.SWEntities.Ca62937ffb3d541468e45a08f4f95c39b_techWriter_Customfield11437.Bundle",
      "providerName": "CustomEntities",
      "key": {
        "name": "UiPath.Jira.IntegrationService.Activities.SWEntities.Ca62937ffb3d541468e45a08f4f95c39b_techWriter_Customfield11437",
        "hash": "WVp4LzBLQWlDNkZzSmJ4R0ZEbmxGMmxxWUpJN3EzZncwdGRiR3dLVEtLTzgzeXFDVEYrN01Ld0hRcklNRkREY2cxQTZEdk4vVmw5NkFVRGpmcktTR0E9PQ",
        "assemblyName": "Ca62937ffb3d541468e4.3teay1nclXM1jJ2pf25YcsD4"
      }
    },
    "Ca62937ffb3d541468e4.9RHHD4SpCOE1NwanD2GkZXV2": {
      "namespace": "UiPath.Jira.IntegrationService.Activities.SWEntities.Ca62937ffb3d541468e45a08f4f95c39b_sprint_Customfield10006.Bundle",
      "providerName": "CustomEntities",
      "key": {
        "name": "UiPath.Jira.IntegrationService.Activities.SWEntities.Ca62937ffb3d541468e45a08f4f95c39b_sprint_Customfield10006",
        "hash": "WEkwU09BM052YUlFa2V4RjNXOTFicUtCcXZ6eHJ6NkpNWVJCTFAwMWlTUDB1UUN1MWJjVE40WHhXMUxmb2U4RUtxbmFBQzhqS0MwOVY3OEJzeXFZeEE9PQ",
        "assemblyName": "Ca62937ffb3d541468e4.9RHHD4SpCOE1NwanD2GkZXV2"
      }
    },
    "Ca62937ffb3d541468e4.aCuzyfAFPO1mKozS6Y5vD2": {
      "namespace": "UiPath.Jira.IntegrationService.Activities.SWEntities.Ca62937ffb3d541468e45a08f4f95c39b_category_Customfield13117.Bundle",
      "providerName": "CustomEntities",
      "key": {
        "name": "UiPath.Jira.IntegrationService.Activities.SWEntities.Ca62937ffb3d541468e45a08f4f95c39b_category_Customfield13117",
        "hash": "NnRoK0JQenNKNGlUeWJ3a05ZZUU3cHVsVDRPTGRDUnRYTlVXZGhqKzVITCswZm1iUjEvdkJwWjZZcFU5Y1R1L3JSWDN6Sm9tNnJQMDAzcytRTGpwMUE9PQ",
        "assemblyName": "Ca62937ffb3d541468e4.aCuzyfAFPO1mKozS6Y5vD2"
      }
    },
    "Ca62937ffb3d541468e4.llnvX4zC4cH18PxXI3QZGEO4": {
      "namespace": "UiPath.Jira.IntegrationService.Activities.SWEntities.Ca62937ffb3d541468e45a08f4f95c39b_knownIssue_Customfield14225.Bundle",
      "providerName": "CustomEntities",
      "key": {
        "name": "UiPath.Jira.IntegrationService.Activities.SWEntities.Ca62937ffb3d541468e45a08f4f95c39b_knownIssue_Customfield14225",
        "hash": "SHNPRjRnaE5BRWZtOStBMVJwV1BXaXFZM3pySnl1Z1dwbm9JblpDSDV0cW5FQ1RIOEFoTVlxeWFMYVc4Y3RuNVllTGpUNGU2OHFkQkhHTTVtV09QMmc9PQ",
        "assemblyName": "Ca62937ffb3d541468e4.llnvX4zC4cH18PxXI3QZGEO4"
      }
    },
    "Ca62937ffb3d541468e4.cE0Cn3x4dS14Lv2p3kU3ts1": {
      "namespace": "UiPath.Jira.IntegrationService.Activities.SWEntities.Ca62937ffb3d541468e45a08f4f95c39b_accessibilityComplianceLevel_Customfield12515.Bundle",
      "providerName": "CustomEntities",
      "key": {
        "name": "UiPath.Jira.IntegrationService.Activities.SWEntities.Ca62937ffb3d541468e45a08f4f95c39b_accessibilityComplianceLevel_Customfield12515",
        "hash": "NWpWTUl4TzFLZzJiU1d2Z3NBdUNQVk5TL0g2amRnOTAyMVJnT1NLckhNNWFFdWptNlR2UGQ0RjN1Z0VkMzBXeml3NlV4MlF3WU5DVG0rVy8yWG8wQVE9PQ",
        "assemblyName": "Ca62937ffb3d541468e4.cE0Cn3x4dS14Lv2p3kU3ts1"
      }
    },
    "Ca62937ffb3d541468e4.dmOuM2jXpnE1gGacR3ZZqAU": {
      "namespace": "UiPath.Jira.IntegrationService.Activities.SWEntities.Ca62937ffb3d541468e45a08f4f95c39b_cloudDeploymentStage_Customfield12305.Bundle",
      "providerName": "CustomEntities",
      "key": {
        "name": "UiPath.Jira.IntegrationService.Activities.SWEntities.Ca62937ffb3d541468e45a08f4f95c39b_cloudDeploymentStage_Customfield12305",
        "hash": "Z2w0RlZoNkpHVEdQMFRzMUpQcWRMTlE5UXJ1RGRZdFBvVGllYk9aR0FrMmJsUEJ3dlFuSWJ4QzJ6blliYTFFS1BKRVNGOUdEdGNaS2V0VXNwUXNJQXc9PQ",
        "assemblyName": "Ca62937ffb3d541468e4.dmOuM2jXpnE1gGacR3ZZqAU"
      }
    },
    "Ca62937ffb3d541468e4.ctYzU2RGLtN1vP4xu3HK1Tb3": {
      "namespace": "UiPath.Jira.IntegrationService.Activities.SWEntities.Ca62937ffb3d541468e45a08f4f95c39b_designer_Customfield12533.Bundle",
      "providerName": "CustomEntities",
      "key": {
        "name": "UiPath.Jira.IntegrationService.Activities.SWEntities.Ca62937ffb3d541468e45a08f4f95c39b_designer_Customfield12533",
        "hash": "U1U1K29ObkIwc2NuaUw5MzdNSmRSK0VCWHVqVjRnVHhzNmNScFY2Z0UvZ1YvaW1PUUxiQ3l5cW9xdlp6OUdyb1lpVVdYWndqT1Ftc0t6TXRtM2Q2Qnc9PQ",
        "assemblyName": "Ca62937ffb3d541468e4.ctYzU2RGLtN1vP4xu3HK1Tb3"
      }
    },
    "Ca62937ffb3d541468e4.Vo9922syaG1AkX8g3sEJoD4": {
      "namespace": "UiPath.Jira.IntegrationService.Activities.SWEntities.Ca62937ffb3d541468e45a08f4f95c39b_docStatus_Customfield11442.Bundle",
      "providerName": "CustomEntities",
      "key": {
        "name": "UiPath.Jira.IntegrationService.Activities.SWEntities.Ca62937ffb3d541468e45a08f4f95c39b_docStatus_Customfield11442",
        "hash": "OG53NVFKZHlyZEhVaGIzZkY0MnNGdmRiK0VPNEk2OFZHblprWGRzb0VCaUN1bEppVjdSYXcyN2NaYkNiQ1pIVzAvb0NFQnhtOXZDTXVEdjEvcmMxd1E9PQ",
        "assemblyName": "Ca62937ffb3d541468e4.Vo9922syaG1AkX8g3sEJoD4"
      }
    },
    "Ca62937ffb3d541468e4.l0RQW3sX0IN1CTo2b4IW7tb1": {
      "namespace": "UiPath.Jira.IntegrationService.Activities.SWEntities.Ca62937ffb3d541468e45a08f4f95c39b_releaseVehicle_Customfield14157.Bundle",
      "providerName": "CustomEntities",
      "key": {
        "name": "UiPath.Jira.IntegrationService.Activities.SWEntities.Ca62937ffb3d541468e45a08f4f95c39b_releaseVehicle_Customfield14157",
        "hash": "MXhQZkJMNkhHUGNUZ0tscHZKNEN5amIvNmU3N3duQnR5VUdrS2VHbCtFR0FZNjZqTmtBSDhSVVBGWkdscFZYYVhLSm9FNFZ0QzAyL1lEVUxXYW5DYlE9PQ",
        "assemblyName": "Ca62937ffb3d541468e4.l0RQW3sX0IN1CTo2b4IW7tb1"
      }
    },
    "Ca62937ffb3d541468e4.3di9B1dISpS1DXtWl1oiiiZ2": {
      "namespace": "UiPath.Jira.IntegrationService.Activities.SWEntities.Ca62937ffb3d541468e45a08f4f95c39b_testautomationtype_Customfield14220.Bundle",
      "providerName": "CustomEntities",
      "key": {
        "name": "UiPath.Jira.IntegrationService.Activities.SWEntities.Ca62937ffb3d541468e45a08f4f95c39b_testautomationtype_Customfield14220",
        "hash": "UlYxTE1yY21Nc2NWcFVNQ2ZOaktvVWxLRFJWMU1ReWVWdGhuZjJGdVBtcWRzTWVydWR6aktXdGZCdmt0enJjU1h2M21RZVpOSlBOYkhlcVM3MmUzSEE9PQ",
        "assemblyName": "Ca62937ffb3d541468e4.3di9B1dISpS1DXtWl1oiiiZ2"
      }
    },
    "Ca62937ffb3d541468e4.v1ydC41yUkI1h2fFSm93np3": {
      "namespace": "UiPath.Jira.IntegrationService.Activities.SWEntities.Ca62937ffb3d541468e45a08f4f95c39b_environment_Customfield11819.Bundle",
      "providerName": "CustomEntities",
      "key": {
        "name": "UiPath.Jira.IntegrationService.Activities.SWEntities.Ca62937ffb3d541468e45a08f4f95c39b_environment_Customfield11819",
        "hash": "alZUQTQ0ZVpyalpKNFJDa1RNWmVnc3NXTElCcFFIYTZ0SU0rek5lNDhqL0NGYlN2bXk1TkNLNW9wMXJrTFRvT3dHUThldmxQV0p0cDFxM2VWenE4cFE9PQ",
        "assemblyName": "Ca62937ffb3d541468e4.v1ydC41yUkI1h2fFSm93np3"
      }
    },
    "Ca62937ffb3d541468e4.HjFb63WZZ8K1PFZXdjiz9e1": {
      "namespace": "UiPath.Jira.IntegrationService.Activities.SWEntities.Ca62937ffb3d541468e45a08f4f95c39b_qaEngineer_Customfield11550.Bundle",
      "providerName": "CustomEntities",
      "key": {
        "name": "UiPath.Jira.IntegrationService.Activities.SWEntities.Ca62937ffb3d541468e45a08f4f95c39b_qaEngineer_Customfield11550",
        "hash": "MTArNjJGajRNek1RUTNyenVvL01OdFJYUFBmN1diNHFjdG5XZnlZbGVqaitiWkxWOGxxYXBZSnZGQ2pwOUloVXZOQXZJQmxpQnEzMU0wQVVwTmY0cFE9PQ",
        "assemblyName": "Ca62937ffb3d541468e4.HjFb63WZZ8K1PFZXdjiz9e1"
      }
    },
    "Ca62937ffb3d541468e4.2TZdM4mRLCI1UmshP2mhHCR3": {
      "namespace": "UiPath.Jira.IntegrationService.Activities.SWEntities.Ca62937ffb3d541468e45a08f4f95c39b_visibleToGroup_Customfield12761.Bundle",
      "providerName": "CustomEntities",
      "key": {
        "name": "UiPath.Jira.IntegrationService.Activities.SWEntities.Ca62937ffb3d541468e45a08f4f95c39b_visibleToGroup_Customfield12761",
        "hash": "NzJtbkQvQnlFMnBqZ1ZCUTNORlRNcVVPQlo1Q3lvMVZCMDFiV1NHWlA0cXhnTWd2eVk2ZVlOcXJGQnpzcUtmNzlDRE9JeCtFRnBpRUFGRlBXUUlQMFE9PQ",
        "assemblyName": "Ca62937ffb3d541468e4.2TZdM4mRLCI1UmshP2mhHCR3"
      }
    },
    "Ca62937ffb3d541468e4.EiBwDOekoO14AeRS2AOSWp3": {
      "namespace": "UiPath.Jira.IntegrationService.Activities.SWEntities.Ca62937ffb3d541468e45a08f4f95c39b_severity_Customfield10300.Bundle",
      "providerName": "CustomEntities",
      "key": {
        "name": "UiPath.Jira.IntegrationService.Activities.SWEntities.Ca62937ffb3d541468e45a08f4f95c39b_severity_Customfield10300",
        "hash": "VC9nalAyaThPcThvSWlsUlBya2lta2JmVXhzaW1Nc21CSHU3MGdVcTJNYStsRzVjYXdhQW5qd0dPUlVDbVRrOWhCY1BDVGVBUWZSM1NkaG1lRHJOZkE9PQ",
        "assemblyName": "Ca62937ffb3d541468e4.EiBwDOekoO14AeRS2AOSWp3"
      }
    },
    "Ca62937ffb3d541468e4.2GJhn1Z0b6E1iPjDI0gZiH3": {
      "namespace": "UiPath.Jira.IntegrationService.Activities.SWEntities.Ca62937ffb3d541468e45a08f4f95c39b_salesforceCaseStatus_Customfield14171.Bundle",
      "providerName": "CustomEntities",
      "key": {
        "name": "UiPath.Jira.IntegrationService.Activities.SWEntities.Ca62937ffb3d541468e45a08f4f95c39b_salesforceCaseStatus_Customfield14171",
        "hash": "L2d5bmNJSUg0Z2ZDQmJ1ZGZ1WU9jT0FwS0tBSGRvcEMybmFwR3RtaW96d2xianQ4NzhPaXh2OHdXUUYvcjlNcnhjRHF0RXN2K1FDc1E3aGxRbG9ic2c9PQ",
        "assemblyName": "Ca62937ffb3d541468e4.2GJhn1Z0b6E1iPjDI0gZiH3"
      }
    },
    "Ca62937ffb3d541468e4.FVFPMPkqjP11G0Ie16BadD1": {
      "namespace": "UiPath.Jira.IntegrationService.Activities.SWEntities.Ca62937ffb3d541468e45a08f4f95c39b_curated_issue_STUD_67123.Bundle",
      "providerName": "CustomEntities",
      "key": {
        "name": "UiPath.Jira.IntegrationService.Activities.SWEntities.Ca62937ffb3d541468e45a08f4f95c39b_curated_issue_STUD_67123",
        "hash": "czhuYU9TRVUwR3RyWHdzTUlnNjNwN2dnK2NCa0JFRTh6Z1Y1cU5LaC95dlhEZkxtbENQZVhpRHFUbjBVMnlUZ3NNSFN5RUVtVjI4cGNDazU4TFdzWGc9PQ",
        "assemblyName": "Ca62937ffb3d541468e4.FVFPMPkqjP11G0Ie16BadD1"
      }
    }
  }
}