{
  "assemblyStates": {
    "C652286F2A9_files_in.OAYbg32ivbK1FE8OF2wIjIF4": {
      "namespace": "UiPath.IntegrationService.Activities.SWEntities.C652286F2A9_files_info_GET_Retrieve.Bundle",
      "providerName": "CustomEntities",
      "key": {
        "name": "UiPath.IntegrationService.Activities.SWEntities.C652286F2A9_files_info_GET_Retrieve",
        "hash": "VjRlQzQzeHp1SGZyN2VSSzhwcnhTeTI4UGMyQ0h0aWVheElJS2ZySlVWMHpTdm9kZGEvQm42L2tzcERHeFJ6NmtieFZuV1A5dHdLMFAyM04yL3hRaHc9PQ",
        "assemblyName": "C652286F2A9_files_in.OAYbg32ivbK1FE8OF2wIjIF4"
      }
    },
    "C652286F2A9_conversa.Y1YQNaQNOQ19a3Z53pFsSR": {
      "namespace": "UiPath.IntegrationService.Activities.SWEntities.C652286F2A9_conversations_List.Bundle",
      "providerName": "CustomEntities",
      "key": {
        "name": "UiPath.IntegrationService.Activities.SWEntities.C652286F2A9_conversations_List",
        "hash": "ZC9NMTZ3bThiVXViUExjSjhPdmE5ZS96dWNWMlYwKzJubDlBemVNbm9hOEpqS2o0QzhVbmp6SzJKU2JKOEJZbkJueWk4Sm4wVUpXdzd4dXFFdTkycVE9PQ",
        "assemblyName": "C652286F2A9_conversa.Y1YQNaQNOQ19a3Z53pFsSR"
      }
    },
    "CC052707C93_add_user.9rtt049BguN1joDR22OSL8F": {
      "namespace": "UiPath.IntegrationService.Activities.SWEntities.CC052707C93_add_users_usergroups_Create.Bundle",
      "providerName": "CustomEntities",
      "key": {
        "name": "UiPath.IntegrationService.Activities.SWEntities.CC052707C93_add_users_usergroups_Create",
        "hash": "Q2NFTVduaTFRRWFRdzJTL2FBOWx3V2FCL3Q4d1YySDN5WlIrMWt0cTVmc2t4bUQ1c1E0dStSWWpCRnJDdEJWT2FHNVAwUmNvUy90Z2VuZjFmQTJvOWc9PQ",
        "assemblyName": "CC052707C93_add_user.9rtt049BguN1joDR22OSL8F"
      }
    },
    "C962E9A0AB3_add_user.qfIzA1LitFF1mfhSG3gtAuF4": {
      "namespace": "UiPath.IntegrationService.Activities.SWEntities.C962E9A0AB3_add_users_usergroups_Create.Bundle",
      "providerName": "CustomEntities",
      "key": {
        "name": "UiPath.IntegrationService.Activities.SWEntities.C962E9A0AB3_add_users_usergroups_Create",
        "hash": "Q2NFTVduaTFRRWFRdzJTL2FBOWx3V2FCL3Q4d1YySDN5WlIrMWt0cTVmc2t4bUQ1c1E0dStSWWpCRnJDdEJWT2FHNVAwUmNvUy90Z2VuZjFmQTJvOWc9PQ",
        "assemblyName": "C962E9A0AB3_add_user.qfIzA1LitFF1mfhSG3gtAuF4"
      }
    }
  }
}