{
  "exportedBy": null,
  "bundleHash": null,
  "version": "1.0.0.0",
  "jitAssemblyCompilerCommands": [
    {
      "providerName": "CustomEntities",
      "bundleOptions": {
        "hash": "/gyncIIH4gfCBbudfuYOcOApKKAHdopC2napGtmiozwlbjt878Oixv8wWQF/r9MrxcDqtEsv+QCsQ7hlQlobsg==",
        "bundleName": "Ca62937ffb3d541468e45a08f4f95c39b_salesforceCaseStatus_Customfield14171",
        "entitiesBundle": {
          "Types": {
            "salesforceCaseStatus_Customfield14171": {
              "name": "salesforceCaseStatus_Customfield14171",
              "properties": [
                {
                  "name": "value",
                  "type": {
                    "ClrType": "System.String, System.Private.CoreLib"
                  }
                }
              ],
              "baseType": {}
            }
          },
          "version": 1
        }
      },
      "entityAssemblyKey": {
        "name": "UiPath.Jira.IntegrationService.Activities.SWEntities.Ca62937ffb3d541468e45a08f4f95c39b_salesforceCaseStatus_Customfield14171",
        "hash": "L2d5bmNJSUg0Z2ZDQmJ1ZGZ1WU9jT0FwS0tBSGRvcEMybmFwR3RtaW96d2xianQ4NzhPaXh2OHdXUUYvcjlNcnhjRHF0RXN2K1FDc1E3aGxRbG9ic2c9PQ",
        "assemblyName": "Ca62937ffb3d541468e4.2GJhn1Z0b6E1iPjDI0gZiH3"
      }
    },
    {
      "providerName": "CustomEntities",
      "bundleOptions": {
        "hash": "1xPfBL6HGPcTgKlpvJ4Cyjb/6e77wnBtyUGkKeGl+EGAY66jNkAH8RUPFZGlpVXaXKJoE4VtC02/YDULWanCbQ==",
        "bundleName": "Ca62937ffb3d541468e45a08f4f95c39b_releaseVehicle_Customfield14157",
        "entitiesBundle": {
          "Types": {
            "releaseVehicle_Customfield14157": {
              "name": "releaseVehicle_Customfield14157",
              "properties": [
                {
                  "name": "value",
                  "type": {
                    "ClrType": "System.String, System.Private.CoreLib"
                  }
                }
              ],
              "baseType": {}
            }
          },
          "version": 1
        }
      },
      "entityAssemblyKey": {
        "name": "UiPath.Jira.IntegrationService.Activities.SWEntities.Ca62937ffb3d541468e45a08f4f95c39b_releaseVehicle_Customfield14157",
        "hash": "MXhQZkJMNkhHUGNUZ0tscHZKNEN5amIvNmU3N3duQnR5VUdrS2VHbCtFR0FZNjZqTmtBSDhSVVBGWkdscFZYYVhLSm9FNFZ0QzAyL1lEVUxXYW5DYlE9PQ",
        "assemblyName": "Ca62937ffb3d541468e4.l0RQW3sX0IN1CTo2b4IW7tb1"
      }
    },
    {
      "providerName": "CustomEntities",
      "bundleOptions": {
        "hash": "8nw5QJdyrdHUhb3fF42sFvdb+EO4I68VGnZkXdsoEBiCulJiV7Raw27cZbCbCZHW0/oCEBxm9vCMuDv1/rc1wQ==",
        "bundleName": "Ca62937ffb3d541468e45a08f4f95c39b_docStatus_Customfield11442",
        "entitiesBundle": {
          "Types": {
            "docStatus_Customfield11442": {
              "name": "docStatus_Customfield11442",
              "properties": [
                {
                  "name": "value",
                  "type": {
                    "ClrType": "System.String, System.Private.CoreLib"
                  }
                }
              ],
              "baseType": {}
            }
          },
          "version": 1
        }
      },
      "entityAssemblyKey": {
        "name": "UiPath.Jira.IntegrationService.Activities.SWEntities.Ca62937ffb3d541468e45a08f4f95c39b_docStatus_Customfield11442",
        "hash": "OG53NVFKZHlyZEhVaGIzZkY0MnNGdmRiK0VPNEk2OFZHblprWGRzb0VCaUN1bEppVjdSYXcyN2NaYkNiQ1pIVzAvb0NFQnhtOXZDTXVEdjEvcmMxd1E9PQ",
        "assemblyName": "Ca62937ffb3d541468e4.Vo9922syaG1AkX8g3sEJoD4"
      }
    },
    {
      "providerName": "CustomEntities",
      "bundleOptions": {
        "hash": "SU5+oNnB0scniL937MJdR+EBXujV4gTxs6cRpV6gE/gV/imOQLbCyyqoqvZz9GroYiUWXZwjOQmsKzMtm3d6Bw==",
        "bundleName": "Ca62937ffb3d541468e45a08f4f95c39b_designer_Customfield12533",
        "entitiesBundle": {
          "Types": {
            "designer_Customfield12533": {
              "name": "designer_Customfield12533",
              "properties": [
                {
                  "name": "emailAddress",
                  "type": {
                    "ClrType": "System.String, System.Private.CoreLib"
                  }
                }
              ],
              "baseType": {}
            }
          },
          "version": 1
        }
      },
      "entityAssemblyKey": {
        "name": "UiPath.Jira.IntegrationService.Activities.SWEntities.Ca62937ffb3d541468e45a08f4f95c39b_designer_Customfield12533",
        "hash": "U1U1K29ObkIwc2NuaUw5MzdNSmRSK0VCWHVqVjRnVHhzNmNScFY2Z0UvZ1YvaW1PUUxiQ3l5cW9xdlp6OUdyb1lpVVdYWndqT1Ftc0t6TXRtM2Q2Qnc9PQ",
        "assemblyName": "Ca62937ffb3d541468e4.ctYzU2RGLtN1vP4xu3HK1Tb3"
      }
    },
    {
      "providerName": "CustomEntities",
      "bundleOptions": {
        "hash": "gl4FVh6JGTGP0Ts1JPqdLNQ9QruDdYtPoTiebOZGAk2blPBwvQnIbxC2znYba1EKPJESF9GDtcZKetUspQsIAw==",
        "bundleName": "Ca62937ffb3d541468e45a08f4f95c39b_cloudDeploymentStage_Customfield12305",
        "entitiesBundle": {
          "Types": {
            "cloudDeploymentStage_Customfield12305": {
              "name": "cloudDeploymentStage_Customfield12305",
              "properties": [
                {
                  "name": "value",
                  "type": {
                    "ClrType": "System.String, System.Private.CoreLib"
                  }
                }
              ],
              "baseType": {}
            }
          },
          "version": 1
        }
      },
      "entityAssemblyKey": {
        "name": "UiPath.Jira.IntegrationService.Activities.SWEntities.Ca62937ffb3d541468e45a08f4f95c39b_cloudDeploymentStage_Customfield12305",
        "hash": "Z2w0RlZoNkpHVEdQMFRzMUpQcWRMTlE5UXJ1RGRZdFBvVGllYk9aR0FrMmJsUEJ3dlFuSWJ4QzJ6blliYTFFS1BKRVNGOUdEdGNaS2V0VXNwUXNJQXc9PQ",
        "assemblyName": "Ca62937ffb3d541468e4.dmOuM2jXpnE1gGacR3ZZqAU"
      }
    },
    {
      "providerName": "CustomEntities",
      "bundleOptions": {
        "hash": "XI0SOA3NvaIEkexF3W91bqKBqvzxrz6JMYRBLP01iSP0uQCu1bcTN4XxW1Lfoe8EKqnaAC8jKC09V78BsyqYxA==",
        "bundleName": "Ca62937ffb3d541468e45a08f4f95c39b_sprint_Customfield10006",
        "entitiesBundle": {
          "Types": {
            "sprint_Customfield10006": {
              "name": "sprint_Customfield10006",
              "properties": [
                {
                  "name": "id",
                  "type": {
                    "ClrType": "System.Nullable`1[[System.Int32, System.Private.CoreLib]], System.Private.CoreLib"
                  }
                }
              ],
              "baseType": {}
            }
          },
          "version": 1
        }
      },
      "entityAssemblyKey": {
        "name": "UiPath.Jira.IntegrationService.Activities.SWEntities.Ca62937ffb3d541468e45a08f4f95c39b_sprint_Customfield10006",
        "hash": "WEkwU09BM052YUlFa2V4RjNXOTFicUtCcXZ6eHJ6NkpNWVJCTFAwMWlTUDB1UUN1MWJjVE40WHhXMUxmb2U4RUtxbmFBQzhqS0MwOVY3OEJzeXFZeEE9PQ",
        "assemblyName": "Ca62937ffb3d541468e4.9RHHD4SpCOE1NwanD2GkZXV2"
      }
    },
    {
      "providerName": "CustomEntities",
      "bundleOptions": {
        "hash": "YZx/0KAiC6FsJbxGFDnlF2lqYJI7q3fw0tdbGwKTKKO83yqCTF+7MKwHQrIMFDDcg1A6DvN/Vl96AUDjfrKSGA==",
        "bundleName": "Ca62937ffb3d541468e45a08f4f95c39b_techWriter_Customfield11437",
        "entitiesBundle": {
          "Types": {
            "techWriter_Customfield11437": {
              "name": "techWriter_Customfield11437",
              "properties": [
                {
                  "name": "emailAddress",
                  "type": {
                    "ClrType": "System.String, System.Private.CoreLib"
                  }
                }
              ],
              "baseType": {}
            }
          },
          "version": 1
        }
      },
      "entityAssemblyKey": {
        "name": "UiPath.Jira.IntegrationService.Activities.SWEntities.Ca62937ffb3d541468e45a08f4f95c39b_techWriter_Customfield11437",
        "hash": "WVp4LzBLQWlDNkZzSmJ4R0ZEbmxGMmxxWUpJN3EzZncwdGRiR3dLVEtLTzgzeXFDVEYrN01Ld0hRcklNRkREY2cxQTZEdk4vVmw5NkFVRGpmcktTR0E9PQ",
        "assemblyName": "Ca62937ffb3d541468e4.3teay1nclXM1jJ2pf25YcsD4"
      }
    },
    {
      "providerName": "CustomEntities",
      "bundleOptions": {
        "hash": "jVTA44eZrjZJ4RCkTMZegssWLIBpQHa6tIM+zNe48j/CFbSvmy5NCK5op1rkLToOwGQ8evlPWJtp1q3eVzq8pQ==",
        "bundleName": "Ca62937ffb3d541468e45a08f4f95c39b_environment_Customfield11819",
        "entitiesBundle": {
          "Types": {
            "environment_Customfield11819": {
              "name": "environment_Customfield11819",
              "properties": [
                {
                  "name": "value",
                  "type": {
                    "ClrType": "System.String, System.Private.CoreLib"
                  }
                }
              ],
              "baseType": {}
            }
          },
          "version": 1
        }
      },
      "entityAssemblyKey": {
        "name": "UiPath.Jira.IntegrationService.Activities.SWEntities.Ca62937ffb3d541468e45a08f4f95c39b_environment_Customfield11819",
        "hash": "alZUQTQ0ZVpyalpKNFJDa1RNWmVnc3NXTElCcFFIYTZ0SU0rek5lNDhqL0NGYlN2bXk1TkNLNW9wMXJrTFRvT3dHUThldmxQV0p0cDFxM2VWenE4cFE9PQ",
        "assemblyName": "Ca62937ffb3d541468e4.v1ydC41yUkI1h2fFSm93np3"
      }
    },
    {
      "providerName": "CustomEntities",
      "bundleOptions": {
        "hash": "RV1LMrcmMscVpUMCfNjKoUlKDRV1MQyeVthnf2FuPmqdsMerudzjKWtfBvktzrcSXv3mQeZNJPNbHeqS72e3HA==",
        "bundleName": "Ca62937ffb3d541468e45a08f4f95c39b_testautomationtype_Customfield14220",
        "entitiesBundle": {
          "Types": {
            "testautomationtype_Customfield14220": {
              "name": "testautomationtype_Customfield14220",
              "properties": [
                {
                  "name": "value",
                  "type": {
                    "ClrType": "System.String, System.Private.CoreLib"
                  }
                }
              ],
              "baseType": {}
            }
          },
          "version": 1
        }
      },
      "entityAssemblyKey": {
        "name": "UiPath.Jira.IntegrationService.Activities.SWEntities.Ca62937ffb3d541468e45a08f4f95c39b_testautomationtype_Customfield14220",
        "hash": "UlYxTE1yY21Nc2NWcFVNQ2ZOaktvVWxLRFJWMU1ReWVWdGhuZjJGdVBtcWRzTWVydWR6aktXdGZCdmt0enJjU1h2M21RZVpOSlBOYkhlcVM3MmUzSEE9PQ",
        "assemblyName": "Ca62937ffb3d541468e4.3di9B1dISpS1DXtWl1oiiiZ2"
      }
    },
    {
      "providerName": "CustomEntities",
      "bundleOptions": {
        "hash": "72mnD/ByE2pjgVBQ3NFTMqUOBZ5Cyo1VB01bWSGZP4qxgMgvyY6eYNqrFBzsqKf79CDOIx+EFpiEAFFPWQIP0Q==",
        "bundleName": "Ca62937ffb3d541468e45a08f4f95c39b_visibleToGroup_Customfield12761",
        "entitiesBundle": {
          "Types": {
            "visibleToGroup_Customfield12761": {
              "name": "visibleToGroup_Customfield12761",
              "properties": [
                {
                  "name": "name",
                  "type": {
                    "ClrType": "System.String, System.Private.CoreLib"
                  }
                }
              ],
              "baseType": {}
            }
          },
          "version": 1
        }
      },
      "entityAssemblyKey": {
        "name": "UiPath.Jira.IntegrationService.Activities.SWEntities.Ca62937ffb3d541468e45a08f4f95c39b_visibleToGroup_Customfield12761",
        "hash": "NzJtbkQvQnlFMnBqZ1ZCUTNORlRNcVVPQlo1Q3lvMVZCMDFiV1NHWlA0cXhnTWd2eVk2ZVlOcXJGQnpzcUtmNzlDRE9JeCtFRnBpRUFGRlBXUUlQMFE9PQ",
        "assemblyName": "Ca62937ffb3d541468e4.2TZdM4mRLCI1UmshP2mhHCR3"
      }
    },
    {
      "providerName": "CustomEntities",
      "bundleOptions": {
        "hash": "10+62Fj4MzMQQ3rzuo/MNtRXPPf7Wb4qctnWfyYlejj+bZLV8lqapYJvFCjp9IhUvNAvIBliBq31M0AUpNf4pQ==",
        "bundleName": "Ca62937ffb3d541468e45a08f4f95c39b_qaEngineer_Customfield11550",
        "entitiesBundle": {
          "Types": {
            "qaEngineer_Customfield11550": {
              "name": "qaEngineer_Customfield11550",
              "properties": [
                {
                  "name": "emailAddress",
                  "type": {
                    "ClrType": "System.String, System.Private.CoreLib"
                  }
                }
              ],
              "baseType": {}
            }
          },
          "version": 1
        }
      },
      "entityAssemblyKey": {
        "name": "UiPath.Jira.IntegrationService.Activities.SWEntities.Ca62937ffb3d541468e45a08f4f95c39b_qaEngineer_Customfield11550",
        "hash": "MTArNjJGajRNek1RUTNyenVvL01OdFJYUFBmN1diNHFjdG5XZnlZbGVqaitiWkxWOGxxYXBZSnZGQ2pwOUloVXZOQXZJQmxpQnEzMU0wQVVwTmY0cFE9PQ",
        "assemblyName": "Ca62937ffb3d541468e4.HjFb63WZZ8K1PFZXdjiz9e1"
      }
    },
    {
      "providerName": "CustomEntities",
      "bundleOptions": {
        "hash": "T/gjP2i8Oq8oIilRPrkimkbfUxsimMsmBHu70gUq2Ma+lG5cawaAnjwGORUCmTk9hBcPCTeAQfR3SdhmeDrNfA==",
        "bundleName": "Ca62937ffb3d541468e45a08f4f95c39b_severity_Customfield10300",
        "entitiesBundle": {
          "Types": {
            "severity_Customfield10300": {
              "name": "severity_Customfield10300",
              "properties": [
                {
                  "name": "value",
                  "type": {
                    "ClrType": "System.String, System.Private.CoreLib"
                  }
                }
              ],
              "baseType": {}
            }
          },
          "version": 1
        }
      },
      "entityAssemblyKey": {
        "name": "UiPath.Jira.IntegrationService.Activities.SWEntities.Ca62937ffb3d541468e45a08f4f95c39b_severity_Customfield10300",
        "hash": "VC9nalAyaThPcThvSWlsUlBya2lta2JmVXhzaW1Nc21CSHU3MGdVcTJNYStsRzVjYXdhQW5qd0dPUlVDbVRrOWhCY1BDVGVBUWZSM1NkaG1lRHJOZkE9PQ",
        "assemblyName": "Ca62937ffb3d541468e4.EiBwDOekoO14AeRS2AOSWp3"
      }
    },
    {
      "providerName": "CustomEntities",
      "bundleOptions": {
        "hash": "6th+BPzsJ4iTybwkNYeE7pulT4OLdCRtXNUWdhj+5HL+0fmbR1/vBpZ6YpU9cTu/rRX3zJom6rP003s+QLjp1A==",
        "bundleName": "Ca62937ffb3d541468e45a08f4f95c39b_category_Customfield13117",
        "entitiesBundle": {
          "Types": {
            "category_Customfield13117": {
              "name": "category_Customfield13117",
              "properties": [
                {
                  "name": "value",
                  "type": {
                    "ClrType": "System.String, System.Private.CoreLib"
                  }
                }
              ],
              "baseType": {}
            }
          },
          "version": 1
        }
      },
      "entityAssemblyKey": {
        "name": "UiPath.Jira.IntegrationService.Activities.SWEntities.Ca62937ffb3d541468e45a08f4f95c39b_category_Customfield13117",
        "hash": "NnRoK0JQenNKNGlUeWJ3a05ZZUU3cHVsVDRPTGRDUnRYTlVXZGhqKzVITCswZm1iUjEvdkJwWjZZcFU5Y1R1L3JSWDN6Sm9tNnJQMDAzcytRTGpwMUE9PQ",
        "assemblyName": "Ca62937ffb3d541468e4.aCuzyfAFPO1mKozS6Y5vD2"
      }
    },
    {
      "providerName": "CustomEntities",
      "bundleOptions": {
        "hash": "HsOF4ghNAEfm9+A1RpWPWiqY3zrJyugWpnoInZCH5tqnECTH8AhMYqyaLaW8ctn5YeLjT4e68qdBHGM5mWOP2g==",
        "bundleName": "Ca62937ffb3d541468e45a08f4f95c39b_knownIssue_Customfield14225",
        "entitiesBundle": {
          "Types": {
            "knownIssue_Customfield14225": {
              "name": "knownIssue_Customfield14225",
              "properties": [
                {
                  "name": "value",
                  "type": {
                    "ClrType": "System.String, System.Private.CoreLib"
                  }
                }
              ],
              "baseType": {}
            }
          },
          "version": 1
        }
      },
      "entityAssemblyKey": {
        "name": "UiPath.Jira.IntegrationService.Activities.SWEntities.Ca62937ffb3d541468e45a08f4f95c39b_knownIssue_Customfield14225",
        "hash": "SHNPRjRnaE5BRWZtOStBMVJwV1BXaXFZM3pySnl1Z1dwbm9JblpDSDV0cW5FQ1RIOEFoTVlxeWFMYVc4Y3RuNVllTGpUNGU2OHFkQkhHTTVtV09QMmc9PQ",
        "assemblyName": "Ca62937ffb3d541468e4.llnvX4zC4cH18PxXI3QZGEO4"
      }
    },
    {
      "providerName": "CustomEntities",
      "bundleOptions": {
        "hash": "5jVMIxO1Kg2bSWvgsAuCPVNS/H6jdg9021RgOSKrHM5aEujm6TvPd4F3ugEd30Wziw6Ux2QwYNCTm+W/2Xo0AQ==",
        "bundleName": "Ca62937ffb3d541468e45a08f4f95c39b_accessibilityComplianceLevel_Customfield12515",
        "entitiesBundle": {
          "Types": {
            "accessibilityComplianceLevel_Customfield12515": {
              "name": "accessibilityComplianceLevel_Customfield12515",
              "properties": [
                {
                  "name": "value",
                  "type": {
                    "ClrType": "System.String, System.Private.CoreLib"
                  }
                }
              ],
              "baseType": {}
            }
          },
          "version": 1
        }
      },
      "entityAssemblyKey": {
        "name": "UiPath.Jira.IntegrationService.Activities.SWEntities.Ca62937ffb3d541468e45a08f4f95c39b_accessibilityComplianceLevel_Customfield12515",
        "hash": "NWpWTUl4TzFLZzJiU1d2Z3NBdUNQVk5TL0g2amRnOTAyMVJnT1NLckhNNWFFdWptNlR2UGQ0RjN1Z0VkMzBXeml3NlV4MlF3WU5DVG0rVy8yWG8wQVE9PQ",
        "assemblyName": "Ca62937ffb3d541468e4.cE0Cn3x4dS14Lv2p3kU3ts1"
      }
    },
    {
      "providerName": "CustomEntities",
      "bundleOptions": {
        "hash": "s8naOSEU0GtrXwsMIg63p7gg+cBkBEE8zgV5qNKh/yvXDfLmlCPeXiDqTn0U2yTgsMHSyEEmV28pcCk58LWsXg==",
        "bundleName": "Ca62937ffb3d541468e45a08f4f95c39b_curated_issue_STUD_67123",
        "entitiesBundle": {
          "Types": {
            "curated_issue_STUD_67123": {
              "name": "curated_issue_STUD_67123",
              "properties": [
                {
                  "name": "howToAvoidItInTheFuture_Customfield12473",
                  "type": {
                    "ClrType": "System.String, System.Private.CoreLib"
                  }
                },
                {
                  "name": "startDate_Customfield11462",
                  "type": {
                    "ClrType": "System.String, System.Private.CoreLib"
                  }
                },
                {
                  "name": "packageVersion_Customfield11467",
                  "type": {
                    "ClrType": "System.String[], System.Private.CoreLib"
                  }
                },
                {
                  "name": "specPb_Customfield12623",
                  "type": {
                    "ClrType": "System.String, System.Private.CoreLib"
                  }
                },
                {
                  "name": "epicLink_Customfield10007",
                  "type": {
                    "ClrType": "System.String, System.Private.CoreLib"
                  }
                },
                {
                  "name": "productboardUrl_Customfield12747",
                  "type": {
                    "ClrType": "System.String, System.Private.CoreLib"
                  }
                },
                {
                  "name": "customer_Customfield11690",
                  "type": {
                    "ClrType": "System.String[], System.Private.CoreLib"
                  }
                },
                {
                  "name": "externalIssueId_Customfield14168",
                  "type": {
                    "ClrType": "System.String, System.Private.CoreLib"
                  }
                },
                {
                  "name": "testautomationlink_Customfield14222",
                  "type": {
                    "ClrType": "System.String, System.Private.CoreLib"
                  }
                },
                {
                  "name": "team_Customfield11894",
                  "type": {
                    "ClrType": "System.String[], System.Private.CoreLib"
                  }
                },
                {
                  "name": "environmentDetails_Customfield11434",
                  "type": {
                    "ClrType": "System.String, System.Private.CoreLib"
                  }
                },
                {
                  "name": "bugDescription_Customfield12721",
                  "type": {
                    "ClrType": "System.String, System.Private.CoreLib"
                  }
                },
                {
                  "name": "designUrlPb_Customfield12622",
                  "type": {
                    "ClrType": "System.String, System.Private.CoreLib"
                  }
                },
                {
                  "name": "stepsToReproduce_Customfield11433",
                  "type": {
                    "ClrType": "System.String, System.Private.CoreLib"
                  }
                },
                {
                  "name": "storyPoints_Customfield10004",
                  "type": {
                    "ClrType": "System.Nullable`1[[System.Double, System.Private.CoreLib]], System.Private.CoreLib"
                  }
                },
                {
                  "name": "salesforceCaseStatus_Customfield14171",
                  "type": {
                    "ClrType": "UiPath.Jira.IntegrationService.Activities.SWEntities.Ca62937ffb3d541468e45a08f4f95c39b_salesforceCaseStatus_Customfield14171.Bundle.salesforceCaseStatus_Customfield14171, Ca62937ffb3d541468e4.2GJhn1Z0b6E1iPjDI0gZiH3"
                  }
                },
                {
                  "name": "releaseVehicle_Customfield14157",
                  "type": {
                    "ClrType": "UiPath.Jira.IntegrationService.Activities.SWEntities.Ca62937ffb3d541468e45a08f4f95c39b_releaseVehicle_Customfield14157.Bundle.releaseVehicle_Customfield14157, Ca62937ffb3d541468e4.l0RQW3sX0IN1CTo2b4IW7tb1"
                  }
                },
                {
                  "name": "docStatus_Customfield11442",
                  "type": {
                    "ClrType": "UiPath.Jira.IntegrationService.Activities.SWEntities.Ca62937ffb3d541468e45a08f4f95c39b_docStatus_Customfield11442.Bundle.docStatus_Customfield11442, Ca62937ffb3d541468e4.Vo9922syaG1AkX8g3sEJoD4"
                  }
                },
                {
                  "name": "designer_Customfield12533",
                  "type": {
                    "ClrType": "UiPath.Jira.IntegrationService.Activities.SWEntities.Ca62937ffb3d541468e45a08f4f95c39b_designer_Customfield12533.Bundle.designer_Customfield12533, Ca62937ffb3d541468e4.ctYzU2RGLtN1vP4xu3HK1Tb3"
                  }
                },
                {
                  "name": "cloudDeploymentStage_Customfield12305",
                  "type": {
                    "ClrType": "UiPath.Jira.IntegrationService.Activities.SWEntities.Ca62937ffb3d541468e45a08f4f95c39b_cloudDeploymentStage_Customfield12305.Bundle.cloudDeploymentStage_Customfield12305, Ca62937ffb3d541468e4.dmOuM2jXpnE1gGacR3ZZqAU"
                  }
                },
                {
                  "name": "sprint_Customfield10006",
                  "type": {
                    "ClrType": "UiPath.Jira.IntegrationService.Activities.SWEntities.Ca62937ffb3d541468e45a08f4f95c39b_sprint_Customfield10006.Bundle.sprint_Customfield10006[], Ca62937ffb3d541468e4.9RHHD4SpCOE1NwanD2GkZXV2"
                  }
                },
                {
                  "name": "techWriter_Customfield11437",
                  "type": {
                    "ClrType": "UiPath.Jira.IntegrationService.Activities.SWEntities.Ca62937ffb3d541468e45a08f4f95c39b_techWriter_Customfield11437.Bundle.techWriter_Customfield11437, Ca62937ffb3d541468e4.3teay1nclXM1jJ2pf25YcsD4"
                  }
                },
                {
                  "name": "environment_Customfield11819",
                  "type": {
                    "ClrType": "UiPath.Jira.IntegrationService.Activities.SWEntities.Ca62937ffb3d541468e45a08f4f95c39b_environment_Customfield11819.Bundle.environment_Customfield11819[], Ca62937ffb3d541468e4.v1ydC41yUkI1h2fFSm93np3"
                  }
                },
                {
                  "name": "testautomationtype_Customfield14220",
                  "type": {
                    "ClrType": "UiPath.Jira.IntegrationService.Activities.SWEntities.Ca62937ffb3d541468e45a08f4f95c39b_testautomationtype_Customfield14220.Bundle.testautomationtype_Customfield14220, Ca62937ffb3d541468e4.3di9B1dISpS1DXtWl1oiiiZ2"
                  }
                },
                {
                  "name": "visibleToGroup_Customfield12761",
                  "type": {
                    "ClrType": "UiPath.Jira.IntegrationService.Activities.SWEntities.Ca62937ffb3d541468e45a08f4f95c39b_visibleToGroup_Customfield12761.Bundle.visibleToGroup_Customfield12761, Ca62937ffb3d541468e4.2TZdM4mRLCI1UmshP2mhHCR3"
                  }
                },
                {
                  "name": "qaEngineer_Customfield11550",
                  "type": {
                    "ClrType": "UiPath.Jira.IntegrationService.Activities.SWEntities.Ca62937ffb3d541468e45a08f4f95c39b_qaEngineer_Customfield11550.Bundle.qaEngineer_Customfield11550, Ca62937ffb3d541468e4.HjFb63WZZ8K1PFZXdjiz9e1"
                  }
                },
                {
                  "name": "severity_Customfield10300",
                  "type": {
                    "ClrType": "UiPath.Jira.IntegrationService.Activities.SWEntities.Ca62937ffb3d541468e45a08f4f95c39b_severity_Customfield10300.Bundle.severity_Customfield10300, Ca62937ffb3d541468e4.EiBwDOekoO14AeRS2AOSWp3"
                  }
                },
                {
                  "name": "category_Customfield13117",
                  "type": {
                    "ClrType": "UiPath.Jira.IntegrationService.Activities.SWEntities.Ca62937ffb3d541468e45a08f4f95c39b_category_Customfield13117.Bundle.category_Customfield13117, Ca62937ffb3d541468e4.aCuzyfAFPO1mKozS6Y5vD2"
                  }
                },
                {
                  "name": "knownIssue_Customfield14225",
                  "type": {
                    "ClrType": "UiPath.Jira.IntegrationService.Activities.SWEntities.Ca62937ffb3d541468e45a08f4f95c39b_knownIssue_Customfield14225.Bundle.knownIssue_Customfield14225, Ca62937ffb3d541468e4.llnvX4zC4cH18PxXI3QZGEO4"
                  }
                },
                {
                  "name": "accessibilityComplianceLevel_Customfield12515",
                  "type": {
                    "ClrType": "UiPath.Jira.IntegrationService.Activities.SWEntities.Ca62937ffb3d541468e45a08f4f95c39b_accessibilityComplianceLevel_Customfield12515.Bundle.accessibilityComplianceLevel_Customfield12515, Ca62937ffb3d541468e4.cE0Cn3x4dS14Lv2p3kU3ts1"
                  }
                }
              ],
              "baseType": {
                "ClrType": "UiPath.Jira.IntegrationService.Client.Curated_issue, UiPath.Jira.IntegrationService"
              }
            }
          },
          "version": 1
        }
      },
      "entityAssemblyKey": {
        "name": "UiPath.Jira.IntegrationService.Activities.SWEntities.Ca62937ffb3d541468e45a08f4f95c39b_curated_issue_STUD_67123",
        "hash": "czhuYU9TRVUwR3RyWHdzTUlnNjNwN2dnK2NCa0JFRTh6Z1Y1cU5LaC95dlhEZkxtbENQZVhpRHFUbjBVMnlUZ3NNSFN5RUVtVjI4cGNDazU4TFdzWGc9PQ",
        "assemblyName": "Ca62937ffb3d541468e4.FVFPMPkqjP11G0Ie16BadD1"
      }
    }
  ]
}