{"ProjectWatches":"{\"Value\":[{\"Id\":\"a964eea2-75b9-44c6-b4fb-db2772d26fc7\",\"Expression\":\"recordId\"},{\"Id\":\"3fc9bcb9-7047-449b-bd48-73699a495747\",\"Expression\":\"outputRecord\"},{\"Id\":\"e688b671-5573-40a5-9e99-1640a15d5a66\",\"Expression\":\"myId\"},{\"Id\":\"17371710-57b1-4699-88ea-40f46200733a\",\"Expression\":\"3=2\"},{\"Id\":\"7f2c6bf0-0b14-4b7a-9911-2675017c4d06\",\"Expression\":\"3+2\"},{\"Id\":\"96a3be96-cd5f-497c-9b3f-f8f2bb2fa602\",\"Expression\":\"3==2\"},{\"Id\":\"04d7bbfa-32de-40b2-8fc1-0e3902abe28c\",\"Expression\":\"counter\"}]}","ProjectBreakpoints":"{\"Value\":{\"Invoke/Errors.xaml\":[{\"ConditionalExpression\":\"counter == 3\",\"ActionExpression\":\"\",\"ExpectedHitCounter\":null,\"ShouldContinueAfterAction\":false,\"IsTransient\":false,\"IsEnabled\":true,\"Id\":\"198bba26-d026-4f92-a251-c153ee2ddbbd\",\"ActivityIdRef\":\"Assign_1\",\"ActivityId\":\"1.54\",\"ActivityName\":\"Assign\"}],\"Main.xaml\":[{\"ConditionalExpression\":null,\"ActionExpression\":null,\"ExpectedHitCounter\":null,\"ShouldContinueAfterAction\":false,\"IsTransient\":false,\"IsEnabled\":true,\"Id\":\"8fe18118-ebe2-4abe-819e-7492cc5162ab\",\"ActivityIdRef\":\"LogMessage_1\",\"ActivityId\":\"1.87\",\"ActivityName\":\"Log message\"},{\"ConditionalExpression\":\"\",\"ActionExpression\":\"\",\"ExpectedHitCounter\":2,\"ShouldContinueAfterAction\":false,\"IsTransient\":false,\"IsEnabled\":true,\"Id\":\"392ba04e-7d0d-405d-a846-5c80b2c25e0d\",\"ActivityIdRef\":\"WriteLine_1\",\"ActivityId\":\"1.85\",\"ActivityName\":\"Write Line\"},{\"ConditionalExpression\":\"\",\"ActionExpression\":\"\\\"Invoking Isolated\\\"\",\"ExpectedHitCounter\":null,\"ShouldContinueAfterAction\":true,\"IsTransient\":false,\"IsEnabled\":true,\"Id\":\"24ab8552-fcfa-40e7-9454-51f61198a19d\",\"ActivityIdRef\":\"InvokeWorkflowFile_1\",\"ActivityId\":\"1.83\",\"ActivityName\":\"Invoke\\\\\\\\InvokeIsolated.xaml - Invoke Workflow File\"},{\"ConditionalExpression\":\"\",\"ActionExpression\":\"\\\"Test\\\"\",\"ExpectedHitCounter\":null,\"ShouldContinueAfterAction\":false,\"IsTransient\":false,\"IsEnabled\":true,\"Id\":\"cd692078-6d4a-4ed3-ac18-0d18983df42e\",\"ActivityIdRef\":\"WriteLine_2\",\"ActivityId\":\"1.62\",\"ActivityName\":\"Write Line\"}],\"Invoke/Orchestrator Stuff.xaml\":[{\"ConditionalExpression\":null,\"ActionExpression\":null,\"ExpectedHitCounter\":null,\"ShouldContinueAfterAction\":false,\"IsTransient\":false,\"IsEnabled\":true,\"Id\":\"20ac5c7f-7279-47cc-b714-052c2cc9b63f\",\"ActivityIdRef\":\"InvokeProcess_2\",\"ActivityId\":\"1.12\",\"ActivityName\":\"Invoke Process\"}],\"Invoke/Entities/GetEntity.xaml\":[{\"ConditionalExpression\":null,\"ActionExpression\":null,\"ExpectedHitCounter\":null,\"ShouldContinueAfterAction\":false,\"IsTransient\":false,\"IsEnabled\":true,\"Id\":\"f5732e19-ef70-4073-9228-4610f6630f51\",\"ActivityIdRef\":\"LogMessage_1\",\"ActivityId\":\"1.2\",\"ActivityName\":\"Log message\"}]}}","OpenedDocuments":"[\"Main.xaml\",\"Invoke/Errors.xaml\"]","ProjectActivitiesViewState":"{\"Invoke/Errors.xaml\":[{\"ActivityIdRef\":\"WriteLine_1\",\"IsAdvancedOptionsExpanded\":false,\"Widgets\":{}},{\"ActivityIdRef\":\"If_1\",\"IsAdvancedOptionsExpanded\":false,\"Widgets\":{}},{\"ActivityIdRef\":\"Throw_1\",\"IsAdvancedOptionsExpanded\":false,\"Widgets\":{}},{\"ActivityIdRef\":\"WriteLine_2\",\"IsAdvancedOptionsExpanded\":false,\"Widgets\":{}},{\"ActivityIdRef\":\"Continue_1\",\"IsAdvancedOptionsExpanded\":false,\"Widgets\":{}},{\"ActivityIdRef\":\"Throw_3\",\"IsAdvancedOptionsExpanded\":false,\"Widgets\":{}},{\"ActivityIdRef\":\"Throw_2\",\"IsAdvancedOptionsExpanded\":false,\"Widgets\":{}},{\"ActivityIdRef\":\"WriteLine_4\",\"IsAdvancedOptionsExpanded\":false,\"Widgets\":{}}]}"}