{
  "assemblyStates": {
    "PW_Json_Schema_Perso.CW8Vq3ez0fF1kbn5H1TTkON1": {
      "namespace": "UiPath.System.Activities.ViewModels.SWEntities.PW_Json_Schema_Persoana_New_0dbc1.Bundle",
      "providerName": "CustomEntities",
      "key": {
        "name": "UiPath.System.Activities.ViewModels.SWEntities.PW_Json_Schema_Persoana_New_0dbc1",
        "hash": "d3QwSVJveXhkUkpGTnY5dmRMaklyaHhjWmtnVkpJY205dWptT2R0Rzk0",
        "assemblyName": "PW_Json_Schema_Perso.CW8Vq3ez0fF1kbn5H1TTkON1"
      }
    }
  }
}