{
  "Workflows": [
    {
      "Path": null,
      "SortBy": 0,
      "VariablesSectionElementsOrder": [],
      "ArgumentsSectionElementsOrder": null,
      "ConstantsSectionElementsOrder": null,
      "AddedNamespaces": null
    },
    {
      "Path": "Main.xaml",
      "SortBy": 0,
      "VariablesSectionElementsOrder": [
        "itemIndex&Sequence_3",
        "helloMessage&Sequence_3",
        "myOutArgVariable&Sequence_3",
        "myPet&Sequence_3",
        "firstNameList&Sequence_3",
        "petId&Sequence_3",
        "petName&Sequence_3",
        "delay&Sequence_3",
        "jsonString&Sequence_3",
        "stringArray&Sequence_3",
        "pet&Sequence_3",
        "varInt64&Sequence_3",
        "selector&Sequence_3",
        "element&Sequence_3",
        "newVar&Sequence_3",
        "myCounter&Sequence_3",
        "doWhileCounter&Sequence_3",
        "rectangle&Sequence_15",
        "randomVariable&TryCatch_2",
        "mailList&Sequence_8",
        "mailListOutlook&Sequence_8",
        "resultsRange&Sequence_2",
        "firstName&Sequence_1",
        "age&Sequence_1",
        "myRow&Sequence_1"
      ],
      "ArgumentsSectionElementsOrder": [
        "text",
        "ageList",
        "dictionary",
        "myOutPet",
        "boolArg",
        "dblArg",
        "asciiQrCodeArgument"
      ],
      "ConstantsSectionElementsOrder": null,
      "AddedNamespaces": null
    },
    {
      "Path": "Scopes/System/SystemContainersWithScopes.xaml",
      "SortBy": 0,
      "VariablesSectionElementsOrder": [
        "counter&Sequence_1",
        "myList&Sequence_1",
        "myElement&Sequence_1",
        "itemExists&Sequence_3"
      ],
      "ArgumentsSectionElementsOrder": [],
      "ConstantsSectionElementsOrder": null,
      "AddedNamespaces": null
    },
    {
      "Path": "GlobalErrorHandlers/GlobalHandler_Continue.xaml",
      "SortBy": 0,
      "VariablesSectionElementsOrder": [
        "answer&Sequence_1",
        "retry&Sequence_1"
      ],
      "ArgumentsSectionElementsOrder": [
        "errorInfo",
        "result"
      ],
      "ConstantsSectionElementsOrder": null,
      "AddedNamespaces": null
    },
    {
      "Path": "GlobalErrorHandlers/GlobalHandler_Ignore.xaml",
      "SortBy": 0,
      "VariablesSectionElementsOrder": [
        "answer&Sequence_1",
        "retry&Sequence_1"
      ],
      "ArgumentsSectionElementsOrder": [
        "errorInfo",
        "result"
      ],
      "ConstantsSectionElementsOrder": null,
      "AddedNamespaces": null
    }
  ]
}