{"OpenedDocuments":"[\"GlobalErrorHandlers/GlobalHandler_Continue.xaml\",\"GlobalErrorHandlers/GlobalHandler_Ignore.xaml\",\"Scopes/System/SystemContainersWithScopes.xaml\",\"Main.xaml\"]","ProjectBreakpoints":"{\"CodeBreakpoints\":{},\"Value\":{\"petStore.xaml\":[{\"ConditionalExpression\":null,\"ActionExpression\":null,\"ExpectedHitCounter\":null,\"ShouldContinueAfterAction\":false,\"IsTransient\":false,\"BreakpointType\":1,\"LocationIdentifier\":\"Invoke code\",\"IsEnabled\":false,\"Id\":\"a88c6c5e-98e4-4258-ba04-7a35bc33fc57\",\"ActivityIdRef\":\"InvokeCode_1\",\"ActivityId\":\"1.56\",\"ActivityName\":\"Invoke code\"},{\"ConditionalExpression\":null,\"ActionExpression\":null,\"ExpectedHitCounter\":null,\"ShouldContinueAfterAction\":false,\"IsTransient\":false,\"BreakpointType\":1,\"LocationIdentifier\":\"Log Message\",\"IsEnabled\":true,\"Id\":\"1e0e7c5b-4ed7-408f-a3ee-1072337451b0\",\"ActivityIdRef\":\"LogMessage_3\",\"ActivityId\":\"1.10\",\"ActivityName\":\"Log Message\"},{\"ConditionalExpression\":\"3>2\",\"ActionExpression\":\"\\\"abcde\\\"\",\"ExpectedHitCounter\":5,\"ShouldContinueAfterAction\":true,\"IsTransient\":false,\"BreakpointType\":1,\"LocationIdentifier\":\"Assign\",\"IsEnabled\":true,\"Id\":\"828ea1ac-6777-47e9-9ae3-449f64310c82\",\"ActivityIdRef\":\"Assign_1\",\"ActivityId\":\"1.81\",\"ActivityName\":\"Assign\"},{\"ConditionalExpression\":null,\"ActionExpression\":null,\"ExpectedHitCounter\":null,\"ShouldContinueAfterAction\":false,\"IsTransient\":false,\"BreakpointType\":1,\"LocationIdentifier\":\"Click\",\"IsEnabled\":true,\"Id\":\"d7aa360a-2387-4f81-8b35-28a108fcc560\",\"ActivityIdRef\":\"Click_4\",\"ActivityId\":\"1.13\",\"ActivityName\":\"Click\"},{\"ConditionalExpression\":null,\"ActionExpression\":null,\"ExpectedHitCounter\":null,\"ShouldContinueAfterAction\":false,\"IsTransient\":false,\"BreakpointType\":1,\"LocationIdentifier\":\"Invoke LogMessageWithMyVariable workflow\",\"IsEnabled\":true,\"Id\":\"e3f8d3d1-6bb3-4220-9bd0-b257fd4b2dbe\",\"ActivityIdRef\":\"InvokeWorkflowFile_2\",\"ActivityId\":\"1.34\",\"ActivityName\":\"Invoke LogMessageWithMyVariable workflow\"},{\"ConditionalExpression\":null,\"ActionExpression\":null,\"ExpectedHitCounter\":null,\"ShouldContinueAfterAction\":false,\"IsTransient\":false,\"BreakpointType\":1,\"LocationIdentifier\":\"Assign\",\"IsEnabled\":true,\"Id\":\"481744b5-abba-4a39-9d58-6320e114a825\",\"ActivityIdRef\":\"Assign_3\",\"ActivityId\":\"1.42\",\"ActivityName\":\"Assign\"},{\"ConditionalExpression\":null,\"ActionExpression\":null,\"ExpectedHitCounter\":null,\"ShouldContinueAfterAction\":false,\"IsTransient\":false,\"BreakpointType\":1,\"LocationIdentifier\":\"Invoke ProcessMyPet workflow\",\"IsEnabled\":true,\"Id\":\"6b1565fb-5008-46cf-9955-66dbd272517d\",\"ActivityIdRef\":\"InvokeWorkflowFile_1\",\"ActivityId\":\"1.28\",\"ActivityName\":\"Invoke ProcessMyPet workflow\"},{\"ConditionalExpression\":\"true\",\"ActionExpression\":\"\\\"hello\\\"\",\"ExpectedHitCounter\":null,\"ShouldContinueAfterAction\":true,\"IsTransient\":false,\"BreakpointType\":1,\"LocationIdentifier\":\"Invoke ProcessMyPet workflow\",\"IsEnabled\":true,\"Id\":\"8cefe963-0055-4907-87ae-0f97a070d74a\",\"ActivityIdRef\":\"InvokeWorkflowFile_3\",\"ActivityId\":\"1.22\",\"ActivityName\":\"Invoke ProcessMyPet workflow\"}],\"LogMessageWithMyVariable.xaml\":[{\"ConditionalExpression\":null,\"ActionExpression\":null,\"ExpectedHitCounter\":null,\"ShouldContinueAfterAction\":false,\"IsTransient\":false,\"BreakpointType\":1,\"LocationIdentifier\":\"For Each\",\"IsEnabled\":true,\"Id\":\"f45ceeba-e920-4bab-8db5-df57d1929323\",\"ActivityIdRef\":\"ForEach`1_1\",\"ActivityId\":\"1.18\",\"ActivityName\":\"For Each\"},{\"ConditionalExpression\":\"3>2\",\"ActionExpression\":\"\\\"test\\\"\",\"ExpectedHitCounter\":3,\"ShouldContinueAfterAction\":false,\"IsTransient\":false,\"BreakpointType\":1,\"LocationIdentifier\":\"Log Message\",\"IsEnabled\":true,\"Id\":\"0dcccbdf-1aad-47c7-8a55-b9649a1e1a0b\",\"ActivityIdRef\":\"LogMessage_2\",\"ActivityId\":\"1.20\",\"ActivityName\":\"Log Message\"},{\"ConditionalExpression\":\"\",\"ActionExpression\":\"\",\"ExpectedHitCounter\":5,\"ShouldContinueAfterAction\":false,\"IsTransient\":false,\"BreakpointType\":1,\"LocationIdentifier\":\"Body\",\"IsEnabled\":true,\"Id\":\"1352df7b-70e3-4198-aed9-0724563537de\",\"ActivityIdRef\":\"Sequence_2\",\"ActivityId\":\"1.19\",\"ActivityName\":\"Body\"}],\"StateMachine.xaml\":[{\"ConditionalExpression\":\"True\",\"ActionExpression\":\"\",\"ExpectedHitCounter\":null,\"ShouldContinueAfterAction\":false,\"IsTransient\":false,\"BreakpointType\":1,\"LocationIdentifier\":\"Log Message\",\"IsEnabled\":true,\"Id\":\"50774773-619e-413c-bc91-904808ed5d84\",\"ActivityIdRef\":\"LogMessage_2\",\"ActivityId\":\"1.31\",\"ActivityName\":\"Log Message\"},{\"ConditionalExpression\":\"\",\"ActionExpression\":\"\\\"test\\\"\",\"ExpectedHitCounter\":null,\"ShouldContinueAfterAction\":false,\"IsTransient\":false,\"BreakpointType\":1,\"LocationIdentifier\":\"Log Message\",\"IsEnabled\":true,\"Id\":\"6478b244-9d4e-427e-9ea6-ccffbb688fbe\",\"ActivityIdRef\":\"LogMessage_6\",\"ActivityId\":\"1.11\",\"ActivityName\":\"Log Message\"}],\"Scopes/System/SystemContainersWithScopes.xaml\":[{\"ConditionalExpression\":null,\"ActionExpression\":null,\"ExpectedHitCounter\":null,\"ShouldContinueAfterAction\":false,\"IsTransient\":false,\"BreakpointType\":1,\"LocationIdentifier\":\"Assign\",\"IsEnabled\":true,\"Id\":\"0214df31-8856-49da-8e2a-7e955ed8682a\",\"ActivityIdRef\":\"Assign_4\",\"ActivityId\":\"1.108\",\"ActivityName\":\"Assign\"},{\"ConditionalExpression\":null,\"ActionExpression\":null,\"ExpectedHitCounter\":null,\"ShouldContinueAfterAction\":false,\"IsTransient\":false,\"BreakpointType\":1,\"LocationIdentifier\":\"Write Line\",\"IsEnabled\":true,\"Id\":\"69ae21b1-5706-4078-90e9-8ccdba2e21df\",\"ActivityIdRef\":\"WriteLine_1\",\"ActivityId\":\"1.155\",\"ActivityName\":\"Write Line\"},{\"ConditionalExpression\":null,\"ActionExpression\":null,\"ExpectedHitCounter\":null,\"ShouldContinueAfterAction\":false,\"IsTransient\":false,\"BreakpointType\":1,\"LocationIdentifier\":\"Write Line\",\"IsEnabled\":true,\"Id\":\"d1ed2992-6722-476e-8fae-987e3f31ab5c\",\"ActivityIdRef\":\"WriteLine_15\",\"ActivityId\":\"1.153\",\"ActivityName\":\"Write Line\"}],\"UI Stuff/PerformSomeCalculus.xaml\":[{\"ConditionalExpression\":null,\"ActionExpression\":null,\"ExpectedHitCounter\":null,\"ShouldContinueAfterAction\":false,\"IsTransient\":false,\"BreakpointType\":1,\"LocationIdentifier\":\"Click '1'\",\"IsEnabled\":true,\"Id\":\"2fe96faf-579c-41ef-bc8f-00df66eecdae\",\"ActivityIdRef\":\"NClick_19\",\"ActivityId\":\"1.25\",\"ActivityName\":\"Click '1'\"}],\"Collections.xaml\":[{\"ConditionalExpression\":null,\"ActionExpression\":null,\"ExpectedHitCounter\":null,\"ShouldContinueAfterAction\":false,\"IsTransient\":false,\"BreakpointType\":1,\"LocationIdentifier\":\"For Each\",\"IsEnabled\":true,\"Id\":\"dbd2fed7-4c38-4804-83a8-49dd99205b40\",\"ActivityIdRef\":\"ForEach`1_1\",\"ActivityId\":\"1.3\",\"ActivityName\":\"For Each\"},{\"ConditionalExpression\":null,\"ActionExpression\":null,\"ExpectedHitCounter\":null,\"ShouldContinueAfterAction\":false,\"IsTransient\":false,\"BreakpointType\":1,\"LocationIdentifier\":\"Assign\",\"IsEnabled\":true,\"Id\":\"291bf1cb-696e-4348-951b-04e76b501e6d\",\"ActivityIdRef\":\"Assign_5\",\"ActivityId\":\"1.53\",\"ActivityName\":\"Assign\"}],\"RecursiveSequence.xaml\":[{\"ConditionalExpression\":\"\",\"ActionExpression\":\"\",\"ExpectedHitCounter\":5,\"ShouldContinueAfterAction\":false,\"IsTransient\":false,\"BreakpointType\":1,\"LocationIdentifier\":\"Assign\",\"IsEnabled\":true,\"Id\":\"1287ca0b-4456-4a2d-bbb2-e3a8fbcc7f07\",\"ActivityIdRef\":\"Assign_1\",\"ActivityId\":\"1.17\",\"ActivityName\":\"Assign\"}]}}","ProjectWatches":"{\"Value\":[{\"Id\":\"936f4e53-c67a-4042-8397-e5de29f02df4\",\"Expression\":\"messageExitState2\",\"Type\":0},{\"Id\":\"19eb2e1c-5c00-46bd-a8e3-a6e6511d1d12\",\"Expression\":\"firstNameList\",\"Type\":0},{\"Id\":\"46373f0c-55a2-4cee-8db7-a3c907d39d48\",\"Expression\":\"myCounter\",\"Type\":0},{\"Id\":\"37845c49-cab5-474f-b08c-924140b687a0\",\"Expression\":\"myPet\",\"Type\":0},{\"Id\":\"ff2f89f1-15d9-450b-9d2c-87a81c7c70be\",\"Expression\":\"myOutPet\",\"Type\":0},{\"Id\":\"d2021bd9-e7e9-4727-a525-a491335044c9\",\"Expression\":\"text\",\"Type\":0},{\"Id\":\"e5fe60d7-1aa3-4808-8cf2-7009da8976a6\",\"Expression\":\"petId + Integer.Parse(\\\"150\\\")\",\"Type\":0},{\"Id\":\"1f5db571-f68f-4054-9d19-7e9f3923f61a\",\"Expression\":\"pet.Name\",\"Type\":0},{\"Id\":\"07b8aeb5-a965-4def-ab69-3a24a575882c\",\"Expression\":\"myOutPet\",\"Type\":0},{\"Id\":\"2e5b7533-5ee0-4c4c-95d5-38e1b94d55b5\",\"Expression\":\"asciiQrCodeArgument\",\"Type\":0},{\"Id\":\"d280e5a4-1efa-44ce-b581-3e786135c740\",\"Expression\":\"ageList\",\"Type\":0},{\"Id\":\"2e0f6079-f46b-44d7-85b3-2d12b962499b\",\"Expression\":\"dictionary\",\"Type\":0},{\"Id\":\"c159fede-e2cf-404b-be09-d1fa65869dd2\",\"Expression\":\"myOutPet\",\"Type\":0},{\"Id\":\"cca45183-7af7-4ffc-964a-3dd02a7a7fe0\",\"Expression\":\"boolArg\",\"Type\":0},{\"Id\":\"f12095fc-5bca-4712-aba7-827d07fdeada\",\"Expression\":\"jsonString\",\"Type\":0},{\"Id\":\"ce00987f-8d6f-4505-a99a-d346ac72e7c0\",\"Expression\":\"stringArray\",\"Type\":0},{\"Id\":\"7aa37ada-3926-456d-8d05-41c7688fb5a6\",\"Expression\":\"firstNameList(0)\",\"Type\":0},{\"Id\":\"1e80d449-94bc-419c-86ff-603a271e1c04\",\"Expression\":\"myPet.Name.ToString\",\"Type\":0},{\"Id\":\"0b42d980-f1af-4f8b-a8da-b534eb4c21ff\",\"Expression\":\"ageList(0)\",\"Type\":0},{\"Id\":\"60751133-38b1-4795-9af6-6cd252ce6ba0\",\"Expression\":\"dictionaryItem.Item(\\\"Key 1\\\")\",\"Type\":0},{\"Id\":\"12fd943e-046d-48d5-b682-c834556925db\",\"Expression\":\"dictionaryItem.Item(\\\"Key 1\\\").ToString\",\"Type\":0},{\"Id\":\"55e3d478-6c4c-4942-9f78-c5ae9ec4d0c1\",\"Expression\":\"dictionaryItem.Item(\\\"Key 1\\\").ToStringt\",\"Type\":0}]}","LibraryProjectSettings":"{\"IncludeSourcesByDefault\":true,\"CompileExpressions\":true,\"DefaultActivitiesRootCategories\":[null]}"}