{
  "exportedBy": null,
  "bundleHash": null,
  "version": "1.0.0.0",
  "jitAssemblyCompilerCommands": [
    {
      "providerName": "CustomEntities",
      "bundleOptions": {
        "hash": "Oa0FQCxlCx1At+4rVt577h1Pw+NmIUiJmGAIu70c+j/1UqR2YCd9iMBs0J6gFDaljBaPA4vIIzYWgnoEts0F8g==",
        "bundleName": "C934141DE60_Attachment_Link_Create",
        "entitiesBundle": {
          "Types": {
            "Attachment_Link_Create": {
              "name": "Attachment_Link_Create",
              "properties": [
                {
                  "name": "id",
                  "type": {
                    "ClrType": "System.String, System.Private.CoreLib"
                  }
                },
                {
                  "name": "success",
                  "type": {
                    "ClrType": "System.Nullable`1[[System.Boolean, System.Private.CoreLib]], System.Private.CoreLib"
                  }
                }
              ],
              "baseType": null
            }
          },
          "version": 1
        }
      },
      "entityAssemblyKey": {
        "name": "UiPath.IntegrationService.Activities.SWEntities.C934141DE60_Attachment_Link_Create",
        "hash": "T2EwRlFDeGxDeDFBdCs0clZ0NTc3aDFQdytObUlVaUptR0FJdTcwYytqLzFVcVIyWUNkOWlNQnMwSjZnRkRhbGpCYVBBNHZJSXpZV2dub0V0czBGOGc9PQ",
        "assemblyName": "C934141DE60_Attachme.3riNE2YlDmN1veR3v1Q30xC3"
      }
    },
    {
      "providerName": "CustomEntities",
      "bundleOptions": {
        "hash": "VrS8gxc4Fsqio0nKUZkZg4xjEPgMbBO2HN7HNI3RJXonUrqxMJZgv4+X0FZVwGUqm2vrjFMJlhl08rlFv4Ap8Q==",
        "bundleName": "C82A501238D_teams_sub_channels_Create",
        "entitiesBundle": {
          "Types": {
            "teams_sub_channels_Create": {
              "name": "teams_sub_channels_Create",
              "properties": [
                {
                  "name": "createdDateTime",
                  "type": {
                    "ClrType": "System.Nullable`1[[System.DateTimeOffset, System.Private.CoreLib]], System.Private.CoreLib"
                  }
                },
                {
                  "name": "description",
                  "type": {
                    "ClrType": "System.String, System.Private.CoreLib"
                  }
                },
                {
                  "name": "displayName",
                  "type": {
                    "ClrType": "System.String, System.Private.CoreLib"
                  }
                },
                {
                  "name": "email",
                  "type": {
                    "ClrType": "System.String, System.Private.CoreLib"
                  }
                },
                {
                  "name": "id",
                  "type": {
                    "ClrType": "System.String, System.Private.CoreLib"
                  }
                },
                {
                  "name": "membershipType",
                  "type": {
                    "ClrType": "System.String, System.Private.CoreLib"
                  }
                },
                {
                  "name": "odataContext",
                  "type": {
                    "ClrType": "System.String, System.Private.CoreLib"
                  }
                },
                {
                  "name": "webUrl",
                  "type": {
                    "ClrType": "System.String, System.Private.CoreLib"
                  }
                }
              ],
              "baseType": null
            }
          },
          "version": 1
        }
      },
      "entityAssemblyKey": {
        "name": "UiPath.IntegrationService.Activities.SWEntities.C82A501238D_teams_sub_channels_Create",
        "hash": "VnJTOGd4YzRGc3FpbzBuS1Vaa1pnNHhqRVBnTWJCTzJITjdITkkzUkpYb25VcnF4TUpaZ3Y0K1gwRlpWd0dVcW0ydnJqRk1KbGhsMDhybEZ2NEFwOFE9PQ",
        "assemblyName": "C82A501238D_teams_su.TaDdk1Mt5vO1QUbnC4TulPo3"
      }
    },
    {
      "providerName": "CustomEntities",
      "bundleOptions": {
        "hash": "l+fagvxR+YW+/63eKWqMxQAoBeKKP+4FDaGo/aIqCnSUi0UEqyfcvgZThy+2VPamnnFMiNU54ssvC0UznYzgwg==",
        "bundleName": "C82A501238D_teams_sub_channels_List",
        "entitiesBundle": {
          "Types": {
            "teams_sub_channels_List": {
              "name": "teams_sub_channels_List",
              "properties": [
                {
                  "name": "createdDateTime",
                  "type": {
                    "ClrType": "System.Nullable`1[[System.DateTimeOffset, System.Private.CoreLib]], System.Private.CoreLib"
                  }
                },
                {
                  "name": "description",
                  "type": {
                    "ClrType": "System.String, System.Private.CoreLib"
                  }
                },
                {
                  "name": "displayName",
                  "type": {
                    "ClrType": "System.String, System.Private.CoreLib"
                  }
                },
                {
                  "name": "email",
                  "type": {
                    "ClrType": "System.String, System.Private.CoreLib"
                  }
                },
                {
                  "name": "id",
                  "type": {
                    "ClrType": "System.String, System.Private.CoreLib"
                  }
                },
                {
                  "name": "membershipType",
                  "type": {
                    "ClrType": "System.String, System.Private.CoreLib"
                  }
                },
                {
                  "name": "tenantId",
                  "type": {
                    "ClrType": "System.String, System.Private.CoreLib"
                  }
                },
                {
                  "name": "webUrl",
                  "type": {
                    "ClrType": "System.String, System.Private.CoreLib"
                  }
                }
              ],
              "baseType": null
            }
          },
          "version": 1
        }
      },
      "entityAssemblyKey": {
        "name": "UiPath.IntegrationService.Activities.SWEntities.C82A501238D_teams_sub_channels_List",
        "hash": "bCtmYWd2eFIrWVcrLzYzZUtXcU14UUFvQmVLS1ArNEZEYUdvL2FJcUNuU1VpMFVFcXlmY3ZnWlRoeSsyVlBhbW5uRk1pTlU1NHNzdkMwVXpuWXpnd2c9PQ",
        "assemblyName": "C82A501238D_teams_su.sTNIN19N2kD1kU2vX2USJtf1"
      }
    },
    {
      "providerName": "CustomEntities",
      "bundleOptions": {
        "hash": "MAX/KexrZj/hPKgLfoAmS9Wmd6b53qY4pz2ZaEPvEkzqNuxFf1LC+144is4QfVpmidfxUzrjQmLqZw2P3qe0cA==",
        "bundleName": "C82A501238D_teams_sub_channels_sub_members_Create",
        "entitiesBundle": {
          "Types": {
            "teams_sub_channels_sub_members_Create": {
              "name": "teams_sub_channels_sub_members_Create",
              "properties": [
                {
                  "name": "displayName",
                  "type": {
                    "ClrType": "System.String, System.Private.CoreLib"
                  }
                },
                {
                  "name": "email",
                  "type": {
                    "ClrType": "System.String, System.Private.CoreLib"
                  }
                },
                {
                  "name": "id",
                  "type": {
                    "ClrType": "System.String, System.Private.CoreLib"
                  }
                },
                {
                  "name": "odataContext",
                  "type": {
                    "ClrType": "System.String, System.Private.CoreLib"
                  }
                },
                {
                  "name": "odataType",
                  "type": {
                    "ClrType": "System.String, System.Private.CoreLib"
                  }
                },
                {
                  "name": "roles",
                  "type": {
                    "ClrType": "System.String, System.Private.CoreLib"
                  }
                },
                {
                  "name": "tenantId",
                  "type": {
                    "ClrType": "System.String, System.Private.CoreLib"
                  }
                },
                {
                  "name": "userId",
                  "type": {
                    "ClrType": "System.String, System.Private.CoreLib"
                  }
                },
                {
                  "name": "visibleHistoryStartDateTime",
                  "type": {
                    "ClrType": "System.Nullable`1[[System.DateTimeOffset, System.Private.CoreLib]], System.Private.CoreLib"
                  }
                }
              ],
              "baseType": null
            }
          },
          "version": 1
        }
      },
      "entityAssemblyKey": {
        "name": "UiPath.IntegrationService.Activities.SWEntities.C82A501238D_teams_sub_channels_sub_members_Create",
        "hash": "TUFYL0tleHJaai9oUEtnTGZvQW1TOVdtZDZiNTNxWTRwejJaYUVQdkVrenFOdXhGZjFMQysxNDRpczRRZlZwbWlkZnhVenJqUW1McVp3MlAzcWUwY0E9PQ",
        "assemblyName": "C82A501238D_teams_su.o3pG32sWV2D1N39Bc3ukIFu2"
      }
    },
    {
      "providerName": "CustomEntities",
      "bundleOptions": {
        "hash": "IdPp43oCYgejybyQ6+YkNTI9rutU6tCJtttv9qmZx+6p3IHl+9fA/OUrbxUKKYDR1EkbJ40EbkVT/tpmZYxeHw==",
        "bundleName": "C82A501238D_oneminus_signonminus_signoneminus_signchat_Create",
        "entitiesBundle": {
          "Types": {
            "oneminus_signonminus_signoneminus_signchat_Create": {
              "name": "oneminus_signonminus_signoneminus_signchat_Create",
              "properties": [
                {
                  "name": "chatType",
                  "type": {
                    "ClrType": "System.String, System.Private.CoreLib"
                  }
                },
                {
                  "name": "createdDateTime",
                  "type": {
                    "ClrType": "System.Nullable`1[[System.DateTimeOffset, System.Private.CoreLib]], System.Private.CoreLib"
                  }
                },
                {
                  "name": "id",
                  "type": {
                    "ClrType": "System.String, System.Private.CoreLib"
                  }
                },
                {
                  "name": "lastUpdatedDateTime",
                  "type": {
                    "ClrType": "System.Nullable`1[[System.DateTimeOffset, System.Private.CoreLib]], System.Private.CoreLib"
                  }
                },
                {
                  "name": "odataContext",
                  "type": {
                    "ClrType": "System.String, System.Private.CoreLib"
                  }
                },
                {
                  "name": "tenantId",
                  "type": {
                    "ClrType": "System.String, System.Private.CoreLib"
                  }
                },
                {
                  "name": "webUrl",
                  "type": {
                    "ClrType": "System.String, System.Private.CoreLib"
                  }
                }
              ],
              "baseType": null
            }
          },
          "version": 1
        }
      },
      "entityAssemblyKey": {
        "name": "UiPath.IntegrationService.Activities.SWEntities.C82A501238D_oneminus_signonminus_signoneminus_signchat_Create",
        "hash": "SWRQcDQzb0NZZ2VqeWJ5UTYrWWtOVEk5cnV0VTZ0Q0p0dHR2OXFtWngrNnAzSUhsKzlmQS9PVXJieFVLS1lEUjFFa2JKNDBFYmtWVC90cG1aWXhlSHc9PQ",
        "assemblyName": "C82A501238D_oneminus.CAjmwZqefE1LHdEy3hVLp72"
      }
    },
    {
      "providerName": "CustomEntities",
      "bundleOptions": {
        "hash": "daWyHp9mZJjkDVTP6CprzpYJf2rzKa/5DlhmLPJOL4I3JGttOF5FHsAgQZ80B8WvxZXCE9DVy9oGAkKc4MTyOw==",
        "bundleName": "C82A501238D_normalisedminus_signteams_sub_channels_sub_messages_sub_replies_Upload",
        "entitiesBundle": {
          "Types": {
            "attachments": {
              "name": "attachments",
              "properties": [
                {
                  "name": "contentUrl",
                  "type": {
                    "ClrType": "System.String, System.Private.CoreLib"
                  }
                },
                {
                  "name": "id",
                  "type": {
                    "ClrType": "System.String, System.Private.CoreLib"
                  }
                },
                {
                  "name": "name",
                  "type": {
                    "ClrType": "System.String, System.Private.CoreLib"
                  }
                }
              ],
              "baseType": null
            },
            "body": {
              "name": "body",
              "properties": [
                {
                  "name": "content",
                  "type": {
                    "ClrType": "System.String, System.Private.CoreLib"
                  }
                }
              ],
              "baseType": null
            },
            "channelIdentity": {
              "name": "channelIdentity",
              "properties": [
                {
                  "name": "channelId",
                  "type": {
                    "ClrType": "System.String, System.Private.CoreLib"
                  }
                },
                {
                  "name": "teamId",
                  "type": {
                    "ClrType": "System.String, System.Private.CoreLib"
                  }
                }
              ],
              "baseType": null
            },
            "user": {
              "name": "user",
              "properties": [
                {
                  "name": "displayName",
                  "type": {
                    "ClrType": "System.String, System.Private.CoreLib"
                  }
                },
                {
                  "name": "id",
                  "type": {
                    "ClrType": "System.String, System.Private.CoreLib"
                  }
                },
                {
                  "name": "userIdentityType",
                  "type": {
                    "ClrType": "System.String, System.Private.CoreLib"
                  }
                }
              ],
              "baseType": null
            },
            "from": {
              "name": "from",
              "properties": [
                {
                  "name": "user",
                  "type": {
                    "definitionName": "user"
                  }
                }
              ],
              "baseType": null
            },
            "mentioned": {
              "name": "mentioned",
              "properties": [
                {
                  "name": "user",
                  "type": {
                    "definitionName": "user"
                  }
                }
              ],
              "baseType": null
            },
            "mentions": {
              "name": "mentions",
              "properties": [
                {
                  "name": "id",
                  "type": {
                    "ClrType": "System.Nullable`1[[System.Int32, System.Private.CoreLib]], System.Private.CoreLib"
                  }
                },
                {
                  "name": "mentionText",
                  "type": {
                    "ClrType": "System.String, System.Private.CoreLib"
                  }
                },
                {
                  "name": "mentioned",
                  "type": {
                    "definitionName": "mentioned"
                  }
                }
              ],
              "baseType": null
            },
            "normalisedminus_signteams_sub_channels_sub_messages_sub_replies_Upload": {
              "name": "normalisedminus_signteams_sub_channels_sub_messages_sub_replies_Upload",
              "properties": [
                {
                  "name": "createdDateTime",
                  "type": {
                    "ClrType": "System.Nullable`1[[System.DateTimeOffset, System.Private.CoreLib]], System.Private.CoreLib"
                  }
                },
                {
                  "name": "etag",
                  "type": {
                    "ClrType": "System.String, System.Private.CoreLib"
                  }
                },
                {
                  "name": "id",
                  "type": {
                    "ClrType": "System.String, System.Private.CoreLib"
                  }
                },
                {
                  "name": "importance",
                  "type": {
                    "ClrType": "System.String, System.Private.CoreLib"
                  }
                },
                {
                  "name": "lastModifiedDateTime",
                  "type": {
                    "ClrType": "System.Nullable`1[[System.DateTimeOffset, System.Private.CoreLib]], System.Private.CoreLib"
                  }
                },
                {
                  "name": "locale",
                  "type": {
                    "ClrType": "System.String, System.Private.CoreLib"
                  }
                },
                {
                  "name": "messageType",
                  "type": {
                    "ClrType": "System.String, System.Private.CoreLib"
                  }
                },
                {
                  "name": "odataContext",
                  "type": {
                    "ClrType": "System.String, System.Private.CoreLib"
                  }
                },
                {
                  "name": "replyToId",
                  "type": {
                    "ClrType": "System.String, System.Private.CoreLib"
                  }
                },
                {
                  "name": "webUrl",
                  "type": {
                    "ClrType": "System.String, System.Private.CoreLib"
                  }
                },
                {
                  "name": "attachments",
                  "type": {
                    "definitionName": "attachments"
                  }
                },
                {
                  "name": "body",
                  "type": {
                    "definitionName": "body"
                  }
                },
                {
                  "name": "channelIdentity",
                  "type": {
                    "definitionName": "channelIdentity"
                  }
                },
                {
                  "name": "from",
                  "type": {
                    "definitionName": "from"
                  }
                },
                {
                  "name": "mentions",
                  "type": {
                    "definitionName": "mentions"
                  }
                }
              ],
              "baseType": null
            }
          },
          "version": 1
        }
      },
      "entityAssemblyKey": {
        "name": "UiPath.IntegrationService.Activities.SWEntities.C82A501238D_normalisedminus_signteams_sub_channels_sub_messages_sub_replies_Upload",
        "hash": "ZGFXeUhwOW1aSmprRFZUUDZDcHJ6cFlKZjJyekthLzVEbGhtTFBKT0w0STNKR3R0T0Y1RkhzQWdRWjgwQjhXdnhaWENFOURWeTlvR0FrS2M0TVR5T3c9PQ",
        "assemblyName": "C82A501238D_normalis.1Nd101q0YWC1DTKEwHRTAT"
      }
    },
    {
      "providerName": "CustomEntities",
      "bundleOptions": {
        "hash": "ld2oW5x4zvBm+4pz0hw3HRXpbR0sn64uk1S/c9QP0g6KAAiI/J4PvJYRZpMdkF3QpHoYcPIph3ZyEBOz+MfZQA==",
        "bundleName": "C82A501238D_normalisedminus_signteams_sub_channels_sub_messages_Upload",
        "entitiesBundle": {
          "Types": {
            "attachments": {
              "name": "attachments",
              "properties": [
                {
                  "name": "contentUrl",
                  "type": {
                    "ClrType": "System.String, System.Private.CoreLib"
                  }
                },
                {
                  "name": "id",
                  "type": {
                    "ClrType": "System.String, System.Private.CoreLib"
                  }
                },
                {
                  "name": "name",
                  "type": {
                    "ClrType": "System.String, System.Private.CoreLib"
                  }
                }
              ],
              "baseType": null
            },
            "body": {
              "name": "body",
              "properties": [
                {
                  "name": "content",
                  "type": {
                    "ClrType": "System.String, System.Private.CoreLib"
                  }
                }
              ],
              "baseType": null
            },
            "channelIdentity": {
              "name": "channelIdentity",
              "properties": [
                {
                  "name": "channelId",
                  "type": {
                    "ClrType": "System.String, System.Private.CoreLib"
                  }
                },
                {
                  "name": "teamId",
                  "type": {
                    "ClrType": "System.String, System.Private.CoreLib"
                  }
                }
              ],
              "baseType": null
            },
            "user": {
              "name": "user",
              "properties": [
                {
                  "name": "displayName",
                  "type": {
                    "ClrType": "System.String, System.Private.CoreLib"
                  }
                },
                {
                  "name": "id",
                  "type": {
                    "ClrType": "System.String, System.Private.CoreLib"
                  }
                },
                {
                  "name": "userIdentityType",
                  "type": {
                    "ClrType": "System.String, System.Private.CoreLib"
                  }
                }
              ],
              "baseType": null
            },
            "from": {
              "name": "from",
              "properties": [
                {
                  "name": "user",
                  "type": {
                    "definitionName": "user"
                  }
                }
              ],
              "baseType": null
            },
            "mentioned": {
              "name": "mentioned",
              "properties": [
                {
                  "name": "user",
                  "type": {
                    "definitionName": "user"
                  }
                }
              ],
              "baseType": null
            },
            "mentions": {
              "name": "mentions",
              "properties": [
                {
                  "name": "id",
                  "type": {
                    "ClrType": "System.Nullable`1[[System.Int32, System.Private.CoreLib]], System.Private.CoreLib"
                  }
                },
                {
                  "name": "mentionText",
                  "type": {
                    "ClrType": "System.String, System.Private.CoreLib"
                  }
                },
                {
                  "name": "mentioned",
                  "type": {
                    "definitionName": "mentioned"
                  }
                }
              ],
              "baseType": null
            },
            "normalisedminus_signteams_sub_channels_sub_messages_Upload": {
              "name": "normalisedminus_signteams_sub_channels_sub_messages_Upload",
              "properties": [
                {
                  "name": "createdDateTime",
                  "type": {
                    "ClrType": "System.Nullable`1[[System.DateTimeOffset, System.Private.CoreLib]], System.Private.CoreLib"
                  }
                },
                {
                  "name": "etag",
                  "type": {
                    "ClrType": "System.String, System.Private.CoreLib"
                  }
                },
                {
                  "name": "id",
                  "type": {
                    "ClrType": "System.String, System.Private.CoreLib"
                  }
                },
                {
                  "name": "importance",
                  "type": {
                    "ClrType": "System.String, System.Private.CoreLib"
                  }
                },
                {
                  "name": "lastModifiedDateTime",
                  "type": {
                    "ClrType": "System.Nullable`1[[System.DateTimeOffset, System.Private.CoreLib]], System.Private.CoreLib"
                  }
                },
                {
                  "name": "locale",
                  "type": {
                    "ClrType": "System.String, System.Private.CoreLib"
                  }
                },
                {
                  "name": "messageType",
                  "type": {
                    "ClrType": "System.String, System.Private.CoreLib"
                  }
                },
                {
                  "name": "odataContext",
                  "type": {
                    "ClrType": "System.String, System.Private.CoreLib"
                  }
                },
                {
                  "name": "webUrl",
                  "type": {
                    "ClrType": "System.String, System.Private.CoreLib"
                  }
                },
                {
                  "name": "attachments",
                  "type": {
                    "definitionName": "attachments"
                  }
                },
                {
                  "name": "body",
                  "type": {
                    "definitionName": "body"
                  }
                },
                {
                  "name": "channelIdentity",
                  "type": {
                    "definitionName": "channelIdentity"
                  }
                },
                {
                  "name": "from",
                  "type": {
                    "definitionName": "from"
                  }
                },
                {
                  "name": "mentions",
                  "type": {
                    "definitionName": "mentions"
                  }
                }
              ],
              "baseType": null
            }
          },
          "version": 1
        }
      },
      "entityAssemblyKey": {
        "name": "UiPath.IntegrationService.Activities.SWEntities.C82A501238D_normalisedminus_signteams_sub_channels_sub_messages_Upload",
        "hash": "bGQyb1c1eDR6dkJtKzRwejBodzNIUlhwYlIwc242NHVrMVMvYzlRUDBnNktBQWlJL0o0UHZKWVJacE1ka0YzUXBIb1ljUElwaDNaeUVCT3orTWZaUUE9PQ",
        "assemblyName": "C82A501238D_normalis.27PDzymRUJ11aWGX2bFjVf1"
      }
    },
    {
      "providerName": "CustomEntities",
      "bundleOptions": {
        "hash": "AUdxGKZJEzDn0zkul7tlIOaUafJqgIdTsEafpR16c3qnQVA3zm/xQXlq7EA7eHiwsMB5AaJBhu+6OlYABlTWgA==",
        "bundleName": "C82A501238D_normalisedminus_signchats_sub_messages_Create",
        "entitiesBundle": {
          "Types": {
            "attachments": {
              "name": "attachments",
              "properties": [
                {
                  "name": "contentUrl",
                  "type": {
                    "ClrType": "System.String, System.Private.CoreLib"
                  }
                },
                {
                  "name": "id",
                  "type": {
                    "ClrType": "System.String, System.Private.CoreLib"
                  }
                },
                {
                  "name": "name",
                  "type": {
                    "ClrType": "System.String, System.Private.CoreLib"
                  }
                }
              ],
              "baseType": null
            },
            "body": {
              "name": "body",
              "properties": [
                {
                  "name": "content",
                  "type": {
                    "ClrType": "System.String, System.Private.CoreLib"
                  }
                }
              ],
              "baseType": null
            },
            "user": {
              "name": "user",
              "properties": [
                {
                  "name": "displayName",
                  "type": {
                    "ClrType": "System.String, System.Private.CoreLib"
                  }
                },
                {
                  "name": "id",
                  "type": {
                    "ClrType": "System.String, System.Private.CoreLib"
                  }
                },
                {
                  "name": "userIdentityType",
                  "type": {
                    "ClrType": "System.String, System.Private.CoreLib"
                  }
                }
              ],
              "baseType": null
            },
            "from": {
              "name": "from",
              "properties": [
                {
                  "name": "user",
                  "type": {
                    "definitionName": "user"
                  }
                }
              ],
              "baseType": null
            },
            "mentioned": {
              "name": "mentioned",
              "properties": [
                {
                  "name": "user",
                  "type": {
                    "definitionName": "user"
                  }
                }
              ],
              "baseType": null
            },
            "mentions": {
              "name": "mentions",
              "properties": [
                {
                  "name": "id",
                  "type": {
                    "ClrType": "System.Nullable`1[[System.Int32, System.Private.CoreLib]], System.Private.CoreLib"
                  }
                },
                {
                  "name": "mentionText",
                  "type": {
                    "ClrType": "System.String, System.Private.CoreLib"
                  }
                },
                {
                  "name": "mentioned",
                  "type": {
                    "definitionName": "mentioned"
                  }
                }
              ],
              "baseType": null
            },
            "normalisedminus_signchats_sub_messages_Create": {
              "name": "normalisedminus_signchats_sub_messages_Create",
              "properties": [
                {
                  "name": "chatId",
                  "type": {
                    "ClrType": "System.String, System.Private.CoreLib"
                  }
                },
                {
                  "name": "createdDateTime",
                  "type": {
                    "ClrType": "System.Nullable`1[[System.DateTimeOffset, System.Private.CoreLib]], System.Private.CoreLib"
                  }
                },
                {
                  "name": "etag",
                  "type": {
                    "ClrType": "System.String, System.Private.CoreLib"
                  }
                },
                {
                  "name": "id",
                  "type": {
                    "ClrType": "System.String, System.Private.CoreLib"
                  }
                },
                {
                  "name": "importance",
                  "type": {
                    "ClrType": "System.String, System.Private.CoreLib"
                  }
                },
                {
                  "name": "lastModifiedDateTime",
                  "type": {
                    "ClrType": "System.Nullable`1[[System.DateTimeOffset, System.Private.CoreLib]], System.Private.CoreLib"
                  }
                },
                {
                  "name": "locale",
                  "type": {
                    "ClrType": "System.String, System.Private.CoreLib"
                  }
                },
                {
                  "name": "messageType",
                  "type": {
                    "ClrType": "System.String, System.Private.CoreLib"
                  }
                },
                {
                  "name": "attachments",
                  "type": {
                    "definitionName": "attachments"
                  }
                },
                {
                  "name": "body",
                  "type": {
                    "definitionName": "body"
                  }
                },
                {
                  "name": "from",
                  "type": {
                    "definitionName": "from"
                  }
                },
                {
                  "name": "mentions",
                  "type": {
                    "definitionName": "mentions"
                  }
                }
              ],
              "baseType": null
            }
          },
          "version": 1
        }
      },
      "entityAssemblyKey": {
        "name": "UiPath.IntegrationService.Activities.SWEntities.C82A501238D_normalisedminus_signchats_sub_messages_Create",
        "hash": "QVVkeEdLWkpFekRuMHprdWw3dGxJT2FVYWZKcWdJZFRzRWFmcFIxNmMzcW5RVkEzem0veFFYbHE3RUE3ZUhpd3NNQjVBYUpCaHUrNk9sWUFCbFRXZ0E9PQ",
        "assemblyName": "C82A501238D_normalis.XasezduRFF1YEqvr2fFYEq1"
      }
    }
  ]
}