{
  "Workflows": [
    {
      "Path": null,
      "SortBy": 0,
      "VariablesSectionElementsOrder": [],
      "ArgumentsSectionElementsOrder": null,
      "ConstantsSectionElementsOrder": null,
      "AddedNamespaces": null
    },
    {
      "Path": "Main.xaml",
      "SortBy": 0,
      "VariablesSectionElementsOrder": [
        "itemIndex&Sequence_3",
        "helloMessage&Sequence_3",
        "myOutArgVariable&Sequence_3",
        "myPet&Sequence_3",
        "firstNameList&Sequence_3",
        "petId&Sequence_3",
        "petName&Sequence_3",
        "delay&Sequence_3",
        "jsonString&Sequence_3",
        "stringArray&Sequence_3",
        "pet&Sequence_3",
        "varInt64&Sequence_3",
        "selector&Sequence_3",
        "element&Sequence_3",
        "newVar&Sequence_3",
        "myCounter&Sequence_3",
        "doWhileCounter&Sequence_3",
        "rectangle&Sequence_15",
        "randomVariable&TryCatch_2",
        "mailList&Sequence_8",
        "mailListOutlook&Sequence_8",
        "resultsRange&Sequence_2",
        "firstName&Sequence_1",
        "age&Sequence_1",
        "myRow&Sequence_1"
      ],
      "ArgumentsSectionElementsOrder": [
        "text",
        "ageList",
        "dictionary",
        "myOutPet",
        "boolArg",
        "dblArg",
        "asciiQrCodeArgument"
      ],
      "ConstantsSectionElementsOrder": null,
      "AddedNamespaces": null
    },
    {
      "Path": "Scopes/System/SystemContainersWithScopes.xaml",
      "SortBy": 0,
      "VariablesSectionElementsOrder": [
        "counter&Sequence_1",
        "myList&Sequence_1",
        "myElement&Sequence_1",
        "itemExists&Sequence_3"
      ],
      "ArgumentsSectionElementsOrder": [],
      "ConstantsSectionElementsOrder": null,
      "AddedNamespaces": null
    },
    {
      "Path": "GlobalErrorHandlers/GlobalHandler_Continue.xaml",
      "SortBy": 0,
      "VariablesSectionElementsOrder": [
        "answer&Sequence_1",
        "retry&Sequence_1"
      ],
      "ArgumentsSectionElementsOrder": [
        "errorInfo",
        "result"
      ],
      "ConstantsSectionElementsOrder": null,
      "AddedNamespaces": null
    },
    {
      "Path": "GlobalErrorHandlers/GlobalHandler_Ignore.xaml",
      "SortBy": 0,
      "VariablesSectionElementsOrder": [
        "answer&Sequence_1",
        "retry&Sequence_1"
      ],
      "ArgumentsSectionElementsOrder": [
        "errorInfo",
        "result"
      ],
      "ConstantsSectionElementsOrder": null,
      "AddedNamespaces": null
    },
    {
      "Path": "PetStore/UseCustomActivitiesWithImportedActivities.xaml",
      "SortBy": 0,
      "VariablesSectionElementsOrder": [],
      "ArgumentsSectionElementsOrder": [
        "petId",
        "petName",
        "petResponse"
      ],
      "ConstantsSectionElementsOrder": null,
      "AddedNamespaces": null
    },
    {
      "Path": "petStore.xaml",
      "SortBy": 0,
      "VariablesSectionElementsOrder": [
        "pet&Sequence_1",
        "myVariable&Sequence_1",
        "myList&Sequence_1",
        "petResponse&Sequence_1",
        "counter&While_1"
      ],
      "ArgumentsSectionElementsOrder": [],
      "ConstantsSectionElementsOrder": null,
      "AddedNamespaces": null
    },
    {
      "Path": "ProcessMyPet.xaml",
      "SortBy": 0,
      "VariablesSectionElementsOrder": [
        "petId&Sequence_2",
        "petResponse&Sequence_2"
      ],
      "ArgumentsSectionElementsOrder": [
        "petResponseArg"
      ],
      "ConstantsSectionElementsOrder": null,
      "AddedNamespaces": null
    },
    {
      "Path": "StateMachine.xaml",
      "SortBy": 0,
      "VariablesSectionElementsOrder": [
        "messageEntryState2&State_1",
        "messageExitState2&State_1"
      ],
      "ArgumentsSectionElementsOrder": [],
      "ConstantsSectionElementsOrder": null,
      "AddedNamespaces": null
    },
    {
      "Path": "WriteLine.xaml",
      "SortBy": 0,
      "VariablesSectionElementsOrder": [],
      "ArgumentsSectionElementsOrder": [
        "helloMessage"
      ],
      "ConstantsSectionElementsOrder": null,
      "AddedNamespaces": null
    },
    {
      "Path": "Collections.xaml",
      "SortBy": 0,
      "VariablesSectionElementsOrder": [
        "counter&Sequence_1",
        "kvp&Sequence_2",
        "key&Sequence_2",
        "value&Sequence_2",
        "listItem&Sequence_2"
      ],
      "ArgumentsSectionElementsOrder": [
        "dictionaryItem",
        "listItem"
      ],
      "ConstantsSectionElementsOrder": null,
      "AddedNamespaces": null
    },
    {
      "Path": "DelaySequence.xaml",
      "SortBy": 0,
      "VariablesSectionElementsOrder": [
        "variable1&Sequence_1"
      ],
      "ArgumentsSectionElementsOrder": [
        "delay"
      ],
      "ConstantsSectionElementsOrder": null,
      "AddedNamespaces": null
    },
    {
      "Path": "LogMessageWithMyVariable.xaml",
      "SortBy": 0,
      "VariablesSectionElementsOrder": [],
      "ArgumentsSectionElementsOrder": [
        "myVariable",
        "myList"
      ],
      "ConstantsSectionElementsOrder": null,
      "AddedNamespaces": null
    },
    {
      "Path": "Sequence.xaml",
      "SortBy": 0,
      "VariablesSectionElementsOrder": [
        "a&Sequence_1",
        "b&Sequence_1"
      ],
      "ArgumentsSectionElementsOrder": [
        "myInArg",
        "myOutArg",
        "myOutPet",
        "myInPet"
      ],
      "ConstantsSectionElementsOrder": null,
      "AddedNamespaces": null
    },
    {
      "Path": "petNameWF.xaml",
      "SortBy": 0,
      "VariablesSectionElementsOrder": [],
      "ArgumentsSectionElementsOrder": [
        "myPet"
      ],
      "ConstantsSectionElementsOrder": null,
      "AddedNamespaces": null
    },
    {
      "Path": "firstNameListCount.xaml",
      "SortBy": 0,
      "VariablesSectionElementsOrder": [],
      "ArgumentsSectionElementsOrder": [
        "firstNameList"
      ],
      "ConstantsSectionElementsOrder": null,
      "AddedNamespaces": null
    }
  ]
}