{
  "Packages": [
    {
      "Package": {
        "Id": "UiPath.FormActivityLibrary",
        "Version": "1.1.10"
      },
      "Assemblies": [
        "C:\\Users\\Liviu.Ponova\\.nuget\\packages\\newtonsoft.json\\13.0.1\\lib/net45/Newtonsoft.Json.dll",
        "C:\\Users\\Liviu.Ponova\\.nuget\\packages\\system.buffers\\4.5.1\\lib/net461/System.Buffers.dll",
        "C:\\Users\\Liviu.Ponova\\.nuget\\packages\\system.memory\\4.5.4\\lib/net461/System.Memory.dll",
        "C:\\Users\\Liviu.Ponova\\.nuget\\packages\\system.numerics.vectors\\4.5.0\\lib/net46/System.Numerics.Vectors.dll",
        "C:\\Users\\Liviu.Ponova\\.nuget\\packages\\system.resources.extensions\\5.0.0\\lib/net461/System.Resources.Extensions.dll",
        "C:\\Users\\Liviu.Ponova\\.nuget\\packages\\system.runtime.compilerservices.unsafe\\5.0.0\\lib/net45/System.Runtime.CompilerServices.Unsafe.dll",
        "C:\\Users\\Liviu.Ponova\\.nuget\\packages\\system.valuetuple\\4.5.0\\lib/net461/System.ValueTuple.dll",
        "C:\\Users\\Liviu.Ponova\\.nuget\\packages\\uipath.cefsharpbundle\\1.3.0\\lib/net452/CefSharp.BrowserSubprocess.Core.dll",
        "C:\\Users\\Liviu.Ponova\\.nuget\\packages\\uipath.cefsharpbundle\\1.3.0\\lib/net452/CefSharp.Core.dll",
        "C:\\Users\\Liviu.Ponova\\.nuget\\packages\\uipath.cefsharpbundle\\1.3.0\\lib/net452/CefSharp.Wpf.dll",
        "C:\\Users\\Liviu.Ponova\\.nuget\\packages\\uipath.cefsharpbundle\\1.3.0\\lib/net452/CefSharp.dll",
        "C:\\Users\\Liviu.Ponova\\.nuget\\packages\\uipath.cefsharpbundle\\1.3.0\\lib/net452/UiPath.CEFSharpBundle.dll",
        "C:\\Users\\Liviu.Ponova\\.nuget\\packages\\uipath.cefsharpbundle\\1.3.0\\lib/net452/chrome_elf.dll",
        "C:\\Users\\Liviu.Ponova\\.nuget\\packages\\uipath.cefsharpbundle\\1.3.0\\lib/net452/d3dcompiler_47.dll",
        "C:\\Users\\Liviu.Ponova\\.nuget\\packages\\uipath.cefsharpbundle\\1.3.0\\lib/net452/libEGL.dll",
        "C:\\Users\\Liviu.Ponova\\.nuget\\packages\\uipath.cefsharpbundle\\1.3.0\\lib/net452/libGLESv2.dll",
        "C:\\Users\\Liviu.Ponova\\.nuget\\packages\\uipath.cefsharpbundle\\1.3.0\\lib/net452/libcef.dll",
        "C:\\Users\\Liviu.Ponova\\.nuget\\packages\\uipath.cefsharpbundle\\1.3.0\\lib/net452/msvcp140.dll",
        "C:\\Users\\Liviu.Ponova\\.nuget\\packages\\uipath.cefsharpbundle\\1.3.0\\lib/net452/swiftshader/libEGL.dll",
        "C:\\Users\\Liviu.Ponova\\.nuget\\packages\\uipath.cefsharpbundle\\1.3.0\\lib/net452/swiftshader/libGLESv2.dll",
        "C:\\Users\\Liviu.Ponova\\.nuget\\packages\\uipath.cefsharpbundle\\1.3.0\\lib/net452/vcruntime140.dll",
        "C:\\Users\\Liviu.Ponova\\.nuget\\packages\\uipath.formactivitylibrary\\1.1.10\\lib/net461/UiPath.Form.ActivityLibrary.dll",
        "C:\\Users\\Liviu.Ponova\\.nuget\\packages\\uipath.formactivitylibrary\\1.1.10\\lib/net461/UiPath.Form.Host.Local.dll",
        "C:\\Users\\Liviu.Ponova\\.nuget\\packages\\uipath.formactivitylibrary\\1.1.10\\lib/net461/UiPath.Form.dll",
        "C:\\Users\\Liviu.Ponova\\.nuget\\packages\\uipath.formactivitylibrary\\1.1.10\\lib/net461/UiPath.OutOfProcessUi.Common.dll",
        "C:\\Users\\Liviu.Ponova\\.nuget\\packages\\uipath.formactivitylibrary.contracts\\2.0.4-alpha.3202189\\lib/net461/UiPath.Form.ActivityLibrary.Contracts.dll"
      ],
      "Path": "C:\\Users\\Liviu.Ponova\\.nuget\\packages\\uipath.formactivitylibrary\\1.1.10"
    },
    {
      "Package": {
        "Id": "UiPath.Excel.Activities",
        "Version": "2.20.3"
      },
      "Assemblies": [
        "C:\\Users\\Liviu.Ponova\\.nuget\\packages\\closedxml\\0.95.4\\lib/net46/ClosedXML.dll",
        "C:\\Users\\Liviu.Ponova\\.nuget\\packages\\csvhelper\\16.0.0\\lib/net45/CsvHelper.dll",
        "C:\\Users\\Liviu.Ponova\\.nuget\\packages\\documentformat.openxml\\2.7.2\\lib/net46/DocumentFormat.OpenXml.dll",
        "C:\\Users\\Liviu.Ponova\\.nuget\\packages\\excelnumberformat\\1.0.10\\lib/net20/ExcelNumberFormat.dll",
        "C:\\Users\\Liviu.Ponova\\.nuget\\packages\\microsoft.visualstudio.ole.interop\\16.7.30328.74\\lib/net45/Microsoft.VisualStudio.OLE.Interop.dll",
        "C:\\Users\\Liviu.Ponova\\.nuget\\packages\\newtonsoft.json\\13.0.1\\lib/net45/Newtonsoft.Json.dll",
        "C:\\Users\\Liviu.Ponova\\.nuget\\packages\\npoi\\2.5.5\\lib/net45/NPOI.dll",
        "C:\\Users\\Liviu.Ponova\\.nuget\\packages\\npoi\\2.5.5\\lib/net45/NPOI.OOXML.dll",
        "C:\\Users\\Liviu.Ponova\\.nuget\\packages\\npoi\\2.5.5\\lib/net45/NPOI.OpenXml4Net.dll",
        "C:\\Users\\Liviu.Ponova\\.nuget\\packages\\npoi\\2.5.5\\lib/net45/NPOI.OpenXmlFormats.dll",
        "C:\\Users\\Liviu.Ponova\\.nuget\\packages\\portable.bouncycastle\\1.8.9\\lib/net40/BouncyCastle.Crypto.dll",
        "C:\\Users\\Liviu.Ponova\\.nuget\\packages\\sharpziplib\\1.3.3\\lib/net45/ICSharpCode.SharpZipLib.dll",
        "C:\\Users\\Liviu.Ponova\\.nuget\\packages\\system.io.abstractions\\3.0.10\\lib/net40/System.IO.Abstractions.dll",
        "C:\\Users\\Liviu.Ponova\\.nuget\\packages\\system.io.filesystem.primitives\\4.0.1\\lib/net46/System.IO.FileSystem.Primitives.dll",
        "C:\\Users\\Liviu.Ponova\\.nuget\\packages\\system.io.packaging\\4.0.0\\lib/net46/System.IO.Packaging.dll",
        "C:\\Users\\Liviu.Ponova\\.nuget\\packages\\system.runtime.compilerservices.unsafe\\5.0.0\\lib/net45/System.Runtime.CompilerServices.Unsafe.dll",
        "C:\\Users\\Liviu.Ponova\\.nuget\\packages\\system.text.encoding.codepages\\4.5.1\\runtimes/win/lib/net461/System.Text.Encoding.CodePages.dll",
        "C:\\Users\\Liviu.Ponova\\.nuget\\packages\\system.threading.tasks.dataflow\\5.0.0\\lib/net461/System.Threading.Tasks.Dataflow.dll",
        "C:\\Users\\Liviu.Ponova\\.nuget\\packages\\system.valuetuple\\4.5.0\\lib/net461/System.ValueTuple.dll",
        "C:\\Users\\Liviu.Ponova\\.nuget\\packages\\uipath.excel.activities\\2.20.3\\lib/net461/Microsoft.Office.Interop.Excel.dll",
        "C:\\Users\\Liviu.Ponova\\.nuget\\packages\\uipath.excel.activities\\2.20.3\\lib/net461/Microsoft.Vbe.Interop.dll",
        "C:\\Users\\Liviu.Ponova\\.nuget\\packages\\uipath.excel.activities\\2.20.3\\lib/net461/Office.dll",
        "C:\\Users\\Liviu.Ponova\\.nuget\\packages\\uipath.excel.activities\\2.20.3\\lib/net461/UiPath.Excel.Activities.Design.dll",
        "C:\\Users\\Liviu.Ponova\\.nuget\\packages\\uipath.excel.activities\\2.20.3\\lib/net461/UiPath.Excel.Activities.dll",
        "C:\\Users\\Liviu.Ponova\\.nuget\\packages\\uipath.excel.activities\\2.20.3\\lib/net461/UiPath.Excel.Activities.Package.dll",
        "C:\\Users\\Liviu.Ponova\\.nuget\\packages\\uipath.excel.activities\\2.20.3\\lib/net461/UiPath.Excel.dll",
        "C:\\Users\\Liviu.Ponova\\.nuget\\packages\\uipath.platform\\23.4.1\\lib/net461/UiPath.Platform.dll",
        "C:\\Users\\Liviu.Ponova\\.nuget\\packages\\uipath.telemetry.client\\1.5.3\\lib/net461/TelemetryClient.dll"
      ],
      "Path": "C:\\Users\\Liviu.Ponova\\.nuget\\packages\\uipath.excel.activities\\2.20.3"
    },
    {
      "Package": {
        "Id": "UiPath.System.Activities",
        "Version": "23.4.4"
      },
      "Assemblies": [
        "C:\\Users\\Liviu.Ponova\\.nuget\\packages\\csvhelper\\16.0.0\\lib/net45/CsvHelper.dll",
        "C:\\Users\\Liviu.Ponova\\.nuget\\packages\\microsoft.aspnet.signalr.client\\2.4.0\\lib/net45/Microsoft.AspNet.SignalR.Client.dll",
        "C:\\Users\\Liviu.Ponova\\.nuget\\packages\\microsoft.aspnetcore.connections.abstractions\\3.1.6\\lib/netstandard2.0/Microsoft.AspNetCore.Connections.Abstractions.dll",
        "C:\\Users\\Liviu.Ponova\\.nuget\\packages\\microsoft.aspnetcore.http.connections.client\\3.1.6\\lib/netstandard2.0/Microsoft.AspNetCore.Http.Connections.Client.dll",
        "C:\\Users\\Liviu.Ponova\\.nuget\\packages\\microsoft.aspnetcore.http.connections.common\\3.1.6\\lib/netstandard2.0/Microsoft.AspNetCore.Http.Connections.Common.dll",
        "C:\\Users\\Liviu.Ponova\\.nuget\\packages\\microsoft.aspnetcore.http.features\\3.1.6\\lib/netstandard2.0/Microsoft.AspNetCore.Http.Features.dll",
        "C:\\Users\\Liviu.Ponova\\.nuget\\packages\\microsoft.aspnetcore.signalr.client\\3.1.6\\lib/netstandard2.0/Microsoft.AspNetCore.SignalR.Client.dll",
        "C:\\Users\\Liviu.Ponova\\.nuget\\packages\\microsoft.aspnetcore.signalr.client.core\\3.1.6\\lib/netstandard2.0/Microsoft.AspNetCore.SignalR.Client.Core.dll",
        "C:\\Users\\Liviu.Ponova\\.nuget\\packages\\microsoft.aspnetcore.signalr.common\\3.1.6\\lib/netstandard2.0/Microsoft.AspNetCore.SignalR.Common.dll",
        "C:\\Users\\Liviu.Ponova\\.nuget\\packages\\microsoft.aspnetcore.signalr.protocols.json\\3.1.6\\lib/netstandard2.0/Microsoft.AspNetCore.SignalR.Protocols.Json.dll",
        "C:\\Users\\Liviu.Ponova\\.nuget\\packages\\microsoft.bcl.asyncinterfaces\\1.1.1\\lib/net461/Microsoft.Bcl.AsyncInterfaces.dll",
        "C:\\Users\\Liviu.Ponova\\.nuget\\packages\\microsoft.codeanalysis.common\\4.0.1\\lib/netstandard2.0/Microsoft.CodeAnalysis.dll",
        "C:\\Users\\Liviu.Ponova\\.nuget\\packages\\microsoft.codeanalysis.csharp\\4.0.1\\lib/netstandard2.0/Microsoft.CodeAnalysis.CSharp.dll",
        "C:\\Users\\Liviu.Ponova\\.nuget\\packages\\microsoft.codeanalysis.visualbasic\\4.0.1\\lib/netstandard2.0/Microsoft.CodeAnalysis.VisualBasic.dll",
        "C:\\Users\\Liviu.Ponova\\.nuget\\packages\\microsoft.extensions.configuration\\3.1.6\\lib/netstandard2.0/Microsoft.Extensions.Configuration.dll",
        "C:\\Users\\Liviu.Ponova\\.nuget\\packages\\microsoft.extensions.configuration.abstractions\\3.1.6\\lib/netstandard2.0/Microsoft.Extensions.Configuration.Abstractions.dll",
        "C:\\Users\\Liviu.Ponova\\.nuget\\packages\\microsoft.extensions.configuration.binder\\3.1.6\\lib/netstandard2.0/Microsoft.Extensions.Configuration.Binder.dll",
        "C:\\Users\\Liviu.Ponova\\.nuget\\packages\\microsoft.extensions.dependencyinjection\\3.1.6\\lib/net461/Microsoft.Extensions.DependencyInjection.dll",
        "C:\\Users\\Liviu.Ponova\\.nuget\\packages\\microsoft.extensions.dependencyinjection.abstractions\\3.1.6\\lib/netstandard2.0/Microsoft.Extensions.DependencyInjection.Abstractions.dll",
        "C:\\Users\\Liviu.Ponova\\.nuget\\packages\\microsoft.extensions.logging\\3.1.6\\lib/netstandard2.0/Microsoft.Extensions.Logging.dll",
        "C:\\Users\\Liviu.Ponova\\.nuget\\packages\\microsoft.extensions.logging.abstractions\\3.1.6\\lib/netstandard2.0/Microsoft.Extensions.Logging.Abstractions.dll",
        "C:\\Users\\Liviu.Ponova\\.nuget\\packages\\microsoft.extensions.options\\3.1.6\\lib/netstandard2.0/Microsoft.Extensions.Options.dll",
        "C:\\Users\\Liviu.Ponova\\.nuget\\packages\\microsoft.extensions.primitives\\3.1.6\\lib/netstandard2.0/Microsoft.Extensions.Primitives.dll",
        "C:\\Users\\Liviu.Ponova\\.nuget\\packages\\microsoft.rest.clientruntime\\2.3.23\\lib/net461/Microsoft.Rest.ClientRuntime.dll",
        "C:\\Users\\Liviu.Ponova\\.nuget\\packages\\newtonsoft.json\\13.0.1\\lib/net45/Newtonsoft.Json.dll",
        "C:\\Users\\Liviu.Ponova\\.nuget\\packages\\sharpziplib\\1.3.3\\lib/net45/ICSharpCode.SharpZipLib.dll",
        "C:\\Users\\Liviu.Ponova\\.nuget\\packages\\system.buffers\\4.5.1\\lib/net461/System.Buffers.dll",
        "C:\\Users\\Liviu.Ponova\\.nuget\\packages\\system.collections.immutable\\5.0.0\\lib/net461/System.Collections.Immutable.dll",
        "C:\\Users\\Liviu.Ponova\\.nuget\\packages\\system.componentmodel.annotations\\4.7.0\\lib/net461/System.ComponentModel.Annotations.dll",
        "C:\\Users\\Liviu.Ponova\\.nuget\\packages\\system.io.abstractions\\3.0.10\\lib/net40/System.IO.Abstractions.dll",
        "C:\\Users\\Liviu.Ponova\\.nuget\\packages\\system.io.pipelines\\4.7.1\\lib/netstandard2.0/System.IO.Pipelines.dll",
        "C:\\Users\\Liviu.Ponova\\.nuget\\packages\\system.management.automation\\6.1.7601.17515\\lib/net45/System.Management.Automation.dll",
        "C:\\Users\\Liviu.Ponova\\.nuget\\packages\\system.memory\\4.5.4\\lib/net461/System.Memory.dll",
        "C:\\Users\\Liviu.Ponova\\.nuget\\packages\\system.numerics.vectors\\4.5.0\\lib/net46/System.Numerics.Vectors.dll",
        "C:\\Users\\Liviu.Ponova\\.nuget\\packages\\system.reflection.metadata\\5.0.0\\lib/net461/System.Reflection.Metadata.dll",
        "C:\\Users\\Liviu.Ponova\\.nuget\\packages\\system.runtime.compilerservices.unsafe\\5.0.0\\lib/net45/System.Runtime.CompilerServices.Unsafe.dll",
        "C:\\Users\\Liviu.Ponova\\.nuget\\packages\\system.text.encoding.codepages\\4.5.1\\runtimes/win/lib/net461/System.Text.Encoding.CodePages.dll",
        "C:\\Users\\Liviu.Ponova\\.nuget\\packages\\system.text.encodings.web\\4.7.1\\lib/net461/System.Text.Encodings.Web.dll",
        "C:\\Users\\Liviu.Ponova\\.nuget\\packages\\system.text.json\\4.7.2\\lib/net461/System.Text.Json.dll",
        "C:\\Users\\Liviu.Ponova\\.nuget\\packages\\system.threading.channels\\4.7.1\\lib/net461/System.Threading.Channels.dll",
        "C:\\Users\\Liviu.Ponova\\.nuget\\packages\\system.threading.tasks.dataflow\\5.0.0\\lib/net461/System.Threading.Tasks.Dataflow.dll",
        "C:\\Users\\Liviu.Ponova\\.nuget\\packages\\system.threading.tasks.extensions\\4.5.4\\lib/net461/System.Threading.Tasks.Extensions.dll",
        "C:\\Users\\Liviu.Ponova\\.nuget\\packages\\system.valuetuple\\4.5.0\\lib/net461/System.ValueTuple.dll",
        "C:\\Users\\Liviu.Ponova\\.nuget\\packages\\uipath.platform\\23.4.1\\lib/net461/UiPath.Platform.dll",
        "C:\\Users\\Liviu.Ponova\\.nuget\\packages\\uipath.system.activities\\23.4.4\\lib/net461/UiPath.System.Activities.Design.dll",
        "C:\\Users\\Liviu.Ponova\\.nuget\\packages\\uipath.system.runtime.legacy\\23.4.4\\lib/net461/UiPath.OrchestratorClient.dll",
        "C:\\Users\\Liviu.Ponova\\.nuget\\packages\\uipath.system.runtime.legacy\\23.4.4\\lib/net461/UiPath.System.Activities.dll",
        "C:\\Users\\Liviu.Ponova\\.nuget\\packages\\uipath.telemetry.client\\1.5.3\\lib/net461/TelemetryClient.dll"
      ],
      "Path": "C:\\Users\\Liviu.Ponova\\.nuget\\packages\\uipath.system.activities\\23.4.4"
    },
    {
      "Package": {
        "Id": "UiPath.Persistence.Activities",
        "Version": "1.4.6"
      },
      "Assemblies": [
        "C:\\Users\\Liviu.Ponova\\.nuget\\packages\\microsoft.rest.clientruntime\\2.3.23\\lib/net461/Microsoft.Rest.ClientRuntime.dll",
        "C:\\Users\\Liviu.Ponova\\.nuget\\packages\\newtonsoft.json\\13.0.1\\lib/net45/Newtonsoft.Json.dll",
        "C:\\Users\\Liviu.Ponova\\.nuget\\packages\\system.buffers\\4.5.1\\lib/net461/System.Buffers.dll",
        "C:\\Users\\Liviu.Ponova\\.nuget\\packages\\system.memory\\4.5.4\\lib/net461/System.Memory.dll",
        "C:\\Users\\Liviu.Ponova\\.nuget\\packages\\system.numerics.vectors\\4.5.0\\lib/net46/System.Numerics.Vectors.dll",
        "C:\\Users\\Liviu.Ponova\\.nuget\\packages\\system.resources.extensions\\5.0.0\\lib/net461/System.Resources.Extensions.dll",
        "C:\\Users\\Liviu.Ponova\\.nuget\\packages\\system.runtime.compilerservices.unsafe\\5.0.0\\lib/net45/System.Runtime.CompilerServices.Unsafe.dll",
        "C:\\Users\\Liviu.Ponova\\.nuget\\packages\\system.threading.tasks.dataflow\\5.0.0\\lib/net461/System.Threading.Tasks.Dataflow.dll",
        "C:\\Users\\Liviu.Ponova\\.nuget\\packages\\system.valuetuple\\4.5.0\\lib/net461/System.ValueTuple.dll",
        "C:\\Users\\Liviu.Ponova\\.nuget\\packages\\uipath.formactivitylibrary.contracts\\2.0.4-alpha.3202189\\lib/net461/UiPath.Form.ActivityLibrary.Contracts.dll",
        "C:\\Users\\Liviu.Ponova\\.nuget\\packages\\uipath.persistence.activities\\1.4.6\\lib/net461/UiPath.Orchestrator.Service.dll",
        "C:\\Users\\Liviu.Ponova\\.nuget\\packages\\uipath.persistence.activities\\1.4.6\\lib/net461/UiPath.Persistence.Activities.Design.dll",
        "C:\\Users\\Liviu.Ponova\\.nuget\\packages\\uipath.persistence.activities\\1.4.6\\lib/net461/UiPath.Persistence.Activities.dll",
        "C:\\Users\\Liviu.Ponova\\.nuget\\packages\\uipath.persistence.activities\\1.4.6\\lib/net461/UiPath.Persistence.Orchestrator.Client.dll",
        "C:\\Users\\Liviu.Ponova\\.nuget\\packages\\uipath.telemetry.client\\1.5.3\\lib/net461/TelemetryClient.dll"
      ],
      "Path": "C:\\Users\\Liviu.Ponova\\.nuget\\packages\\uipath.persistence.activities\\1.4.6"
    }
  ],
  "Conflicts": [],
  "ResolvedDependencies": {
    "ClosedXML": {
      "Id": "ClosedXML",
      "Version": "0.95.4",
      "Dependencies": [
        {
          "Item1": "DocumentFormat.OpenXml",
          "Item2": "[2.7.2, )"
        },
        {
          "Item1": "ExcelNumberFormat",
          "Item2": "[1.0.10, )"
        },
        {
          "Item1": "Microsoft.CSharp",
          "Item2": "[4.7.0, )"
        }
      ]
    },
    "CsvHelper": {
      "Id": "CsvHelper",
      "Version": "16.0.0",
      "Dependencies": [
        {
          "Item1": "Microsoft.CSharp",
          "Item2": "[4.5.0, )"
        },
        {
          "Item1": "System.ValueTuple",
          "Item2": "[4.4.0, )"
        }
      ]
    },
    "DocumentFormat.OpenXml": {
      "Id": "DocumentFormat.OpenXml",
      "Version": "2.7.2",
      "Dependencies": [
        {
          "Item1": "System.IO.Packaging",
          "Item2": "[4.0.0, )"
        }
      ]
    },
    "ExcelNumberFormat": {
      "Id": "ExcelNumberFormat",
      "Version": "1.0.10",
      "Dependencies": []
    },
    "Microsoft.AspNet.SignalR.Client": {
      "Id": "Microsoft.AspNet.SignalR.Client",
      "Version": "2.4.0",
      "Dependencies": [
        {
          "Item1": "Newtonsoft.Json",
          "Item2": "[6.0.4, )"
        }
      ]
    },
    "Microsoft.AspNetCore.Connections.Abstractions": {
      "Id": "Microsoft.AspNetCore.Connections.Abstractions",
      "Version": "3.1.6",
      "Dependencies": [
        {
          "Item1": "Microsoft.AspNetCore.Http.Features",
          "Item2": "[3.1.6, )"
        },
        {
          "Item1": "Microsoft.Bcl.AsyncInterfaces",
          "Item2": "[1.1.1, )"
        },
        {
          "Item1": "System.IO.Pipelines",
          "Item2": "[4.7.1, )"
        }
      ]
    },
    "Microsoft.AspNetCore.Http.Connections.Client": {
      "Id": "Microsoft.AspNetCore.Http.Connections.Client",
      "Version": "3.1.6",
      "Dependencies": [
        {
          "Item1": "Microsoft.AspNetCore.Http.Connections.Common",
          "Item2": "[3.1.6, )"
        },
        {
          "Item1": "Microsoft.Extensions.Logging.Abstractions",
          "Item2": "[3.1.6, )"
        },
        {
          "Item1": "Microsoft.Extensions.Options",
          "Item2": "[3.1.6, )"
        }
      ]
    },
    "Microsoft.AspNetCore.Http.Connections.Common": {
      "Id": "Microsoft.AspNetCore.Http.Connections.Common",
      "Version": "3.1.6",
      "Dependencies": [
        {
          "Item1": "Microsoft.AspNetCore.Connections.Abstractions",
          "Item2": "[3.1.6, )"
        },
        {
          "Item1": "System.Text.Json",
          "Item2": "[4.7.2, )"
        }
      ]
    },
    "Microsoft.AspNetCore.Http.Features": {
      "Id": "Microsoft.AspNetCore.Http.Features",
      "Version": "3.1.6",
      "Dependencies": [
        {
          "Item1": "Microsoft.Extensions.Primitives",
          "Item2": "[3.1.6, )"
        },
        {
          "Item1": "System.IO.Pipelines",
          "Item2": "[4.7.1, )"
        }
      ]
    },
    "Microsoft.AspNetCore.SignalR.Client": {
      "Id": "Microsoft.AspNetCore.SignalR.Client",
      "Version": "3.1.6",
      "Dependencies": [
        {
          "Item1": "Microsoft.AspNetCore.SignalR.Client.Core",
          "Item2": "[3.1.6, )"
        },
        {
          "Item1": "Microsoft.AspNetCore.Http.Connections.Client",
          "Item2": "[3.1.6, )"
        }
      ]
    },
    "Microsoft.AspNetCore.SignalR.Client.Core": {
      "Id": "Microsoft.AspNetCore.SignalR.Client.Core",
      "Version": "3.1.6",
      "Dependencies": [
        {
          "Item1": "Microsoft.AspNetCore.SignalR.Protocols.Json",
          "Item2": "[3.1.6, )"
        },
        {
          "Item1": "Microsoft.AspNetCore.SignalR.Common",
          "Item2": "[3.1.6, )"
        },
        {
          "Item1": "Microsoft.Bcl.AsyncInterfaces",
          "Item2": "[1.1.1, )"
        },
        {
          "Item1": "Microsoft.Extensions.DependencyInjection",
          "Item2": "[3.1.6, )"
        },
        {
          "Item1": "Microsoft.Extensions.Logging",
          "Item2": "[3.1.6, )"
        },
        {
          "Item1": "System.Threading.Channels",
          "Item2": "[4.7.1, )"
        }
      ]
    },
    "Microsoft.AspNetCore.SignalR.Common": {
      "Id": "Microsoft.AspNetCore.SignalR.Common",
      "Version": "3.1.6",
      "Dependencies": [
        {
          "Item1": "Microsoft.AspNetCore.Connections.Abstractions",
          "Item2": "[3.1.6, )"
        },
        {
          "Item1": "Microsoft.Extensions.Options",
          "Item2": "[3.1.6, )"
        },
        {
          "Item1": "System.Text.Json",
          "Item2": "[4.7.2, )"
        }
      ]
    },
    "Microsoft.AspNetCore.SignalR.Protocols.Json": {
      "Id": "Microsoft.AspNetCore.SignalR.Protocols.Json",
      "Version": "3.1.6",
      "Dependencies": [
        {
          "Item1": "Microsoft.AspNetCore.SignalR.Common",
          "Item2": "[3.1.6, )"
        }
      ]
    },
    "Microsoft.Bcl.AsyncInterfaces": {
      "Id": "Microsoft.Bcl.AsyncInterfaces",
      "Version": "1.1.1",
      "Dependencies": [
        {
          "Item1": "System.Threading.Tasks.Extensions",
          "Item2": "[4.5.4, )"
        }
      ]
    },
    "Microsoft.CodeAnalysis.Analyzers": {
      "Id": "Microsoft.CodeAnalysis.Analyzers",
      "Version": "3.3.2",
      "Dependencies": []
    },
    "Microsoft.CodeAnalysis.Common": {
      "Id": "Microsoft.CodeAnalysis.Common",
      "Version": "4.0.1",
      "Dependencies": [
        {
          "Item1": "Microsoft.CodeAnalysis.Analyzers",
          "Item2": "[3.3.2, )"
        },
        {
          "Item1": "System.Collections.Immutable",
          "Item2": "[5.0.0, )"
        },
        {
          "Item1": "System.Memory",
          "Item2": "[4.5.4, )"
        },
        {
          "Item1": "System.Reflection.Metadata",
          "Item2": "[5.0.0, )"
        },
        {
          "Item1": "System.Runtime.CompilerServices.Unsafe",
          "Item2": "[5.0.0, )"
        },
        {
          "Item1": "System.Text.Encoding.CodePages",
          "Item2": "[4.5.1, )"
        },
        {
          "Item1": "System.Threading.Tasks.Extensions",
          "Item2": "[4.5.4, )"
        }
      ]
    },
    "Microsoft.CodeAnalysis.CSharp": {
      "Id": "Microsoft.CodeAnalysis.CSharp",
      "Version": "4.0.1",
      "Dependencies": [
        {
          "Item1": "Microsoft.CodeAnalysis.Common",
          "Item2": "[4.0.1, 4.0.1]"
        }
      ]
    },
    "Microsoft.CodeAnalysis.VisualBasic": {
      "Id": "Microsoft.CodeAnalysis.VisualBasic",
      "Version": "4.0.1",
      "Dependencies": [
        {
          "Item1": "Microsoft.CodeAnalysis.Common",
          "Item2": "[4.0.1, 4.0.1]"
        }
      ]
    },
    "Microsoft.CSharp": {
      "Id": "Microsoft.CSharp",
      "Version": "4.7.0",
      "Dependencies": []
    },
    "Microsoft.Extensions.Configuration": {
      "Id": "Microsoft.Extensions.Configuration",
      "Version": "3.1.6",
      "Dependencies": [
        {
          "Item1": "Microsoft.Extensions.Configuration.Abstractions",
          "Item2": "[3.1.6, )"
        }
      ]
    },
    "Microsoft.Extensions.Configuration.Abstractions": {
      "Id": "Microsoft.Extensions.Configuration.Abstractions",
      "Version": "3.1.6",
      "Dependencies": [
        {
          "Item1": "Microsoft.Extensions.Primitives",
          "Item2": "[3.1.6, )"
        }
      ]
    },
    "Microsoft.Extensions.Configuration.Binder": {
      "Id": "Microsoft.Extensions.Configuration.Binder",
      "Version": "3.1.6",
      "Dependencies": [
        {
          "Item1": "Microsoft.Extensions.Configuration",
          "Item2": "[3.1.6, )"
        }
      ]
    },
    "Microsoft.Extensions.DependencyInjection": {
      "Id": "Microsoft.Extensions.DependencyInjection",
      "Version": "3.1.6",
      "Dependencies": [
        {
          "Item1": "Microsoft.Extensions.DependencyInjection.Abstractions",
          "Item2": "[3.1.6, )"
        },
        {
          "Item1": "Microsoft.Bcl.AsyncInterfaces",
          "Item2": "[1.1.1, )"
        }
      ]
    },
    "Microsoft.Extensions.DependencyInjection.Abstractions": {
      "Id": "Microsoft.Extensions.DependencyInjection.Abstractions",
      "Version": "3.1.6",
      "Dependencies": []
    },
    "Microsoft.Extensions.Logging": {
      "Id": "Microsoft.Extensions.Logging",
      "Version": "3.1.6",
      "Dependencies": [
        {
          "Item1": "Microsoft.Extensions.Configuration.Binder",
          "Item2": "[3.1.6, )"
        },
        {
          "Item1": "Microsoft.Extensions.DependencyInjection",
          "Item2": "[3.1.6, )"
        },
        {
          "Item1": "Microsoft.Extensions.Logging.Abstractions",
          "Item2": "[3.1.6, )"
        },
        {
          "Item1": "Microsoft.Extensions.Options",
          "Item2": "[3.1.6, )"
        }
      ]
    },
    "Microsoft.Extensions.Logging.Abstractions": {
      "Id": "Microsoft.Extensions.Logging.Abstractions",
      "Version": "3.1.6",
      "Dependencies": []
    },
    "Microsoft.Extensions.Options": {
      "Id": "Microsoft.Extensions.Options",
      "Version": "3.1.6",
      "Dependencies": [
        {
          "Item1": "Microsoft.Extensions.DependencyInjection.Abstractions",
          "Item2": "[3.1.6, )"
        },
        {
          "Item1": "Microsoft.Extensions.Primitives",
          "Item2": "[3.1.6, )"
        },
        {
          "Item1": "System.ComponentModel.Annotations",
          "Item2": "[4.7.0, )"
        }
      ]
    },
    "Microsoft.Extensions.Primitives": {
      "Id": "Microsoft.Extensions.Primitives",
      "Version": "3.1.6",
      "Dependencies": [
        {
          "Item1": "System.Memory",
          "Item2": "[4.5.2, )"
        },
        {
          "Item1": "System.Runtime.CompilerServices.Unsafe",
          "Item2": "[4.7.1, )"
        }
      ]
    },
    "Microsoft.Rest.ClientRuntime": {
      "Id": "Microsoft.Rest.ClientRuntime",
      "Version": "2.3.23",
      "Dependencies": [
        {
          "Item1": "Newtonsoft.Json",
          "Item2": "[10.0.3, )"
        }
      ]
    },
    "Microsoft.VisualBasic": {
      "Id": "Microsoft.VisualBasic",
      "Version": "10.3.0",
      "Dependencies": []
    },
    "Microsoft.VisualStudio.OLE.Interop": {
      "Id": "Microsoft.VisualStudio.OLE.Interop",
      "Version": "16.7.30328.74",
      "Dependencies": []
    },
    "Newtonsoft.Json": {
      "Id": "Newtonsoft.Json",
      "Version": "13.0.1",
      "Dependencies": []
    },
    "NPOI": {
      "Id": "NPOI",
      "Version": "2.5.5",
      "Dependencies": [
        {
          "Item1": "SharpZipLib",
          "Item2": "[1.3.2, )"
        },
        {
          "Item1": "Portable.BouncyCastle",
          "Item2": "[1.8.9, )"
        }
      ]
    },
    "Portable.BouncyCastle": {
      "Id": "Portable.BouncyCastle",
      "Version": "1.8.9",
      "Dependencies": []
    },
    "SharpZipLib": {
      "Id": "SharpZipLib",
      "Version": "1.3.3",
      "Dependencies": []
    },
    "System.Buffers": {
      "Id": "System.Buffers",
      "Version": "4.5.1",
      "Dependencies": []
    },
    "System.Collections.Immutable": {
      "Id": "System.Collections.Immutable",
      "Version": "5.0.0",
      "Dependencies": [
        {
          "Item1": "System.Memory",
          "Item2": "[4.5.4, )"
        }
      ]
    },
    "System.ComponentModel.Annotations": {
      "Id": "System.ComponentModel.Annotations",
      "Version": "4.7.0",
      "Dependencies": []
    },
    "System.IO.Abstractions": {
      "Id": "System.IO.Abstractions",
      "Version": "3.0.10",
      "Dependencies": []
    },
    "System.IO.FileSystem.Primitives": {
      "Id": "System.IO.FileSystem.Primitives",
      "Version": "4.0.1",
      "Dependencies": []
    },
    "System.IO.Packaging": {
      "Id": "System.IO.Packaging",
      "Version": "4.0.0",
      "Dependencies": [
        {
          "Item1": "System.IO.FileSystem.Primitives",
          "Item2": "[4.0.1, )"
        }
      ]
    },
    "System.IO.Pipelines": {
      "Id": "System.IO.Pipelines",
      "Version": "4.7.1",
      "Dependencies": [
        {
          "Item1": "System.Buffers",
          "Item2": "[4.5.0, )"
        },
        {
          "Item1": "System.Memory",
          "Item2": "[4.5.3, )"
        },
        {
          "Item1": "System.Threading.Tasks.Extensions",
          "Item2": "[4.5.2, )"
        }
      ]
    },
    "System.Management.Automation": {
      "Id": "System.Management.Automation",
      "Version": "6.1.7601.17515",
      "Dependencies": []
    },
    "System.Memory": {
      "Id": "System.Memory",
      "Version": "4.5.4",
      "Dependencies": [
        {
          "Item1": "System.Buffers",
          "Item2": "[4.5.1, )"
        },
        {
          "Item1": "System.Numerics.Vectors",
          "Item2": "[4.5.0, )"
        },
        {
          "Item1": "System.Runtime.CompilerServices.Unsafe",
          "Item2": "[4.5.3, )"
        }
      ]
    },
    "System.Numerics.Vectors": {
      "Id": "System.Numerics.Vectors",
      "Version": "4.5.0",
      "Dependencies": []
    },
    "System.Reflection.Metadata": {
      "Id": "System.Reflection.Metadata",
      "Version": "5.0.0",
      "Dependencies": [
        {
          "Item1": "System.Collections.Immutable",
          "Item2": "[5.0.0, )"
        }
      ]
    },
    "System.Resources.Extensions": {
      "Id": "System.Resources.Extensions",
      "Version": "5.0.0",
      "Dependencies": [
        {
          "Item1": "System.Memory",
          "Item2": "[4.5.4, )"
        }
      ]
    },
    "System.Runtime.CompilerServices.Unsafe": {
      "Id": "System.Runtime.CompilerServices.Unsafe",
      "Version": "5.0.0",
      "Dependencies": []
    },
    "System.Text.Encoding.CodePages": {
      "Id": "System.Text.Encoding.CodePages",
      "Version": "4.5.1",
      "Dependencies": [
        {
          "Item1": "System.Runtime.CompilerServices.Unsafe",
          "Item2": "[4.5.2, )"
        }
      ]
    },
    "System.Text.Encodings.Web": {
      "Id": "System.Text.Encodings.Web",
      "Version": "4.7.1",
      "Dependencies": [
        {
          "Item1": "System.Memory",
          "Item2": "[4.5.4, )"
        }
      ]
    },
    "System.Text.Json": {
      "Id": "System.Text.Json",
      "Version": "4.7.2",
      "Dependencies": [
        {
          "Item1": "Microsoft.Bcl.AsyncInterfaces",
          "Item2": "[1.1.0, )"
        },
        {
          "Item1": "System.Buffers",
          "Item2": "[4.5.1, )"
        },
        {
          "Item1": "System.Memory",
          "Item2": "[4.5.4, )"
        },
        {
          "Item1": "System.Numerics.Vectors",
          "Item2": "[4.5.0, )"
        },
        {
          "Item1": "System.Runtime.CompilerServices.Unsafe",
          "Item2": "[4.7.1, )"
        },
        {
          "Item1": "System.Text.Encodings.Web",
          "Item2": "[4.7.1, )"
        },
        {
          "Item1": "System.Threading.Tasks.Extensions",
          "Item2": "[4.5.4, )"
        },
        {
          "Item1": "System.ValueTuple",
          "Item2": "[4.5.0, )"
        }
      ]
    },
    "System.Threading.Channels": {
      "Id": "System.Threading.Channels",
      "Version": "4.7.1",
      "Dependencies": [
        {
          "Item1": "System.Threading.Tasks.Extensions",
          "Item2": "[4.5.4, )"
        }
      ]
    },
    "System.Threading.Tasks.Dataflow": {
      "Id": "System.Threading.Tasks.Dataflow",
      "Version": "5.0.0",
      "Dependencies": []
    },
    "System.Threading.Tasks.Extensions": {
      "Id": "System.Threading.Tasks.Extensions",
      "Version": "4.5.4",
      "Dependencies": [
        {
          "Item1": "System.Runtime.CompilerServices.Unsafe",
          "Item2": "[4.5.3, )"
        }
      ]
    },
    "System.ValueTuple": {
      "Id": "System.ValueTuple",
      "Version": "4.5.0",
      "Dependencies": []
    },
    "UiPath.CefSharpBundle": {
      "Id": "UiPath.CefSharpBundle",
      "Version": "1.3.0",
      "Dependencies": []
    },
    "UiPath.Excel.Activities": {
      "Id": "UiPath.Excel.Activities",
      "Version": "2.20.3",
      "Dependencies": [
        {
          "Item1": "ClosedXML",
          "Item2": "[0.95.4, )"
        },
        {
          "Item1": "CsvHelper",
          "Item2": "[15.0.5, )"
        },
        {
          "Item1": "DocumentFormat.OpenXml",
          "Item2": "[2.7.2, )"
        },
        {
          "Item1": "Microsoft.VisualStudio.OLE.Interop",
          "Item2": "[16.7.30328.74, )"
        },
        {
          "Item1": "NPOI",
          "Item2": "[2.5.5, )"
        },
        {
          "Item1": "SharpZipLib",
          "Item2": "[1.3.3, )"
        },
        {
          "Item1": "System.Text.Encoding.CodePages",
          "Item2": "[4.5.1, )"
        },
        {
          "Item1": "UiPath.Platform",
          "Item2": "[23.4.1, )"
        },
        {
          "Item1": "UiPath.Telemetry.Client",
          "Item2": "[1.5.3, )"
        }
      ]
    },
    "UiPath.FormActivityLibrary": {
      "Id": "UiPath.FormActivityLibrary",
      "Version": "1.1.10",
      "Dependencies": [
        {
          "Item1": "Newtonsoft.Json",
          "Item2": "[11.0.2, )"
        },
        {
          "Item1": "UiPath.FormActivityLibrary.Contracts",
          "Item2": "[1.1.1, )"
        },
        {
          "Item1": "System.Runtime.CompilerServices.Unsafe",
          "Item2": "[4.5.2, )"
        },
        {
          "Item1": "System.ValueTuple",
          "Item2": "[4.3.0, )"
        },
        {
          "Item1": "UiPath.CefSharpBundle",
          "Item2": "[1.3.0, )"
        }
      ]
    },
    "UiPath.FormActivityLibrary.Contracts": {
      "Id": "UiPath.FormActivityLibrary.Contracts",
      "Version": "2.0.4-alpha.3202189",
      "Dependencies": [
        {
          "Item1": "System.Resources.Extensions",
          "Item2": "[5.0.0, )"
        }
      ]
    },
    "UiPath.Persistence.Activities": {
      "Id": "UiPath.Persistence.Activities",
      "Version": "1.4.6",
      "Dependencies": [
        {
          "Item1": "Microsoft.Rest.ClientRuntime",
          "Item2": "[2.3.23, )"
        },
        {
          "Item1": "Newtonsoft.Json",
          "Item2": "[11.0.2, )"
        },
        {
          "Item1": "UiPath.FormActivityLibrary.Contracts",
          "Item2": "[2.0.4-alpha.3202189, )"
        },
        {
          "Item1": "UiPath.Telemetry.Client",
          "Item2": "[1.5.3, )"
        }
      ]
    },
    "UiPath.Platform": {
      "Id": "UiPath.Platform",
      "Version": "23.4.1",
      "Dependencies": [
        {
          "Item1": "Newtonsoft.Json",
          "Item2": "[13.0.1, )"
        },
        {
          "Item1": "System.IO.Abstractions",
          "Item2": "[3.0.10, )"
        },
        {
          "Item1": "System.ValueTuple",
          "Item2": "[4.5.0, )"
        }
      ]
    },
    "UiPath.System.Activities": {
      "Id": "UiPath.System.Activities",
      "Version": "23.4.4",
      "Dependencies": [
        {
          "Item1": "UiPath.System.Runtime.Legacy",
          "Item2": "[23.4.4, )"
        },
        {
          "Item1": "CsvHelper",
          "Item2": "[16.0.0, )"
        },
        {
          "Item1": "Microsoft.AspNet.SignalR.Client",
          "Item2": "[2.4.0, )"
        },
        {
          "Item1": "Microsoft.AspNetCore.SignalR.Client",
          "Item2": "[3.1.6, )"
        },
        {
          "Item1": "Microsoft.CSharp",
          "Item2": "[4.7.0, )"
        },
        {
          "Item1": "Microsoft.CodeAnalysis.CSharp",
          "Item2": "[4.0.1, )"
        },
        {
          "Item1": "Microsoft.CodeAnalysis.Common",
          "Item2": "[4.0.1, )"
        },
        {
          "Item1": "Microsoft.CodeAnalysis.VisualBasic",
          "Item2": "[4.0.1, )"
        },
        {
          "Item1": "Microsoft.Rest.ClientRuntime",
          "Item2": "[2.3.21, )"
        },
        {
          "Item1": "Microsoft.VisualBasic",
          "Item2": "[10.3.0, )"
        },
        {
          "Item1": "Newtonsoft.Json",
          "Item2": "[13.0.1, )"
        },
        {
          "Item1": "SharpZipLib",
          "Item2": "[1.3.3, )"
        },
        {
          "Item1": "System.Management.Automation",
          "Item2": "[6.1.7601.17515, )"
        },
        {
          "Item1": "UiPath.Platform",
          "Item2": "[23.4.1, )"
        },
        {
          "Item1": "UiPath.Telemetry.Client",
          "Item2": "[1.5.3, )"
        }
      ]
    },
    "UiPath.System.Runtime.Legacy": {
      "Id": "UiPath.System.Runtime.Legacy",
      "Version": "23.4.4",
      "Dependencies": [
        {
          "Item1": "CsvHelper",
          "Item2": "[16.0.0, )"
        },
        {
          "Item1": "Microsoft.AspNet.SignalR.Client",
          "Item2": "[2.4.0, )"
        },
        {
          "Item1": "Microsoft.AspNetCore.SignalR.Client",
          "Item2": "[3.1.6, )"
        },
        {
          "Item1": "Microsoft.CSharp",
          "Item2": "[4.7.0, )"
        },
        {
          "Item1": "Microsoft.CodeAnalysis.CSharp",
          "Item2": "[4.0.1, )"
        },
        {
          "Item1": "Microsoft.CodeAnalysis.Common",
          "Item2": "[4.0.1, )"
        },
        {
          "Item1": "Microsoft.CodeAnalysis.VisualBasic",
          "Item2": "[4.0.1, )"
        },
        {
          "Item1": "Microsoft.Rest.ClientRuntime",
          "Item2": "[2.3.21, )"
        },
        {
          "Item1": "Microsoft.VisualBasic",
          "Item2": "[10.3.0, )"
        },
        {
          "Item1": "SharpZipLib",
          "Item2": "[1.3.3, )"
        },
        {
          "Item1": "UiPath.Platform",
          "Item2": "[23.4.1, )"
        },
        {
          "Item1": "UiPath.Telemetry.Client",
          "Item2": "[1.5.3, )"
        }
      ]
    },
    "UiPath.Telemetry.Client": {
      "Id": "UiPath.Telemetry.Client",
      "Version": "1.5.3",
      "Dependencies": [
        {
          "Item1": "Newtonsoft.Json",
          "Item2": "[11.0.2, )"
        },
        {
          "Item1": "System.Threading.Tasks.Dataflow",
          "Item2": "[5.0.0, )"
        },
        {
          "Item1": "System.ValueTuple",
          "Item2": "[4.5.0, )"
        }
      ]
    }
  },
  "AllPackages": [
    {
      "Package": {
        "Id": "ClosedXML",
        "Version": "0.95.4"
      },
      "Assemblies": [
        "C:\\Users\\Liviu.Ponova\\.nuget\\packages\\closedxml\\0.95.4\\lib\\net46\\ClosedXML.dll"
      ],
      "Path": "C:\\Users\\Liviu.Ponova\\.nuget\\packages\\closedxml\\0.95.4"
    },
    {
      "Package": {
        "Id": "CsvHelper",
        "Version": "16.0.0"
      },
      "Assemblies": [
        "C:\\Users\\Liviu.Ponova\\.nuget\\packages\\csvhelper\\16.0.0\\lib\\net45\\CsvHelper.dll"
      ],
      "Path": "C:\\Users\\Liviu.Ponova\\.nuget\\packages\\csvhelper\\16.0.0"
    },
    {
      "Package": {
        "Id": "DocumentFormat.OpenXml",
        "Version": "2.7.2"
      },
      "Assemblies": [
        "C:\\Users\\Liviu.Ponova\\.nuget\\packages\\documentformat.openxml\\2.7.2\\lib\\net46\\DocumentFormat.OpenXml.dll"
      ],
      "Path": "C:\\Users\\Liviu.Ponova\\.nuget\\packages\\documentformat.openxml\\2.7.2"
    },
    {
      "Package": {
        "Id": "ExcelNumberFormat",
        "Version": "1.0.10"
      },
      "Assemblies": [
        "C:\\Users\\Liviu.Ponova\\.nuget\\packages\\excelnumberformat\\1.0.10\\lib\\net20\\ExcelNumberFormat.dll"
      ],
      "Path": "C:\\Users\\Liviu.Ponova\\.nuget\\packages\\excelnumberformat\\1.0.10"
    },
    {
      "Package": {
        "Id": "Microsoft.AspNet.SignalR.Client",
        "Version": "2.4.0"
      },
      "Assemblies": [
        "C:\\Users\\Liviu.Ponova\\.nuget\\packages\\microsoft.aspnet.signalr.client\\2.4.0\\lib\\net45\\Microsoft.AspNet.SignalR.Client.dll"
      ],
      "Path": "C:\\Users\\Liviu.Ponova\\.nuget\\packages\\microsoft.aspnet.signalr.client\\2.4.0"
    },
    {
      "Package": {
        "Id": "Microsoft.AspNetCore.Connections.Abstractions",
        "Version": "3.1.6"
      },
      "Assemblies": [
        "C:\\Users\\Liviu.Ponova\\.nuget\\packages\\microsoft.aspnetcore.connections.abstractions\\3.1.6\\lib\\netstandard2.0\\Microsoft.AspNetCore.Connections.Abstractions.dll"
      ],
      "Path": "C:\\Users\\Liviu.Ponova\\.nuget\\packages\\microsoft.aspnetcore.connections.abstractions\\3.1.6"
    },
    {
      "Package": {
        "Id": "Microsoft.AspNetCore.Http.Connections.Client",
        "Version": "3.1.6"
      },
      "Assemblies": [
        "C:\\Users\\Liviu.Ponova\\.nuget\\packages\\microsoft.aspnetcore.http.connections.client\\3.1.6\\lib\\netstandard2.0\\Microsoft.AspNetCore.Http.Connections.Client.dll"
      ],
      "Path": "C:\\Users\\Liviu.Ponova\\.nuget\\packages\\microsoft.aspnetcore.http.connections.client\\3.1.6"
    },
    {
      "Package": {
        "Id": "Microsoft.AspNetCore.Http.Connections.Common",
        "Version": "3.1.6"
      },
      "Assemblies": [
        "C:\\Users\\Liviu.Ponova\\.nuget\\packages\\microsoft.aspnetcore.http.connections.common\\3.1.6\\lib\\netstandard2.0\\Microsoft.AspNetCore.Http.Connections.Common.dll"
      ],
      "Path": "C:\\Users\\Liviu.Ponova\\.nuget\\packages\\microsoft.aspnetcore.http.connections.common\\3.1.6"
    },
    {
      "Package": {
        "Id": "Microsoft.AspNetCore.Http.Features",
        "Version": "3.1.6"
      },
      "Assemblies": [
        "C:\\Users\\Liviu.Ponova\\.nuget\\packages\\microsoft.aspnetcore.http.features\\3.1.6\\lib\\netstandard2.0\\Microsoft.AspNetCore.Http.Features.dll"
      ],
      "Path": "C:\\Users\\Liviu.Ponova\\.nuget\\packages\\microsoft.aspnetcore.http.features\\3.1.6"
    },
    {
      "Package": {
        "Id": "Microsoft.AspNetCore.SignalR.Client",
        "Version": "3.1.6"
      },
      "Assemblies": [
        "C:\\Users\\Liviu.Ponova\\.nuget\\packages\\microsoft.aspnetcore.signalr.client\\3.1.6\\lib\\netstandard2.0\\Microsoft.AspNetCore.SignalR.Client.dll"
      ],
      "Path": "C:\\Users\\Liviu.Ponova\\.nuget\\packages\\microsoft.aspnetcore.signalr.client\\3.1.6"
    },
    {
      "Package": {
        "Id": "Microsoft.AspNetCore.SignalR.Client.Core",
        "Version": "3.1.6"
      },
      "Assemblies": [
        "C:\\Users\\Liviu.Ponova\\.nuget\\packages\\microsoft.aspnetcore.signalr.client.core\\3.1.6\\lib\\netstandard2.0\\Microsoft.AspNetCore.SignalR.Client.Core.dll"
      ],
      "Path": "C:\\Users\\Liviu.Ponova\\.nuget\\packages\\microsoft.aspnetcore.signalr.client.core\\3.1.6"
    },
    {
      "Package": {
        "Id": "Microsoft.AspNetCore.SignalR.Common",
        "Version": "3.1.6"
      },
      "Assemblies": [
        "C:\\Users\\Liviu.Ponova\\.nuget\\packages\\microsoft.aspnetcore.signalr.common\\3.1.6\\lib\\netstandard2.0\\Microsoft.AspNetCore.SignalR.Common.dll"
      ],
      "Path": "C:\\Users\\Liviu.Ponova\\.nuget\\packages\\microsoft.aspnetcore.signalr.common\\3.1.6"
    },
    {
      "Package": {
        "Id": "Microsoft.AspNetCore.SignalR.Protocols.Json",
        "Version": "3.1.6"
      },
      "Assemblies": [
        "C:\\Users\\Liviu.Ponova\\.nuget\\packages\\microsoft.aspnetcore.signalr.protocols.json\\3.1.6\\lib\\netstandard2.0\\Microsoft.AspNetCore.SignalR.Protocols.Json.dll"
      ],
      "Path": "C:\\Users\\Liviu.Ponova\\.nuget\\packages\\microsoft.aspnetcore.signalr.protocols.json\\3.1.6"
    },
    {
      "Package": {
        "Id": "Microsoft.Bcl.AsyncInterfaces",
        "Version": "1.1.1"
      },
      "Assemblies": [
        "C:\\Users\\Liviu.Ponova\\.nuget\\packages\\microsoft.bcl.asyncinterfaces\\1.1.1\\lib\\net461\\Microsoft.Bcl.AsyncInterfaces.dll"
      ],
      "Path": "C:\\Users\\Liviu.Ponova\\.nuget\\packages\\microsoft.bcl.asyncinterfaces\\1.1.1"
    },
    {
      "Package": {
        "Id": "Microsoft.CodeAnalysis.Analyzers",
        "Version": "3.3.2"
      },
      "Assemblies": [],
      "Path": "C:\\Users\\Liviu.Ponova\\.nuget\\packages\\microsoft.codeanalysis.analyzers\\3.3.2"
    },
    {
      "Package": {
        "Id": "Microsoft.CodeAnalysis.Common",
        "Version": "4.0.1"
      },
      "Assemblies": [
        "C:\\Users\\Liviu.Ponova\\.nuget\\packages\\microsoft.codeanalysis.common\\4.0.1\\lib\\netstandard2.0\\Microsoft.CodeAnalysis.dll"
      ],
      "Path": "C:\\Users\\Liviu.Ponova\\.nuget\\packages\\microsoft.codeanalysis.common\\4.0.1"
    },
    {
      "Package": {
        "Id": "Microsoft.CodeAnalysis.CSharp",
        "Version": "4.0.1"
      },
      "Assemblies": [
        "C:\\Users\\Liviu.Ponova\\.nuget\\packages\\microsoft.codeanalysis.csharp\\4.0.1\\lib\\netstandard2.0\\Microsoft.CodeAnalysis.CSharp.dll"
      ],
      "Path": "C:\\Users\\Liviu.Ponova\\.nuget\\packages\\microsoft.codeanalysis.csharp\\4.0.1"
    },
    {
      "Package": {
        "Id": "Microsoft.CodeAnalysis.VisualBasic",
        "Version": "4.0.1"
      },
      "Assemblies": [
        "C:\\Users\\Liviu.Ponova\\.nuget\\packages\\microsoft.codeanalysis.visualbasic\\4.0.1\\lib\\netstandard2.0\\Microsoft.CodeAnalysis.VisualBasic.dll"
      ],
      "Path": "C:\\Users\\Liviu.Ponova\\.nuget\\packages\\microsoft.codeanalysis.visualbasic\\4.0.1"
    },
    {
      "Package": {
        "Id": "Microsoft.CSharp",
        "Version": "4.7.0"
      },
      "Assemblies": [
        "C:\\Users\\Liviu.Ponova\\.nuget\\packages\\microsoft.csharp\\4.7.0\\lib\\net45\\_._"
      ],
      "Path": "C:\\Users\\Liviu.Ponova\\.nuget\\packages\\microsoft.csharp\\4.7.0"
    },
    {
      "Package": {
        "Id": "Microsoft.Extensions.Configuration",
        "Version": "3.1.6"
      },
      "Assemblies": [
        "C:\\Users\\Liviu.Ponova\\.nuget\\packages\\microsoft.extensions.configuration\\3.1.6\\lib\\netstandard2.0\\Microsoft.Extensions.Configuration.dll"
      ],
      "Path": "C:\\Users\\Liviu.Ponova\\.nuget\\packages\\microsoft.extensions.configuration\\3.1.6"
    },
    {
      "Package": {
        "Id": "Microsoft.Extensions.Configuration.Abstractions",
        "Version": "3.1.6"
      },
      "Assemblies": [
        "C:\\Users\\Liviu.Ponova\\.nuget\\packages\\microsoft.extensions.configuration.abstractions\\3.1.6\\lib\\netstandard2.0\\Microsoft.Extensions.Configuration.Abstractions.dll"
      ],
      "Path": "C:\\Users\\Liviu.Ponova\\.nuget\\packages\\microsoft.extensions.configuration.abstractions\\3.1.6"
    },
    {
      "Package": {
        "Id": "Microsoft.Extensions.Configuration.Binder",
        "Version": "3.1.6"
      },
      "Assemblies": [
        "C:\\Users\\Liviu.Ponova\\.nuget\\packages\\microsoft.extensions.configuration.binder\\3.1.6\\lib\\netstandard2.0\\Microsoft.Extensions.Configuration.Binder.dll"
      ],
      "Path": "C:\\Users\\Liviu.Ponova\\.nuget\\packages\\microsoft.extensions.configuration.binder\\3.1.6"
    },
    {
      "Package": {
        "Id": "Microsoft.Extensions.DependencyInjection",
        "Version": "3.1.6"
      },
      "Assemblies": [
        "C:\\Users\\Liviu.Ponova\\.nuget\\packages\\microsoft.extensions.dependencyinjection\\3.1.6\\lib\\net461\\Microsoft.Extensions.DependencyInjection.dll"
      ],
      "Path": "C:\\Users\\Liviu.Ponova\\.nuget\\packages\\microsoft.extensions.dependencyinjection\\3.1.6"
    },
    {
      "Package": {
        "Id": "Microsoft.Extensions.DependencyInjection.Abstractions",
        "Version": "3.1.6"
      },
      "Assemblies": [
        "C:\\Users\\Liviu.Ponova\\.nuget\\packages\\microsoft.extensions.dependencyinjection.abstractions\\3.1.6\\lib\\netstandard2.0\\Microsoft.Extensions.DependencyInjection.Abstractions.dll"
      ],
      "Path": "C:\\Users\\Liviu.Ponova\\.nuget\\packages\\microsoft.extensions.dependencyinjection.abstractions\\3.1.6"
    },
    {
      "Package": {
        "Id": "Microsoft.Extensions.Logging",
        "Version": "3.1.6"
      },
      "Assemblies": [
        "C:\\Users\\Liviu.Ponova\\.nuget\\packages\\microsoft.extensions.logging\\3.1.6\\lib\\netstandard2.0\\Microsoft.Extensions.Logging.dll"
      ],
      "Path": "C:\\Users\\Liviu.Ponova\\.nuget\\packages\\microsoft.extensions.logging\\3.1.6"
    },
    {
      "Package": {
        "Id": "Microsoft.Extensions.Logging.Abstractions",
        "Version": "3.1.6"
      },
      "Assemblies": [
        "C:\\Users\\Liviu.Ponova\\.nuget\\packages\\microsoft.extensions.logging.abstractions\\3.1.6\\lib\\netstandard2.0\\Microsoft.Extensions.Logging.Abstractions.dll"
      ],
      "Path": "C:\\Users\\Liviu.Ponova\\.nuget\\packages\\microsoft.extensions.logging.abstractions\\3.1.6"
    },
    {
      "Package": {
        "Id": "Microsoft.Extensions.Options",
        "Version": "3.1.6"
      },
      "Assemblies": [
        "C:\\Users\\Liviu.Ponova\\.nuget\\packages\\microsoft.extensions.options\\3.1.6\\lib\\netstandard2.0\\Microsoft.Extensions.Options.dll"
      ],
      "Path": "C:\\Users\\Liviu.Ponova\\.nuget\\packages\\microsoft.extensions.options\\3.1.6"
    },
    {
      "Package": {
        "Id": "Microsoft.Extensions.Primitives",
        "Version": "3.1.6"
      },
      "Assemblies": [
        "C:\\Users\\Liviu.Ponova\\.nuget\\packages\\microsoft.extensions.primitives\\3.1.6\\lib\\netstandard2.0\\Microsoft.Extensions.Primitives.dll"
      ],
      "Path": "C:\\Users\\Liviu.Ponova\\.nuget\\packages\\microsoft.extensions.primitives\\3.1.6"
    },
    {
      "Package": {
        "Id": "Microsoft.Rest.ClientRuntime",
        "Version": "2.3.23"
      },
      "Assemblies": [
        "C:\\Users\\Liviu.Ponova\\.nuget\\packages\\microsoft.rest.clientruntime\\2.3.23\\lib\\net461\\Microsoft.Rest.ClientRuntime.dll"
      ],
      "Path": "C:\\Users\\Liviu.Ponova\\.nuget\\packages\\microsoft.rest.clientruntime\\2.3.23"
    },
    {
      "Package": {
        "Id": "Microsoft.VisualBasic",
        "Version": "10.3.0"
      },
      "Assemblies": [
        "C:\\Users\\Liviu.Ponova\\.nuget\\packages\\microsoft.visualbasic\\10.3.0\\lib\\net45\\_._"
      ],
      "Path": "C:\\Users\\Liviu.Ponova\\.nuget\\packages\\microsoft.visualbasic\\10.3.0"
    },
    {
      "Package": {
        "Id": "Microsoft.VisualStudio.OLE.Interop",
        "Version": "16.7.30328.74"
      },
      "Assemblies": [
        "C:\\Users\\Liviu.Ponova\\.nuget\\packages\\microsoft.visualstudio.ole.interop\\16.7.30328.74\\lib\\net45\\Microsoft.VisualStudio.OLE.Interop.dll"
      ],
      "Path": "C:\\Users\\Liviu.Ponova\\.nuget\\packages\\microsoft.visualstudio.ole.interop\\16.7.30328.74"
    },
    {
      "Package": {
        "Id": "Newtonsoft.Json",
        "Version": "13.0.1"
      },
      "Assemblies": [
        "C:\\Users\\Liviu.Ponova\\.nuget\\packages\\newtonsoft.json\\13.0.1\\lib\\net45\\Newtonsoft.Json.dll"
      ],
      "Path": "C:\\Users\\Liviu.Ponova\\.nuget\\packages\\newtonsoft.json\\13.0.1"
    },
    {
      "Package": {
        "Id": "NPOI",
        "Version": "2.5.5"
      },
      "Assemblies": [
        "C:\\Users\\Liviu.Ponova\\.nuget\\packages\\npoi\\2.5.5\\lib\\net45\\NPOI.dll",
        "C:\\Users\\Liviu.Ponova\\.nuget\\packages\\npoi\\2.5.5\\lib\\net45\\NPOI.OOXML.dll",
        "C:\\Users\\Liviu.Ponova\\.nuget\\packages\\npoi\\2.5.5\\lib\\net45\\NPOI.OpenXml4Net.dll",
        "C:\\Users\\Liviu.Ponova\\.nuget\\packages\\npoi\\2.5.5\\lib\\net45\\NPOI.OpenXmlFormats.dll"
      ],
      "Path": "C:\\Users\\Liviu.Ponova\\.nuget\\packages\\npoi\\2.5.5"
    },
    {
      "Package": {
        "Id": "Portable.BouncyCastle",
        "Version": "1.8.9"
      },
      "Assemblies": [
        "C:\\Users\\Liviu.Ponova\\.nuget\\packages\\portable.bouncycastle\\1.8.9\\lib\\net40\\BouncyCastle.Crypto.dll"
      ],
      "Path": "C:\\Users\\Liviu.Ponova\\.nuget\\packages\\portable.bouncycastle\\1.8.9"
    },
    {
      "Package": {
        "Id": "SharpZipLib",
        "Version": "1.3.3"
      },
      "Assemblies": [
        "C:\\Users\\Liviu.Ponova\\.nuget\\packages\\sharpziplib\\1.3.3\\lib\\net45\\ICSharpCode.SharpZipLib.dll"
      ],
      "Path": "C:\\Users\\Liviu.Ponova\\.nuget\\packages\\sharpziplib\\1.3.3"
    },
    {
      "Package": {
        "Id": "System.Buffers",
        "Version": "4.5.1"
      },
      "Assemblies": [
        "C:\\Users\\Liviu.Ponova\\.nuget\\packages\\system.buffers\\4.5.1\\lib\\net461\\System.Buffers.dll"
      ],
      "Path": "C:\\Users\\Liviu.Ponova\\.nuget\\packages\\system.buffers\\4.5.1"
    },
    {
      "Package": {
        "Id": "System.Collections.Immutable",
        "Version": "5.0.0"
      },
      "Assemblies": [
        "C:\\Users\\Liviu.Ponova\\.nuget\\packages\\system.collections.immutable\\5.0.0\\lib\\net461\\System.Collections.Immutable.dll"
      ],
      "Path": "C:\\Users\\Liviu.Ponova\\.nuget\\packages\\system.collections.immutable\\5.0.0"
    },
    {
      "Package": {
        "Id": "System.ComponentModel.Annotations",
        "Version": "4.7.0"
      },
      "Assemblies": [
        "C:\\Users\\Liviu.Ponova\\.nuget\\packages\\system.componentmodel.annotations\\4.7.0\\lib\\net461\\System.ComponentModel.Annotations.dll"
      ],
      "Path": "C:\\Users\\Liviu.Ponova\\.nuget\\packages\\system.componentmodel.annotations\\4.7.0"
    },
    {
      "Package": {
        "Id": "System.IO.Abstractions",
        "Version": "3.0.10"
      },
      "Assemblies": [
        "C:\\Users\\Liviu.Ponova\\.nuget\\packages\\system.io.abstractions\\3.0.10\\lib\\net40\\System.IO.Abstractions.dll"
      ],
      "Path": "C:\\Users\\Liviu.Ponova\\.nuget\\packages\\system.io.abstractions\\3.0.10"
    },
    {
      "Package": {
        "Id": "System.IO.FileSystem.Primitives",
        "Version": "4.0.1"
      },
      "Assemblies": [
        "C:\\Users\\Liviu.Ponova\\.nuget\\packages\\system.io.filesystem.primitives\\4.0.1\\lib\\net46\\System.IO.FileSystem.Primitives.dll"
      ],
      "Path": "C:\\Users\\Liviu.Ponova\\.nuget\\packages\\system.io.filesystem.primitives\\4.0.1"
    },
    {
      "Package": {
        "Id": "System.IO.Packaging",
        "Version": "4.0.0"
      },
      "Assemblies": [
        "C:\\Users\\Liviu.Ponova\\.nuget\\packages\\system.io.packaging\\4.0.0\\lib\\net46\\System.IO.Packaging.dll"
      ],
      "Path": "C:\\Users\\Liviu.Ponova\\.nuget\\packages\\system.io.packaging\\4.0.0"
    },
    {
      "Package": {
        "Id": "System.IO.Pipelines",
        "Version": "4.7.1"
      },
      "Assemblies": [
        "C:\\Users\\Liviu.Ponova\\.nuget\\packages\\system.io.pipelines\\4.7.1\\lib\\netstandard2.0\\System.IO.Pipelines.dll"
      ],
      "Path": "C:\\Users\\Liviu.Ponova\\.nuget\\packages\\system.io.pipelines\\4.7.1"
    },
    {
      "Package": {
        "Id": "System.Management.Automation",
        "Version": "6.1.7601.17515"
      },
      "Assemblies": [
        "C:\\Users\\Liviu.Ponova\\.nuget\\packages\\system.management.automation\\6.1.7601.17515\\lib\\net45\\System.Management.Automation.dll"
      ],
      "Path": "C:\\Users\\Liviu.Ponova\\.nuget\\packages\\system.management.automation\\6.1.7601.17515"
    },
    {
      "Package": {
        "Id": "System.Memory",
        "Version": "4.5.4"
      },
      "Assemblies": [
        "C:\\Users\\Liviu.Ponova\\.nuget\\packages\\system.memory\\4.5.4\\lib\\net461\\System.Memory.dll"
      ],
      "Path": "C:\\Users\\Liviu.Ponova\\.nuget\\packages\\system.memory\\4.5.4"
    },
    {
      "Package": {
        "Id": "System.Numerics.Vectors",
        "Version": "4.5.0"
      },
      "Assemblies": [
        "C:\\Users\\Liviu.Ponova\\.nuget\\packages\\system.numerics.vectors\\4.5.0\\lib\\net46\\System.Numerics.Vectors.dll"
      ],
      "Path": "C:\\Users\\Liviu.Ponova\\.nuget\\packages\\system.numerics.vectors\\4.5.0"
    },
    {
      "Package": {
        "Id": "System.Reflection.Metadata",
        "Version": "5.0.0"
      },
      "Assemblies": [
        "C:\\Users\\Liviu.Ponova\\.nuget\\packages\\system.reflection.metadata\\5.0.0\\lib\\net461\\System.Reflection.Metadata.dll"
      ],
      "Path": "C:\\Users\\Liviu.Ponova\\.nuget\\packages\\system.reflection.metadata\\5.0.0"
    },
    {
      "Package": {
        "Id": "System.Resources.Extensions",
        "Version": "5.0.0"
      },
      "Assemblies": [
        "C:\\Users\\Liviu.Ponova\\.nuget\\packages\\system.resources.extensions\\5.0.0\\lib\\net461\\System.Resources.Extensions.dll"
      ],
      "Path": "C:\\Users\\Liviu.Ponova\\.nuget\\packages\\system.resources.extensions\\5.0.0"
    },
    {
      "Package": {
        "Id": "System.Runtime.CompilerServices.Unsafe",
        "Version": "5.0.0"
      },
      "Assemblies": [
        "C:\\Users\\Liviu.Ponova\\.nuget\\packages\\system.runtime.compilerservices.unsafe\\5.0.0\\lib\\net45\\System.Runtime.CompilerServices.Unsafe.dll"
      ],
      "Path": "C:\\Users\\Liviu.Ponova\\.nuget\\packages\\system.runtime.compilerservices.unsafe\\5.0.0"
    },
    {
      "Package": {
        "Id": "System.Text.Encoding.CodePages",
        "Version": "4.5.1"
      },
      "Assemblies": [
        "C:\\Users\\Liviu.Ponova\\.nuget\\packages\\system.text.encoding.codepages\\4.5.1\\runtimes\\win\\lib\\net461\\System.Text.Encoding.CodePages.dll"
      ],
      "Path": "C:\\Users\\Liviu.Ponova\\.nuget\\packages\\system.text.encoding.codepages\\4.5.1"
    },
    {
      "Package": {
        "Id": "System.Text.Encodings.Web",
        "Version": "4.7.1"
      },
      "Assemblies": [
        "C:\\Users\\Liviu.Ponova\\.nuget\\packages\\system.text.encodings.web\\4.7.1\\lib\\net461\\System.Text.Encodings.Web.dll"
      ],
      "Path": "C:\\Users\\Liviu.Ponova\\.nuget\\packages\\system.text.encodings.web\\4.7.1"
    },
    {
      "Package": {
        "Id": "System.Text.Json",
        "Version": "4.7.2"
      },
      "Assemblies": [
        "C:\\Users\\Liviu.Ponova\\.nuget\\packages\\system.text.json\\4.7.2\\lib\\net461\\System.Text.Json.dll"
      ],
      "Path": "C:\\Users\\Liviu.Ponova\\.nuget\\packages\\system.text.json\\4.7.2"
    },
    {
      "Package": {
        "Id": "System.Threading.Channels",
        "Version": "4.7.1"
      },
      "Assemblies": [
        "C:\\Users\\Liviu.Ponova\\.nuget\\packages\\system.threading.channels\\4.7.1\\lib\\net461\\System.Threading.Channels.dll"
      ],
      "Path": "C:\\Users\\Liviu.Ponova\\.nuget\\packages\\system.threading.channels\\4.7.1"
    },
    {
      "Package": {
        "Id": "System.Threading.Tasks.Dataflow",
        "Version": "5.0.0"
      },
      "Assemblies": [
        "C:\\Users\\Liviu.Ponova\\.nuget\\packages\\system.threading.tasks.dataflow\\5.0.0\\lib\\net461\\System.Threading.Tasks.Dataflow.dll"
      ],
      "Path": "C:\\Users\\Liviu.Ponova\\.nuget\\packages\\system.threading.tasks.dataflow\\5.0.0"
    },
    {
      "Package": {
        "Id": "System.Threading.Tasks.Extensions",
        "Version": "4.5.4"
      },
      "Assemblies": [
        "C:\\Users\\Liviu.Ponova\\.nuget\\packages\\system.threading.tasks.extensions\\4.5.4\\lib\\net461\\System.Threading.Tasks.Extensions.dll"
      ],
      "Path": "C:\\Users\\Liviu.Ponova\\.nuget\\packages\\system.threading.tasks.extensions\\4.5.4"
    },
    {
      "Package": {
        "Id": "System.ValueTuple",
        "Version": "4.5.0"
      },
      "Assemblies": [
        "C:\\Users\\Liviu.Ponova\\.nuget\\packages\\system.valuetuple\\4.5.0\\lib\\net461\\System.ValueTuple.dll"
      ],
      "Path": "C:\\Users\\Liviu.Ponova\\.nuget\\packages\\system.valuetuple\\4.5.0"
    },
    {
      "Package": {
        "Id": "UiPath.CefSharpBundle",
        "Version": "1.3.0"
      },
      "Assemblies": [
        "C:\\Users\\Liviu.Ponova\\.nuget\\packages\\uipath.cefsharpbundle\\1.3.0\\lib\\net452\\CefSharp.Core.dll",
        "C:\\Users\\Liviu.Ponova\\.nuget\\packages\\uipath.cefsharpbundle\\1.3.0\\lib\\net452\\CefSharp.Wpf.dll",
        "C:\\Users\\Liviu.Ponova\\.nuget\\packages\\uipath.cefsharpbundle\\1.3.0\\lib\\net452\\CefSharp.dll"
      ],
      "Path": "C:\\Users\\Liviu.Ponova\\.nuget\\packages\\uipath.cefsharpbundle\\1.3.0"
    },
    {
      "Package": {
        "Id": "UiPath.Excel.Activities",
        "Version": "2.20.3"
      },
      "Assemblies": [
        "C:\\Users\\Liviu.Ponova\\.nuget\\packages\\uipath.excel.activities\\2.20.3\\lib\\net461\\Microsoft.Office.Interop.Excel.dll",
        "C:\\Users\\Liviu.Ponova\\.nuget\\packages\\uipath.excel.activities\\2.20.3\\lib\\net461\\Microsoft.Vbe.Interop.dll",
        "C:\\Users\\Liviu.Ponova\\.nuget\\packages\\uipath.excel.activities\\2.20.3\\lib\\net461\\Office.dll",
        "C:\\Users\\Liviu.Ponova\\.nuget\\packages\\uipath.excel.activities\\2.20.3\\lib\\net461\\UiPath.Excel.Activities.Design.dll",
        "C:\\Users\\Liviu.Ponova\\.nuget\\packages\\uipath.excel.activities\\2.20.3\\lib\\net461\\UiPath.Excel.Activities.dll",
        "C:\\Users\\Liviu.Ponova\\.nuget\\packages\\uipath.excel.activities\\2.20.3\\lib\\net461\\UiPath.Excel.Activities.Package.dll",
        "C:\\Users\\Liviu.Ponova\\.nuget\\packages\\uipath.excel.activities\\2.20.3\\lib\\net461\\UiPath.Excel.dll"
      ],
      "Path": "C:\\Users\\Liviu.Ponova\\.nuget\\packages\\uipath.excel.activities\\2.20.3"
    },
    {
      "Package": {
        "Id": "UiPath.FormActivityLibrary",
        "Version": "1.1.10"
      },
      "Assemblies": [
        "C:\\Users\\Liviu.Ponova\\.nuget\\packages\\uipath.formactivitylibrary\\1.1.10\\lib\\net461\\UiPath.Form.ActivityLibrary.dll",
        "C:\\Users\\Liviu.Ponova\\.nuget\\packages\\uipath.formactivitylibrary\\1.1.10\\lib\\net461\\UiPath.Form.Host.Local.dll",
        "C:\\Users\\Liviu.Ponova\\.nuget\\packages\\uipath.formactivitylibrary\\1.1.10\\lib\\net461\\UiPath.Form.dll",
        "C:\\Users\\Liviu.Ponova\\.nuget\\packages\\uipath.formactivitylibrary\\1.1.10\\lib\\net461\\UiPath.OutOfProcessUi.Common.dll",
        "C:\\Users\\Liviu.Ponova\\.nuget\\packages\\uipath.formactivitylibrary\\1.1.10\\lib\\net461\\UiPath.OutOfProcessUi.Host.WCF.exe"
      ],
      "Path": "C:\\Users\\Liviu.Ponova\\.nuget\\packages\\uipath.formactivitylibrary\\1.1.10"
    },
    {
      "Package": {
        "Id": "UiPath.FormActivityLibrary.Contracts",
        "Version": "2.0.4-alpha.3202189"
      },
      "Assemblies": [
        "C:\\Users\\Liviu.Ponova\\.nuget\\packages\\uipath.formactivitylibrary.contracts\\2.0.4-alpha.3202189\\lib\\net461\\UiPath.Form.ActivityLibrary.Contracts.dll"
      ],
      "Path": "C:\\Users\\Liviu.Ponova\\.nuget\\packages\\uipath.formactivitylibrary.contracts\\2.0.4-alpha.3202189"
    },
    {
      "Package": {
        "Id": "UiPath.Persistence.Activities",
        "Version": "1.4.6"
      },
      "Assemblies": [
        "C:\\Users\\Liviu.Ponova\\.nuget\\packages\\uipath.persistence.activities\\1.4.6\\lib\\net461\\UiPath.Orchestrator.Service.dll",
        "C:\\Users\\Liviu.Ponova\\.nuget\\packages\\uipath.persistence.activities\\1.4.6\\lib\\net461\\UiPath.Persistence.Activities.Design.dll",
        "C:\\Users\\Liviu.Ponova\\.nuget\\packages\\uipath.persistence.activities\\1.4.6\\lib\\net461\\UiPath.Persistence.Activities.dll",
        "C:\\Users\\Liviu.Ponova\\.nuget\\packages\\uipath.persistence.activities\\1.4.6\\lib\\net461\\UiPath.Persistence.Orchestrator.Client.dll"
      ],
      "Path": "C:\\Users\\Liviu.Ponova\\.nuget\\packages\\uipath.persistence.activities\\1.4.6"
    },
    {
      "Package": {
        "Id": "UiPath.Platform",
        "Version": "23.4.1"
      },
      "Assemblies": [
        "C:\\Users\\Liviu.Ponova\\.nuget\\packages\\uipath.platform\\23.4.1\\lib\\net461\\UiPath.Platform.dll"
      ],
      "Path": "C:\\Users\\Liviu.Ponova\\.nuget\\packages\\uipath.platform\\23.4.1"
    },
    {
      "Package": {
        "Id": "UiPath.System.Activities",
        "Version": "23.4.4"
      },
      "Assemblies": [
        "C:\\Users\\Liviu.Ponova\\.nuget\\packages\\uipath.system.activities\\23.4.4\\lib\\net461\\UiPath.System.Activities.Design.dll"
      ],
      "Path": "C:\\Users\\Liviu.Ponova\\.nuget\\packages\\uipath.system.activities\\23.4.4"
    },
    {
      "Package": {
        "Id": "UiPath.System.Runtime.Legacy",
        "Version": "23.4.4"
      },
      "Assemblies": [
        "C:\\Users\\Liviu.Ponova\\.nuget\\packages\\uipath.system.runtime.legacy\\23.4.4\\lib\\net461\\UiPath.OrchestratorClient.dll",
        "C:\\Users\\Liviu.Ponova\\.nuget\\packages\\uipath.system.runtime.legacy\\23.4.4\\lib\\net461\\UiPath.System.Activities.dll"
      ],
      "Path": "C:\\Users\\Liviu.Ponova\\.nuget\\packages\\uipath.system.runtime.legacy\\23.4.4"
    },
    {
      "Package": {
        "Id": "UiPath.Telemetry.Client",
        "Version": "1.5.3"
      },
      "Assemblies": [
        "C:\\Users\\Liviu.Ponova\\.nuget\\packages\\uipath.telemetry.client\\1.5.3\\lib\\net461\\TelemetryClient.dll"
      ],
      "Path": "C:\\Users\\Liviu.Ponova\\.nuget\\packages\\uipath.telemetry.client\\1.5.3"
    }
  ]
}