{
  "exportedBy": null,
  "bundleHash": null,
  "version": "1.0.0.0",
  "jitAssemblyCompilerCommands": [
    {
      "providerName": "CustomEntities",
      "bundleOptions": {
        "hash": "/gyncIIH4gfCBbudfuYOcOApKKAHdopC2napGtmiozwlbjt878Oixv8wWQF/r9MrxcDqtEsv+QCsQ7hlQlobsg==",
        "bundleName": "C6c4bc33b7c7f4c018bf3d77768257aaa_salesforceCaseStatus_Customfield14171",
        "entitiesBundle": {
          "Types": {
            "salesforceCaseStatus_Customfield14171": {
              "name": "salesforceCaseStatus_Customfield14171",
              "properties": [
                {
                  "name": "value",
                  "type": {
                    "ClrType": "System.String, System.Private.CoreLib"
                  }
                }
              ],
              "baseType": {}
            }
          },
          "version": 1
        }
      },
      "entityAssemblyKey": {
        "name": "UiPath.Jira.IntegrationService.Activities.SWEntities.C6c4bc33b7c7f4c018bf3d77768257aaa_salesforceCaseStatus_Customfield14171",
        "hash": "L2d5bmNJSUg0Z2ZDQmJ1ZGZ1WU9jT0FwS0tBSGRvcEMybmFwR3RtaW96d2xianQ4NzhPaXh2OHdXUUYvcjlNcnhjRHF0RXN2K1FDc1E3aGxRbG9ic2c9PQ",
        "assemblyName": "C6c4bc33b7c7f4c018bf.wNdoBJErJJ1Hq0GehXiZT3"
      }
    },
    {
      "providerName": "CustomEntities",
      "bundleOptions": {
        "hash": "1xPfBL6HGPcTgKlpvJ4Cyjb/6e77wnBtyUGkKeGl+EGAY66jNkAH8RUPFZGlpVXaXKJoE4VtC02/YDULWanCbQ==",
        "bundleName": "C6c4bc33b7c7f4c018bf3d77768257aaa_releaseVehicle_Customfield14157",
        "entitiesBundle": {
          "Types": {
            "releaseVehicle_Customfield14157": {
              "name": "releaseVehicle_Customfield14157",
              "properties": [
                {
                  "name": "value",
                  "type": {
                    "ClrType": "System.String, System.Private.CoreLib"
                  }
                }
              ],
              "baseType": {}
            }
          },
          "version": 1
        }
      },
      "entityAssemblyKey": {
        "name": "UiPath.Jira.IntegrationService.Activities.SWEntities.C6c4bc33b7c7f4c018bf3d77768257aaa_releaseVehicle_Customfield14157",
        "hash": "MXhQZkJMNkhHUGNUZ0tscHZKNEN5amIvNmU3N3duQnR5VUdrS2VHbCtFR0FZNjZqTmtBSDhSVVBGWkdscFZYYVhLSm9FNFZ0QzAyL1lEVUxXYW5DYlE9PQ",
        "assemblyName": "C6c4bc33b7c7f4c018bf.zKiHkjeaQP1Q5MLRvnfgH4"
      }
    },
    {
      "providerName": "CustomEntities",
      "bundleOptions": {
        "hash": "8nw5QJdyrdHUhb3fF42sFvdb+EO4I68VGnZkXdsoEBiCulJiV7Raw27cZbCbCZHW0/oCEBxm9vCMuDv1/rc1wQ==",
        "bundleName": "C6c4bc33b7c7f4c018bf3d77768257aaa_docStatus_Customfield11442",
        "entitiesBundle": {
          "Types": {
            "docStatus_Customfield11442": {
              "name": "docStatus_Customfield11442",
              "properties": [
                {
                  "name": "value",
                  "type": {
                    "ClrType": "System.String, System.Private.CoreLib"
                  }
                }
              ],
              "baseType": {}
            }
          },
          "version": 1
        }
      },
      "entityAssemblyKey": {
        "name": "UiPath.Jira.IntegrationService.Activities.SWEntities.C6c4bc33b7c7f4c018bf3d77768257aaa_docStatus_Customfield11442",
        "hash": "OG53NVFKZHlyZEhVaGIzZkY0MnNGdmRiK0VPNEk2OFZHblprWGRzb0VCaUN1bEppVjdSYXcyN2NaYkNiQ1pIVzAvb0NFQnhtOXZDTXVEdjEvcmMxd1E9PQ",
        "assemblyName": "C6c4bc33b7c7f4c018bf.tJx9d3rsuyI1cogqb1vbzH1"
      }
    },
    {
      "providerName": "CustomEntities",
      "bundleOptions": {
        "hash": "SU5+oNnB0scniL937MJdR+EBXujV4gTxs6cRpV6gE/gV/imOQLbCyyqoqvZz9GroYiUWXZwjOQmsKzMtm3d6Bw==",
        "bundleName": "C6c4bc33b7c7f4c018bf3d77768257aaa_designer_Customfield12533",
        "entitiesBundle": {
          "Types": {
            "designer_Customfield12533": {
              "name": "designer_Customfield12533",
              "properties": [
                {
                  "name": "emailAddress",
                  "type": {
                    "ClrType": "System.String, System.Private.CoreLib"
                  }
                }
              ],
              "baseType": {}
            }
          },
          "version": 1
        }
      },
      "entityAssemblyKey": {
        "name": "UiPath.Jira.IntegrationService.Activities.SWEntities.C6c4bc33b7c7f4c018bf3d77768257aaa_designer_Customfield12533",
        "hash": "U1U1K29ObkIwc2NuaUw5MzdNSmRSK0VCWHVqVjRnVHhzNmNScFY2Z0UvZ1YvaW1PUUxiQ3l5cW9xdlp6OUdyb1lpVVdYWndqT1Ftc0t6TXRtM2Q2Qnc9PQ",
        "assemblyName": "C6c4bc33b7c7f4c018bf.VDZfJbt2MQ1SN7Ky3G5o5j"
      }
    },
    {
      "providerName": "CustomEntities",
      "bundleOptions": {
        "hash": "gl4FVh6JGTGP0Ts1JPqdLNQ9QruDdYtPoTiebOZGAk2blPBwvQnIbxC2znYba1EKPJESF9GDtcZKetUspQsIAw==",
        "bundleName": "C6c4bc33b7c7f4c018bf3d77768257aaa_cloudDeploymentStage_Customfield12305",
        "entitiesBundle": {
          "Types": {
            "cloudDeploymentStage_Customfield12305": {
              "name": "cloudDeploymentStage_Customfield12305",
              "properties": [
                {
                  "name": "value",
                  "type": {
                    "ClrType": "System.String, System.Private.CoreLib"
                  }
                }
              ],
              "baseType": {}
            }
          },
          "version": 1
        }
      },
      "entityAssemblyKey": {
        "name": "UiPath.Jira.IntegrationService.Activities.SWEntities.C6c4bc33b7c7f4c018bf3d77768257aaa_cloudDeploymentStage_Customfield12305",
        "hash": "Z2w0RlZoNkpHVEdQMFRzMUpQcWRMTlE5UXJ1RGRZdFBvVGllYk9aR0FrMmJsUEJ3dlFuSWJ4QzJ6blliYTFFS1BKRVNGOUdEdGNaS2V0VXNwUXNJQXc9PQ",
        "assemblyName": "C6c4bc33b7c7f4c018bf.Eb0ap1WCvyP1RE9Sa3OViWC"
      }
    },
    {
      "providerName": "CustomEntities",
      "bundleOptions": {
        "hash": "P9s+eGDLM3YwWD09Ag3ogjEMoCF+R7PwiZgGOXQRuhRYd5hGreamHyGFPqhdJkaQP9jyKgkzsuJloOw6IjnAsQ==",
        "bundleName": "C6c4bc33b7c7f4c018bf3d77768257aaa_sprint_Customfield10006",
        "entitiesBundle": {
          "Types": {
            "sprint_Customfield10006": {
              "name": "sprint_Customfield10006",
              "properties": [
                {
                  "name": "id",
                  "type": {
                    "ClrType": "System.Nullable`1[[System.Int32, System.Private.CoreLib]], System.Private.CoreLib"
                  }
                }
              ],
              "baseType": {}
            }
          },
          "version": 1
        }
      },
      "entityAssemblyKey": {
        "name": "UiPath.Jira.IntegrationService.Activities.SWEntities.C6c4bc33b7c7f4c018bf3d77768257aaa_sprint_Customfield10006",
        "hash": "UDlzK2VHRExNM1l3V0QwOUFnM29nakVNb0NGK1I3UHdpWmdHT1hRUnVoUllkNWhHcmVhbUh5R0ZQcWhkSmthUVA5anlLZ2t6c3VKbG9PdzZJam5Bc1E9PQ",
        "assemblyName": "C6c4bc33b7c7f4c018bf.LV2fW4Q4s1B1JrZ5T3qH4Ge1"
      }
    },
    {
      "providerName": "CustomEntities",
      "bundleOptions": {
        "hash": "YZx/0KAiC6FsJbxGFDnlF2lqYJI7q3fw0tdbGwKTKKO83yqCTF+7MKwHQrIMFDDcg1A6DvN/Vl96AUDjfrKSGA==",
        "bundleName": "C6c4bc33b7c7f4c018bf3d77768257aaa_techWriter_Customfield11437",
        "entitiesBundle": {
          "Types": {
            "techWriter_Customfield11437": {
              "name": "techWriter_Customfield11437",
              "properties": [
                {
                  "name": "emailAddress",
                  "type": {
                    "ClrType": "System.String, System.Private.CoreLib"
                  }
                }
              ],
              "baseType": {}
            }
          },
          "version": 1
        }
      },
      "entityAssemblyKey": {
        "name": "UiPath.Jira.IntegrationService.Activities.SWEntities.C6c4bc33b7c7f4c018bf3d77768257aaa_techWriter_Customfield11437",
        "hash": "WVp4LzBLQWlDNkZzSmJ4R0ZEbmxGMmxxWUpJN3EzZncwdGRiR3dLVEtLTzgzeXFDVEYrN01Ld0hRcklNRkREY2cxQTZEdk4vVmw5NkFVRGpmcktTR0E9PQ",
        "assemblyName": "C6c4bc33b7c7f4c018bf.Rhsa544pQ8B1TmFBr24GwGc3"
      }
    },
    {
      "providerName": "CustomEntities",
      "bundleOptions": {
        "hash": "nY0jriOk9Qq9Y5eLJ0KGnYrGw+0O9rbAlrqmaKSC5RrNoYW7iYG/VK8XP4HlvzhGvI/EAhGoagaCRonj1/92PA==",
        "bundleName": "C6c4bc33b7c7f4c018bf3d77768257aaa_epicStatus_Customfield10009",
        "entitiesBundle": {
          "Types": {
            "epicStatus_Customfield10009": {
              "name": "epicStatus_Customfield10009",
              "properties": [
                {
                  "name": "value",
                  "type": {
                    "ClrType": "System.String, System.Private.CoreLib"
                  }
                }
              ],
              "baseType": {}
            }
          },
          "version": 1
        }
      },
      "entityAssemblyKey": {
        "name": "UiPath.Jira.IntegrationService.Activities.SWEntities.C6c4bc33b7c7f4c018bf3d77768257aaa_epicStatus_Customfield10009",
        "hash": "blkwanJpT2s5UXE5WTVlTEowS0duWXJHdyswTzlyYkFscnFtYUtTQzVSck5vWVc3aVlHL1ZLOFhQNEhsdnpoR3ZJL0VBaEdvYWdhQ1JvbmoxLzkyUEE9PQ",
        "assemblyName": "C6c4bc33b7c7f4c018bf.jnxbmieQ5D1Ex8RlmEg3A1"
      }
    },
    {
      "providerName": "CustomEntities",
      "bundleOptions": {
        "hash": "jVTA44eZrjZJ4RCkTMZegssWLIBpQHa6tIM+zNe48j/CFbSvmy5NCK5op1rkLToOwGQ8evlPWJtp1q3eVzq8pQ==",
        "bundleName": "C6c4bc33b7c7f4c018bf3d77768257aaa_environment_Customfield11819",
        "entitiesBundle": {
          "Types": {
            "environment_Customfield11819": {
              "name": "environment_Customfield11819",
              "properties": [
                {
                  "name": "value",
                  "type": {
                    "ClrType": "System.String, System.Private.CoreLib"
                  }
                }
              ],
              "baseType": {}
            }
          },
          "version": 1
        }
      },
      "entityAssemblyKey": {
        "name": "UiPath.Jira.IntegrationService.Activities.SWEntities.C6c4bc33b7c7f4c018bf3d77768257aaa_environment_Customfield11819",
        "hash": "alZUQTQ0ZVpyalpKNFJDa1RNWmVnc3NXTElCcFFIYTZ0SU0rek5lNDhqL0NGYlN2bXk1TkNLNW9wMXJrTFRvT3dHUThldmxQV0p0cDFxM2VWenE4cFE9PQ",
        "assemblyName": "C6c4bc33b7c7f4c018bf.Ltu4b2dwDLL1YGcYO4t0ThL4"
      }
    },
    {
      "providerName": "CustomEntities",
      "bundleOptions": {
        "hash": "72mnD/ByE2pjgVBQ3NFTMqUOBZ5Cyo1VB01bWSGZP4qxgMgvyY6eYNqrFBzsqKf79CDOIx+EFpiEAFFPWQIP0Q==",
        "bundleName": "C6c4bc33b7c7f4c018bf3d77768257aaa_visibleToGroup_Customfield12761",
        "entitiesBundle": {
          "Types": {
            "visibleToGroup_Customfield12761": {
              "name": "visibleToGroup_Customfield12761",
              "properties": [
                {
                  "name": "name",
                  "type": {
                    "ClrType": "System.String, System.Private.CoreLib"
                  }
                }
              ],
              "baseType": {}
            }
          },
          "version": 1
        }
      },
      "entityAssemblyKey": {
        "name": "UiPath.Jira.IntegrationService.Activities.SWEntities.C6c4bc33b7c7f4c018bf3d77768257aaa_visibleToGroup_Customfield12761",
        "hash": "NzJtbkQvQnlFMnBqZ1ZCUTNORlRNcVVPQlo1Q3lvMVZCMDFiV1NHWlA0cXhnTWd2eVk2ZVlOcXJGQnpzcUtmNzlDRE9JeCtFRnBpRUFGRlBXUUlQMFE9PQ",
        "assemblyName": "C6c4bc33b7c7f4c018bf.pLy3nhlUKN1rmiD034o6v71"
      }
    },
    {
      "providerName": "CustomEntities",
      "bundleOptions": {
        "hash": "10+62Fj4MzMQQ3rzuo/MNtRXPPf7Wb4qctnWfyYlejj+bZLV8lqapYJvFCjp9IhUvNAvIBliBq31M0AUpNf4pQ==",
        "bundleName": "C6c4bc33b7c7f4c018bf3d77768257aaa_qaEngineer_Customfield11550",
        "entitiesBundle": {
          "Types": {
            "qaEngineer_Customfield11550": {
              "name": "qaEngineer_Customfield11550",
              "properties": [
                {
                  "name": "emailAddress",
                  "type": {
                    "ClrType": "System.String, System.Private.CoreLib"
                  }
                }
              ],
              "baseType": {}
            }
          },
          "version": 1
        }
      },
      "entityAssemblyKey": {
        "name": "UiPath.Jira.IntegrationService.Activities.SWEntities.C6c4bc33b7c7f4c018bf3d77768257aaa_qaEngineer_Customfield11550",
        "hash": "MTArNjJGajRNek1RUTNyenVvL01OdFJYUFBmN1diNHFjdG5XZnlZbGVqaitiWkxWOGxxYXBZSnZGQ2pwOUloVXZOQXZJQmxpQnEzMU0wQVVwTmY0cFE9PQ",
        "assemblyName": "C6c4bc33b7c7f4c018bf.39T0k2I81hK1bWJtc2EPJTm"
      }
    },
    {
      "providerName": "CustomEntities",
      "bundleOptions": {
        "hash": "T/gjP2i8Oq8oIilRPrkimkbfUxsimMsmBHu70gUq2Ma+lG5cawaAnjwGORUCmTk9hBcPCTeAQfR3SdhmeDrNfA==",
        "bundleName": "C6c4bc33b7c7f4c018bf3d77768257aaa_severity_Customfield10300",
        "entitiesBundle": {
          "Types": {
            "severity_Customfield10300": {
              "name": "severity_Customfield10300",
              "properties": [
                {
                  "name": "value",
                  "type": {
                    "ClrType": "System.String, System.Private.CoreLib"
                  }
                }
              ],
              "baseType": {}
            }
          },
          "version": 1
        }
      },
      "entityAssemblyKey": {
        "name": "UiPath.Jira.IntegrationService.Activities.SWEntities.C6c4bc33b7c7f4c018bf3d77768257aaa_severity_Customfield10300",
        "hash": "VC9nalAyaThPcThvSWlsUlBya2lta2JmVXhzaW1Nc21CSHU3MGdVcTJNYStsRzVjYXdhQW5qd0dPUlVDbVRrOWhCY1BDVGVBUWZSM1NkaG1lRHJOZkE9PQ",
        "assemblyName": "C6c4bc33b7c7f4c018bf.UsKOvnimhJ1AyRvU3vq9nH2"
      }
    },
    {
      "providerName": "CustomEntities",
      "bundleOptions": {
        "hash": "6th+BPzsJ4iTybwkNYeE7pulT4OLdCRtXNUWdhj+5HL+0fmbR1/vBpZ6YpU9cTu/rRX3zJom6rP003s+QLjp1A==",
        "bundleName": "C6c4bc33b7c7f4c018bf3d77768257aaa_category_Customfield13117",
        "entitiesBundle": {
          "Types": {
            "category_Customfield13117": {
              "name": "category_Customfield13117",
              "properties": [
                {
                  "name": "value",
                  "type": {
                    "ClrType": "System.String, System.Private.CoreLib"
                  }
                }
              ],
              "baseType": {}
            }
          },
          "version": 1
        }
      },
      "entityAssemblyKey": {
        "name": "UiPath.Jira.IntegrationService.Activities.SWEntities.C6c4bc33b7c7f4c018bf3d77768257aaa_category_Customfield13117",
        "hash": "NnRoK0JQenNKNGlUeWJ3a05ZZUU3cHVsVDRPTGRDUnRYTlVXZGhqKzVITCswZm1iUjEvdkJwWjZZcFU5Y1R1L3JSWDN6Sm9tNnJQMDAzcytRTGpwMUE9PQ",
        "assemblyName": "C6c4bc33b7c7f4c018bf.WodMqvMkKJ1xOzk83yGsNo3"
      }
    },
    {
      "providerName": "CustomEntities",
      "bundleOptions": {
        "hash": "5jVMIxO1Kg2bSWvgsAuCPVNS/H6jdg9021RgOSKrHM5aEujm6TvPd4F3ugEd30Wziw6Ux2QwYNCTm+W/2Xo0AQ==",
        "bundleName": "C6c4bc33b7c7f4c018bf3d77768257aaa_accessibilityComplianceLevel_Customfield12515",
        "entitiesBundle": {
          "Types": {
            "accessibilityComplianceLevel_Customfield12515": {
              "name": "accessibilityComplianceLevel_Customfield12515",
              "properties": [
                {
                  "name": "value",
                  "type": {
                    "ClrType": "System.String, System.Private.CoreLib"
                  }
                }
              ],
              "baseType": {}
            }
          },
          "version": 1
        }
      },
      "entityAssemblyKey": {
        "name": "UiPath.Jira.IntegrationService.Activities.SWEntities.C6c4bc33b7c7f4c018bf3d77768257aaa_accessibilityComplianceLevel_Customfield12515",
        "hash": "NWpWTUl4TzFLZzJiU1d2Z3NBdUNQVk5TL0g2amRnOTAyMVJnT1NLckhNNWFFdWptNlR2UGQ0RjN1Z0VkMzBXeml3NlV4MlF3WU5DVG0rVy8yWG8wQVE9PQ",
        "assemblyName": "C6c4bc33b7c7f4c018bf.eMwsc2nmDpR1HfTDY4jMONc1"
      }
    },
    {
      "providerName": "CustomEntities",
      "bundleOptions": {
        "hash": "fVDtEOQBEDQX3XLbbbVizLfnBgFOP8fsXLtMwphYV/ULP01yUMznE4VlPSNiVSUFAx2Ua4o9T0lzcqmyoderiQ==",
        "bundleName": "C6c4bc33b7c7f4c018bf3d77768257aaa_curated_issue_STUD_295",
        "entitiesBundle": {
          "Types": {
            "curated_issue_STUD_295": {
              "name": "curated_issue_STUD_295",
              "properties": [
                {
                  "name": "startDate_Customfield11462",
                  "type": {
                    "ClrType": "System.String, System.Private.CoreLib"
                  }
                },
                {
                  "name": "packageVersion_Customfield11467",
                  "type": {
                    "ClrType": "System.String[], System.Private.CoreLib"
                  }
                },
                {
                  "name": "specPb_Customfield12623",
                  "type": {
                    "ClrType": "System.String, System.Private.CoreLib"
                  }
                },
                {
                  "name": "epicLink_Customfield10007",
                  "type": {
                    "ClrType": "System.String, System.Private.CoreLib"
                  }
                },
                {
                  "name": "productboardUrl_Customfield12747",
                  "type": {
                    "ClrType": "System.String, System.Private.CoreLib"
                  }
                },
                {
                  "name": "epicName_Customfield10008",
                  "type": {
                    "ClrType": "System.String, System.Private.CoreLib"
                  }
                },
                {
                  "name": "customer_Customfield11690",
                  "type": {
                    "ClrType": "System.String[], System.Private.CoreLib"
                  }
                },
                {
                  "name": "externalIssueId_Customfield14168",
                  "type": {
                    "ClrType": "System.String, System.Private.CoreLib"
                  }
                },
                {
                  "name": "team_Customfield11894",
                  "type": {
                    "ClrType": "System.String[], System.Private.CoreLib"
                  }
                },
                {
                  "name": "environmentDetails_Customfield11434",
                  "type": {
                    "ClrType": "System.String, System.Private.CoreLib"
                  }
                },
                {
                  "name": "bugDescription_Customfield12721",
                  "type": {
                    "ClrType": "System.String, System.Private.CoreLib"
                  }
                },
                {
                  "name": "designUrlPb_Customfield12622",
                  "type": {
                    "ClrType": "System.String, System.Private.CoreLib"
                  }
                },
                {
                  "name": "stepsToReproduce_Customfield11433",
                  "type": {
                    "ClrType": "System.String, System.Private.CoreLib"
                  }
                },
                {
                  "name": "storyPoints_Customfield10004",
                  "type": {
                    "ClrType": "System.Nullable`1[[System.Double, System.Private.CoreLib]], System.Private.CoreLib"
                  }
                },
                {
                  "name": "salesforceCaseStatus_Customfield14171",
                  "type": {
                    "ClrType": "UiPath.Jira.IntegrationService.Activities.SWEntities.C6c4bc33b7c7f4c018bf3d77768257aaa_salesforceCaseStatus_Customfield14171.Bundle.salesforceCaseStatus_Customfield14171, C6c4bc33b7c7f4c018bf.wNdoBJErJJ1Hq0GehXiZT3"
                  }
                },
                {
                  "name": "releaseVehicle_Customfield14157",
                  "type": {
                    "ClrType": "UiPath.Jira.IntegrationService.Activities.SWEntities.C6c4bc33b7c7f4c018bf3d77768257aaa_releaseVehicle_Customfield14157.Bundle.releaseVehicle_Customfield14157, C6c4bc33b7c7f4c018bf.zKiHkjeaQP1Q5MLRvnfgH4"
                  }
                },
                {
                  "name": "docStatus_Customfield11442",
                  "type": {
                    "ClrType": "UiPath.Jira.IntegrationService.Activities.SWEntities.C6c4bc33b7c7f4c018bf3d77768257aaa_docStatus_Customfield11442.Bundle.docStatus_Customfield11442, C6c4bc33b7c7f4c018bf.tJx9d3rsuyI1cogqb1vbzH1"
                  }
                },
                {
                  "name": "designer_Customfield12533",
                  "type": {
                    "ClrType": "UiPath.Jira.IntegrationService.Activities.SWEntities.C6c4bc33b7c7f4c018bf3d77768257aaa_designer_Customfield12533.Bundle.designer_Customfield12533, C6c4bc33b7c7f4c018bf.VDZfJbt2MQ1SN7Ky3G5o5j"
                  }
                },
                {
                  "name": "cloudDeploymentStage_Customfield12305",
                  "type": {
                    "ClrType": "UiPath.Jira.IntegrationService.Activities.SWEntities.C6c4bc33b7c7f4c018bf3d77768257aaa_cloudDeploymentStage_Customfield12305.Bundle.cloudDeploymentStage_Customfield12305, C6c4bc33b7c7f4c018bf.Eb0ap1WCvyP1RE9Sa3OViWC"
                  }
                },
                {
                  "name": "sprint_Customfield10006",
                  "type": {
                    "ClrType": "UiPath.Jira.IntegrationService.Activities.SWEntities.C6c4bc33b7c7f4c018bf3d77768257aaa_sprint_Customfield10006.Bundle.sprint_Customfield10006[], C6c4bc33b7c7f4c018bf.LV2fW4Q4s1B1JrZ5T3qH4Ge1"
                  }
                },
                {
                  "name": "techWriter_Customfield11437",
                  "type": {
                    "ClrType": "UiPath.Jira.IntegrationService.Activities.SWEntities.C6c4bc33b7c7f4c018bf3d77768257aaa_techWriter_Customfield11437.Bundle.techWriter_Customfield11437, C6c4bc33b7c7f4c018bf.Rhsa544pQ8B1TmFBr24GwGc3"
                  }
                },
                {
                  "name": "epicStatus_Customfield10009",
                  "type": {
                    "ClrType": "UiPath.Jira.IntegrationService.Activities.SWEntities.C6c4bc33b7c7f4c018bf3d77768257aaa_epicStatus_Customfield10009.Bundle.epicStatus_Customfield10009, C6c4bc33b7c7f4c018bf.jnxbmieQ5D1Ex8RlmEg3A1"
                  }
                },
                {
                  "name": "environment_Customfield11819",
                  "type": {
                    "ClrType": "UiPath.Jira.IntegrationService.Activities.SWEntities.C6c4bc33b7c7f4c018bf3d77768257aaa_environment_Customfield11819.Bundle.environment_Customfield11819[], C6c4bc33b7c7f4c018bf.Ltu4b2dwDLL1YGcYO4t0ThL4"
                  }
                },
                {
                  "name": "visibleToGroup_Customfield12761",
                  "type": {
                    "ClrType": "UiPath.Jira.IntegrationService.Activities.SWEntities.C6c4bc33b7c7f4c018bf3d77768257aaa_visibleToGroup_Customfield12761.Bundle.visibleToGroup_Customfield12761, C6c4bc33b7c7f4c018bf.pLy3nhlUKN1rmiD034o6v71"
                  }
                },
                {
                  "name": "qaEngineer_Customfield11550",
                  "type": {
                    "ClrType": "UiPath.Jira.IntegrationService.Activities.SWEntities.C6c4bc33b7c7f4c018bf3d77768257aaa_qaEngineer_Customfield11550.Bundle.qaEngineer_Customfield11550, C6c4bc33b7c7f4c018bf.39T0k2I81hK1bWJtc2EPJTm"
                  }
                },
                {
                  "name": "severity_Customfield10300",
                  "type": {
                    "ClrType": "UiPath.Jira.IntegrationService.Activities.SWEntities.C6c4bc33b7c7f4c018bf3d77768257aaa_severity_Customfield10300.Bundle.severity_Customfield10300, C6c4bc33b7c7f4c018bf.UsKOvnimhJ1AyRvU3vq9nH2"
                  }
                },
                {
                  "name": "category_Customfield13117",
                  "type": {
                    "ClrType": "UiPath.Jira.IntegrationService.Activities.SWEntities.C6c4bc33b7c7f4c018bf3d77768257aaa_category_Customfield13117.Bundle.category_Customfield13117, C6c4bc33b7c7f4c018bf.WodMqvMkKJ1xOzk83yGsNo3"
                  }
                },
                {
                  "name": "accessibilityComplianceLevel_Customfield12515",
                  "type": {
                    "ClrType": "UiPath.Jira.IntegrationService.Activities.SWEntities.C6c4bc33b7c7f4c018bf3d77768257aaa_accessibilityComplianceLevel_Customfield12515.Bundle.accessibilityComplianceLevel_Customfield12515, C6c4bc33b7c7f4c018bf.eMwsc2nmDpR1HfTDY4jMONc1"
                  }
                }
              ],
              "baseType": {
                "ClrType": "UiPath.Jira.IntegrationService.Client.Curated_issue, UiPath.Jira.IntegrationService"
              }
            }
          },
          "version": 1
        }
      },
      "entityAssemblyKey": {
        "name": "UiPath.Jira.IntegrationService.Activities.SWEntities.C6c4bc33b7c7f4c018bf3d77768257aaa_curated_issue_STUD_295",
        "hash": "ZlZEdEVPUUJFRFFYM1hMYmJiVml6TGZuQmdGT1A4ZnNYTHRNd3BoWVYvVUxQMDF5VU16bkU0VmxQU05pVlNVRkF4MlVhNG85VDBsemNxbXlvZGVyaVE9PQ",
        "assemblyName": "C6c4bc33b7c7f4c018bf.xhWmi1DGfTL1vhK7q3jb1Nx2"
      }
    }
  ]
}