{
  "assemblyStates": {
    "DeserializeJsonJObje.NMAOm2HZ1cR12Kret1Ygku74": {
      "namespace": "UiPath.Web.Activities.ViewModels.SWEntities.DeserializeJsonJObject_36ba6e.Bundle",
      "providerName": "CustomEntities",
      "key": {
        "name": "UiPath.Web.Activities.ViewModels.SWEntities.DeserializeJsonJObject_36ba6e",
        "hash": "LTk3MzM3OTQ0",
        "assemblyName": "DeserializeJsonJObje.NMAOm2HZ1cR12Kret1Ygku74"
      }
    },
    "DeserializeJSON_f077.rfe1X28g6ZH154U99kbIMY1": {
      "namespace": "UiPath.Web.Activities.ViewModels.SWEntities.DeserializeJSON_f07783.Bundle",
      "providerName": "CustomEntities",
      "key": {
        "name": "UiPath.Web.Activities.ViewModels.SWEntities.DeserializeJSON_f07783",
        "hash": "MTA2MzMxMDE2Ng",
        "assemblyName": "DeserializeJSON_f077.rfe1X28g6ZH154U99kbIMY1"
      }
    },
    "DeserializeJSON_e2f6.FWJFNGjF3L175zXg17R8U44": {
      "namespace": "UiPath.Web.Activities.ViewModels.SWEntities.DeserializeJSON_e2f642.Bundle",
      "providerName": "CustomEntities",
      "key": {
        "name": "UiPath.Web.Activities.ViewModels.SWEntities.DeserializeJSON_e2f642",
        "hash": "LTM0MzI0NDYwMQ",
        "assemblyName": "DeserializeJSON_e2f6.FWJFNGjF3L175zXg17R8U44"
      }
    }
  }
}