{
  "DisplayName": "GMail",
  "Tooltip": null,
  "HelpLink": null,
  "Color": null,
  "OriginalIconFileName": null,
  "Arguments": [
    {
      "Name": "GetFileFolderConnections_1_Connection0",
      "DisplayName": "Connection",
      "Category": null,
      "Tooltip": "Get File/Folder",
      "Placeholder": null,
      "Widget": "Connection",
      "IsRequired": true,
      "IsPrincipal": true,
      "ArgumentType": 1,
      "DataSourceItems": null
    },
    {
      "Name": "GetFileFolderConnections_1_Connection0_Property0_Metadata",
      "DisplayName": "File or folder",
      "Category": null,
      "Tooltip": "Get File/Folder",
      "Placeholder": null,
      "Widget": "TextComposer",
      "IsRequired": true,
      "IsPrincipal": false,
      "ArgumentType": 2,
      "DataSourceItems": null
    }
  ]
}