{
  "DisplayName": "Slack activity",
  "Tooltip": null,
  "HelpLink": null,
  "Color": null,
  "OriginalIconFileName": null,
  "Arguments": [
    {
      "Name": "ListAllChannels_1_Connection0",
      "DisplayName": "uipath-salesforce-slack",
      "Category": null,
      "Tooltip": "List All Channels",
      "Placeholder": null,
      "Widget": "Connection",
      "IsRequired": true,
      "IsPrincipal": false,
      "ArgumentType": 1,
      "DataSourceItems": null
    }
  ]
}