{
  "Workflows": [
    {
      "Path": null,
      "SortBy": 0,
      "VariablesSectionElementsOrder": [],
      "ArgumentsSectionElementsOrder": null,
      "ConstantsSectionElementsOrder": null,
      "AddedNamespaces": null
    },
    {
      "Path": "Webservice activity.xaml",
      "SortBy": 0,
      "VariablesSectionElementsOrder": [
        "pet&Sequence_1"
      ],
      "ArgumentsSectionElementsOrder": [
        "out_PetResponse",
        "in_PetName",
        "in_PetId"
      ],
      "ConstantsSectionElementsOrder": null,
      "AddedNamespaces": null
    },
    {
      "Path": "Complex activity.xaml",
      "SortBy": 0,
      "VariablesSectionElementsOrder": [
        "petResponse&Sequence_1",
        "myValue&Sequence_1"
      ],
      "ArgumentsSectionElementsOrder": [
        "in_petName",
        "in_petId"
      ],
      "ConstantsSectionElementsOrder": null,
      "AddedNamespaces": null
    },
    {
      "Path": "Orchestrator interaction.xaml",
      "SortBy": 0,
      "VariablesSectionElementsOrder": [
        "_out_InputDialog_1__Result&Sequence_1"
      ],
      "ArgumentsSectionElementsOrder": [
        "out_GetRobotAsset_1__Value"
      ],
      "ConstantsSectionElementsOrder": null,
      "AddedNamespaces": null
    },
    {
      "Path": "HTTP activity.xaml",
      "SortBy": 0,
      "VariablesSectionElementsOrder": [],
      "ArgumentsSectionElementsOrder": [
        "in_myValue"
      ],
      "ConstantsSectionElementsOrder": null,
      "AddedNamespaces": null
    },
    {
      "Path": "some write lines.xaml",
      "SortBy": 0,
      "VariablesSectionElementsOrder": [],
      "ArgumentsSectionElementsOrder": [],
      "ConstantsSectionElementsOrder": null,
      "AddedNamespaces": null
    }
  ]
}